Bib ID,Tipo,Autor,Año,Título,Revista o editorial,Volumen,Número,Páginas,Ciudad,DOI,URL,ISBN,ISSN,Cobertura geográfica,Temas,Idioma,Estado de verificación,Notas,Cita sugerida
BIB-L-0001,Libro,Anónimo,1871,Civilización de los indios Tules,Imprenta de Medardo Rivas,,,,Bogotá,,,,,,,,No verificado externamente,,Anónimo. (1871). Civilización de los indios Tules. Imprenta de Medardo Rivas.
BIB-L-0002,Libro,"Cuervo, Rufino José",1872,Apuntaciones críticas sobre el lenguaje bogotano,Arnulfo Guarín,,,,Bogotá,,,,,,,,No verificado externamente,,"Cuervo, Rufino José. (1872). Apuntaciones críticas sobre el lenguaje bogotano. Arnulfo Guarín."
BIB-L-0003,Libro,"Carrasquilla, Ricardo",1881,Coplas escogidas.,"Impr. de M. Rivas,",,,,Bogotá,,,,,,,,No verificado externamente,,"Carrasquilla, Ricardo. (1881). Coplas escogidas.. Impr. de M. Rivas,."
BIB-L-0004,Libro,"Sandino, Wenceslao",1881,Historia de las plantas medicinales de Colombia,,,,,Bogotá,,,,,,,,No verificado externamente,,"Sandino, Wenceslao. (1881). Historia de las plantas medicinales de Colombia."
BIB-L-0005,Libro,"Gumilla, José",1882,El Orinoco Ilustrado,Imprenta Salesiana,,,,Barcelona,,,,,,,,No verificado externamente,,"Gumilla, José. (1882). El Orinoco Ilustrado. Imprenta Salesiana."
BIB-L-0006,Libro,"Crevaux, J.",1883,Voyages dans l' Amerique du Sud,Hachette,,,,París,,,,,,,,No verificado externamente,,"Crevaux, J.. (1883). Voyages dans l' Amerique du Sud. Hachette."
BIB-L-0007,Libro,"Vargas, Constancio Franco",1885,"Leyendas históricas : Boves, Morillo, Latorre","Imprenta de Vapor de Zalamea Hermanos,",,,,Bogotá,,,,,,,,No verificado externamente,,"Vargas, Constancio Franco. (1885). Leyendas históricas : Boves, Morillo, Latorre. Imprenta de Vapor de Zalamea Hermanos,."
BIB-L-0008,Libro,C.C.B.,1890,El dorado,"Minerva,",,,,Bogotá,,,,,,,,No verificado externamente,,"C.C.B.. (1890). El dorado. Minerva,."
BIB-L-0009,Libro,"Cordovez Moure, José María",1899,Reminiscencias de Santa Fe y Bogotá,Librería Americana,,,,Bogotá,,,,,,,,No verificado externamente,,"Cordovez Moure, José María. (1899). Reminiscencias de Santa Fe y Bogotá. Librería Americana."
BIB-L-0010,Libro,"Henao, Januario",1905,Cuentos y cantares antioqueños populares,Tipograúa del Comercio,,,,Medellín,,,,,,,,No verificado externamente,,"Henao, Januario. (1905). Cuentos y cantares antioqueños populares. Tipograúa del Comercio."
BIB-L-0011,Libro,"Henao, Januario",1905,Cuentos y cantares populares antioqueños,Tipografía del Comercio,,,,Medellín,,,,,,,,No verificado externamente,,"Henao, Januario. (1905). Cuentos y cantares populares antioqueños. Tipografía del Comercio."
BIB-L-0012,Libro,"Abadía, Herminia. Gómez Jaime de",1907,Leyendas y notas históricas,"Imprenta Nacional,",,,,Bogotá,,,,,,,,No verificado externamente,,"Abadía, Herminia. Gómez Jaime de. (1907). Leyendas y notas históricas. Imprenta Nacional,."
BIB-L-0013,Libro,"Salas, Julio",1908,Tierra firme. Estudios sobre etnología e historia,Paz y Trabajo,,,,Mérida,,,,,,,,No verificado externamente,,"Salas, Julio. (1908). Tierra firme. Estudios sobre etnología e historia. Paz y Trabajo."
BIB-L-0014,Libro,"Koch-Grünberg, Theodor",1910,Zwei Jahre unter der Indianer,Ernst Wasmuth,,,,Berlín,,,,,,,,No verificado externamente,,"Koch-Grünberg, Theodor. (1910). Zwei Jahre unter der Indianer. Ernst Wasmuth."
BIB-L-0015,Libro,"Suárez, Marco Fidel",1910,El castellano en mi tierra,Imprenta Eléctrica,,,,Bogotá,,,,,,,,No verificado externamente,,"Suárez, Marco Fidel. (1910). El castellano en mi tierra. Imprenta Eléctrica."
BIB-L-0016,Libro,"Fabo, Pedro",1912,Idiomas y etnografía de la región oriental de Colombia,José Benet,,,,Barcelona,,,,,,,,No verificado externamente,,"Fabo, Pedro. (1912). Idiomas y etnografía de la región oriental de Colombia. José Benet."
BIB-L-0017,Libro,"Paul, Rivet",1913,"Pamplona. Descriptión, tradiciones y leyendas, historia","Imprenta de la diocesis,",,,,[Pamplona?],,,,,,,,No verificado externamente,,"Paul, Rivet. (1913). Pamplona. Descriptión, tradiciones y leyendas, historia. Imprenta de la diocesis,."
BIB-L-0018,Libro,"Cuervo Márquez, Luis",1915,Geografía médica y patológica de Colombia,Camacho Roldán,,,,Bogotá,,,,,,,,No verificado externamente,,"Cuervo Márquez, Luis. (1915). Geografía médica y patológica de Colombia. Camacho Roldán."
BIB-L-0019,Libro,"Robledo, Emilio",1916,Geografía médica y nosológica del Departamento de Caldas,Imprenta del Departamento,,,,Manizales,,,,,,,,No verificado externamente,,"Robledo, Emilio. (1916). Geografía médica y nosológica del Departamento de Caldas. Imprenta del Departamento."
BIB-L-0020,Libro,"Calle, Manuel J.",1918,Leyendas del tiempo heroico; episodios de la guerra de la independencia américana.,Editorial-América,,,,Madrid,,,,,,,,No verificado externamente,,"Calle, Manuel J.. (1918). Leyendas del tiempo heroico; episodios de la guerra de la independencia américana.. Editorial-América."
BIB-L-0021,Libro,"Ibi, Camilo de",1919,Etnografía de los Motilones,Casa Editorial de Arboleda y Valencia,,,,Bogotá,,,,,,,,No verificado externamente,,"Ibi, Camilo de. (1919). Etnografía de los Motilones. Casa Editorial de Arboleda y Valencia."
BIB-L-0022,Libro,"Lanao, M. E.",1920,"Apuntaciones críticas sobre el idioma castellano. Provincialismos de Rioacha, etc.",Mogollón,,,,Santa Marta,,,,,,,,No verificado externamente,,"Lanao, M. E.. (1920). Apuntaciones críticas sobre el idioma castellano. Provincialismos de Rioacha, etc.. Mogollón."
BIB-L-0023,Libro,"Uribe Piedrahíta, César",1920,Apuntaciones sobre la geografía médica de Urabá. Tesis de grado,Universidad de Antioquia,,,,Medellín,,,,,,,,No verificado externamente,,"Uribe Piedrahíta, César. (1920). Apuntaciones sobre la geografía médica de Urabá. Tesis de grado. Universidad de Antioquia."
BIB-L-0024,Libro,"Coutinho de Oliveira, José",1921,Folclore amazónica. Lendas,Editorial Seao,,,,Pará,,,,,,,,No verificado externamente,,"Coutinho de Oliveira, José. (1921). Folclore amazónica. Lendas. Editorial Seao."
BIB-L-0025,Libro,"Merizalde del Carmen, Bernardo",1921,Estudio de la Costa Colombiana del Pacífico,Imprenta del Estado Mayor General,,,,Bogotá,,,,,,,,No verificado externamente,,"Merizalde del Carmen, Bernardo. (1921). Estudio de la Costa Colombiana del Pacífico. Imprenta del Estado Mayor General."
BIB-L-0026,Libro,"Preuss, Konrad Theodor",1921,Religion und Mythologie der Huitoto,Vandenhoeck y Ruprecht,,,,Gotinga,,,,,,,,No verificado externamente,,"Preuss, Konrad Theodor. (1921). Religion und Mythologie der Huitoto. Vandenhoeck y Ruprecht."
BIB-L-0027,Libro,"Sundheim, Adolfo",1922,Vocabulario costeño o lexicograña de la región septentrional de Colombia,"Librería Cervantes,",,,,París,,,,,,,,No verificado externamente,,"Sundheim, Adolfo. (1922). Vocabulario costeño o lexicograña de la región septentrional de Colombia. Librería Cervantes,."
BIB-L-0028,Libro,"Forero, Manuel José",1924,"Leyendas históricas de Santa Fé y Bogota, primera serie","Editorial de Cromos,",,,,Bogotá,,,,,,,,No verificado externamente,,"Forero, Manuel José. (1924). Leyendas históricas de Santa Fé y Bogota, primera serie. Editorial de Cromos,."
BIB-L-0029,Libro,"Forero, Manuel José",1924,"Leyendas históricas de Santa Fé y Bogota, primera serie","Editorial de Cromos,",,,,Bogotá,,,,,,,,No verificado externamente,,"Forero, Manuel José. (1924). Leyendas históricas de Santa Fé y Bogota, primera serie. Editorial de Cromos,."
BIB-L-0030,Libro,"Hurtado, Guillermo",1924,Los Noanamaes,Editorial ABC,,,,Quibdó,,,,,,,,No verificado externamente,,"Hurtado, Guillermo. (1924). Los Noanamaes. Editorial ABC."
BIB-L-0031,Libro,"Santa Teresa, Severino de",1924,"Creencias, ritos, usos y costumbres de los indios Catíos de la Prefectura Apostólica de Urabá",Imprenta de San Bernardo,,,,Bogotá,,,,,,,,No verificado externamente,,"Santa Teresa, Severino de. (1924). Creencias, ritos, usos y costumbres de los indios Catíos de la Prefectura Apostólica de Urabá. Imprenta de San Bernardo."
BIB-L-0032,Libro,"Belinder, Gustaf",1925,Die indianer der Tropischen Schneegerbige,Forachungen im Noerdlichen Südamerike,,,,Stuttgart,,,,,,,,No verificado externamente,,"Belinder, Gustaf. (1925). Die indianer der Tropischen Schneegerbige. Forachungen im Noerdlichen Südamerike."
BIB-L-0033,Libro,Anónimo,1926,"Historia natural de los fantasmas cuentos misteriosos, leyendas.",Bogotá Ed. Colombia,,,,,,,,,,,,No verificado externamente,,"Anónimo. (1926). Historia natural de los fantasmas cuentos misteriosos, leyendas.. Bogotá Ed. Colombia."
BIB-L-0034,Libro,Anónimo,1926,"Historia natural de los fantasmas cuentos misteriosos, leyendas.","Ed. Colombia,",,,,Bogotá,,,,,,,,No verificado externamente,,"Anónimo. (1926). Historia natural de los fantasmas cuentos misteriosos, leyendas.. Ed. Colombia,."
BIB-L-0035,Libro,"Fabo, Pedro",1926,Historia de la ciudad de Manizales. 2 vols,Editorial Blanco y Negro,,,,Madrid,,,,,,,,No verificado externamente,,"Fabo, Pedro. (1926). Historia de la ciudad de Manizales. 2 vols. Editorial Blanco y Negro."
BIB-L-0036,Libro,"Mason, Alden",1926,Use of tobacco in México and South American,Field Museum of Natural History,,,,Chicago,,,,,,,,No verificado externamente,,"Mason, Alden. (1926). Use of tobacco in México and South American. Field Museum of Natural History."
BIB-L-0037,Libro,"Grubb, K. G.",1927,"The lowland indians of Amazonía. A survey of the location and religious conditions of the indians of Colombia, Venezuela, Guianas, Ecuador, Perú, Brasil and Bolivia",World Dominíon: Press,,,,Londres,,,,,,,,No verificado externamente,,"Grubb, K. G.. (1927). The lowland indians of Amazonía. A survey of the location and religious conditions of the indians of Colombia, Venezuela, Guianas, Ecuador, Perú, Brasil and Bolivia. World Dominíon: Press."
BIB-L-0038,Libro,"Mendía, Uiro",1927,En torno a la poesía popular,Antonio J. Cano,,,,Medellín,,,,,,,,No verificado externamente,,"Mendía, Uiro. (1927). En torno a la poesía popular. Antonio J. Cano."
BIB-L-0039,Libro,"Otero Muñoz, Gustavo",1928,Literatura colonial en Colombia,Imprenta Artística,,,,La Paz,,,,,,,,No verificado externamente,,"Otero Muñoz, Gustavo. (1928). Literatura colonial en Colombia. Imprenta Artística."
BIB-L-0040,Libro,"Pérez Kantule, Rubén",1928,Picture writings and other doccuments. Comparative Ethnological Studies,Etnografiska Museum,,,,Gotemburgo,,,,,,,,No verificado externamente,,"Pérez Kantule, Rubén. (1928). Picture writings and other doccuments. Comparative Ethnological Studies. Etnografiska Museum."
BIB-L-0041,Libro,"Monconil, Gaspar de",1929,"Excursión apostólica por los ríos Putumayo, San Miguel de Sucurnbios, Guayabero, Caquetá y Caguán",Imprenta Nacional,,,,Bogotá,,,,,,,,No verificado externamente,,"Monconil, Gaspar de. (1929). Excursión apostólica por los ríos Putumayo, San Miguel de Sucurnbios, Guayabero, Caquetá y Caguán. Imprenta Nacional."
BIB-L-0042,Libro,"Aragón, Arcesio",1930,Popayán,Imprenta del Departamento,,,,Popayán,,,,,,,,No verificado externamente,,"Aragón, Arcesio. (1930). Popayán. Imprenta del Departamento."
BIB-L-0043,Libro,"Oviedo, Basilio Vicente de",1930,Cualidades y riquezas del Nuevo Reino de Granada,Imprenta Nacional,,,,Bogotá,,,,,,,,No verificado externamente,,"Oviedo, Basilio Vicente de. (1930). Cualidades y riquezas del Nuevo Reino de Granada. Imprenta Nacional."
BIB-L-0044,Libro,"Res trepo, Antonio José",1930,De la tierra colombiana. El cancionero de Antioquia,Editorial Lux,,,,Barcelona,,,,,,,,No verificado externamente,,"Res trepo, Antonio José. (1930). De la tierra colombiana. El cancionero de Antioquia. Editorial Lux."
BIB-L-0045,Libro,"Restrepo, Antonio José",1930,El cancionero Antioqueño,Editorial Lux,,,,Barcelona,,,,,,,,No verificado externamente,,"Restrepo, Antonio José. (1930). El cancionero Antioqueño. Editorial Lux."
BIB-L-0046,Libro,"Ardish, J.",1932,Spanish american literature,"Holt, Rinehart & Winston",,,,New York,,,,,,,,No verificado externamente,,"Ardish, J.. (1932). Spanish american literature. Holt, Rinehart & Winston."
BIB-L-0047,Libro,"Otero D'Costa, Enrique",1932,Montañas de Santander,Imprenta del Departamento,,,,Bucaramanga,,,,,,,,No verificado externamente,,"Otero D'Costa, Enrique. (1932). Montañas de Santander. Imprenta del Departamento."
BIB-L-0048,Libro,"Otero D'Costa, Enrique",1932,Apuntes sobre demosofía colombiana y música nacional,Imprenta del Departamento,,,,Bucaramanga,,,,,,,,No verificado externamente,,"Otero D'Costa, Enrique. (1932). Apuntes sobre demosofía colombiana y música nacional. Imprenta del Departamento."
BIB-L-0049,Libro,"Creuss, Santiago",1933,Vocabulario samario o lexicografía de Santa Marta,Editorial Cromos,,,,Bogotá,,,,,,,,No verificado externamente,,"Creuss, Santiago. (1933). Vocabulario samario o lexicografía de Santa Marta. Editorial Cromos."
BIB-L-0050,Libro,"d'Costa, Enrique Otero",1934,Historietas (leyendas y tradiciones colombianas).,A. Zapata,,,,"Manizales, Colombia",,,,,,,,No verificado externamente,,"d'Costa, Enrique Otero. (1934). Historietas (leyendas y tradiciones colombianas).. A. Zapata."
BIB-L-0051,Libro,"D'Costa, Enrique Otero",1934,Leyendas,,,,,,,,,,,,,No verificado externamente,,"D'Costa, Enrique Otero. (1934). Leyendas."
BIB-L-0052,Libro,"d'Costa, Enrique Otero",1934,Historietas (leyendas y tradiciones colombianas).,Arturo Zapata.,,,,Colombia,,,,,,,,No verificado externamente,,"d'Costa, Enrique Otero. (1934). Historietas (leyendas y tradiciones colombianas).. Arturo Zapata.."
BIB-L-0053,Libro,"Robledo, Emilio",1934,"Paletas lexicograficas sobre provincialismos. (Locuciones, proverbios, adagios, refranes, modismos y frases proverbiales) de Antioquía y Caldas.","Imp. Oficial,",,,,Medellín,,,,,,,,No verificado externamente,,"Robledo, Emilio. (1934). Paletas lexicograficas sobre provincialismos. (Locuciones, proverbios, adagios, refranes, modismos y frases proverbiales) de Antioquía y Caldas.. Imp. Oficial,."
BIB-L-0054,Libro,"Tascón, Leonardo",1934,Quechuismos usados en Colombia,Editorial Santafé,,,,Bogotá,,,,,,,,No verificado externamente,,"Tascón, Leonardo. (1934). Quechuismos usados en Colombia. Editorial Santafé."
BIB-L-0055,Libro,"Arical, Juan F.",1935,Provincialismos de América del Sur septentrional,Editorial Patriótica,,,,Barquisimeto,,,,,,,,No verificado externamente,,"Arical, Juan F.. (1935). Provincialismos de América del Sur septentrional. Editorial Patriótica."
BIB-L-0056,Libro,"Assistant, Editorial",1935,The Journal of Latin American and Caribbean Anthropology,University of California Press for the American Anthropological Association,,,,,,,,,,,,No verificado externamente,,"Assistant, Editorial. (1935). The Journal of Latin American and Caribbean Anthropology. University of California Press for the American Anthropological Association."
BIB-L-0057,Libro,"Babb, Florence",1935,The Journal of Latin American and Caribbean Anthropology,University of California Press for the American Anthropological Association,,,,,,,,,,,,No verificado externamente,,"Babb, Florence. (1935). The Journal of Latin American and Caribbean Anthropology. University of California Press for the American Anthropological Association."
BIB-L-0058,Libro,"Board, Editorial",1935,The Journal of Latin American and Caribbean Anthropology,University of California Press for the American Anthropological Association,,,,,,,,,,,,No verificado externamente,,"Board, Editorial. (1935). The Journal of Latin American and Caribbean Anthropology. University of California Press for the American Anthropological Association."
BIB-L-0059,Libro,"Collins, John",1935,The Journal of Latin American and Caribbean Anthropology,University of California Press for the American Anthropological Association,,,,,,,,,,,,No verificado externamente,,"Collins, John. (1935). The Journal of Latin American and Caribbean Anthropology. University of California Press for the American Anthropological Association."
BIB-L-0060,Libro,"Diaz, Ayora",1935,The Journal of Latin American and Caribbean Anthropology,University of California Press for the American Anthropological Association,,,,,,,,,,,,No verificado externamente,,"Diaz, Ayora. (1935). The Journal of Latin American and Caribbean Anthropology. University of California Press for the American Anthropological Association."
BIB-L-0061,Libro,"Editor, Book Review",1935,The Journal of Latin American and Caribbean Anthropology,University of California Press for the American Anthropological Association,,,,,,,,,,,,No verificado externamente,,"Editor, Book Review. (1935). The Journal of Latin American and Caribbean Anthropology. University of California Press for the American Anthropological Association."
BIB-L-0062,Libro,"Mansfeld, Colloredo",1935,The Journal of Latin American and Caribbean Anthropology,University of California Press for the American Anthropological Association,,,,,,,,,,,,No verificado externamente,,"Mansfeld, Colloredo. (1935). The Journal of Latin American and Caribbean Anthropology. University of California Press for the American Anthropological Association."
BIB-L-0063,Libro,"Ortiz, Sergio Elías",1935,Las comunidades indígenas de Jamondino y Males,Imprenta del Departamento,,,,Pasto,,,,,,,,No verificado externamente,,"Ortiz, Sergio Elías. (1935). Las comunidades indígenas de Jamondino y Males. Imprenta del Departamento."
BIB-L-0064,Libro,"Tascón, Leonardo",1935,Diccionario de provincialismos y barbarismos del Valle del Cauca,Editorial Santafé,,,,Bogotá,,,,,,,,No verificado externamente,,"Tascón, Leonardo. (1935). Diccionario de provincialismos y barbarismos del Valle del Cauca. Editorial Santafé."
BIB-L-0065,Libro,"Valenzuela, Francisco",1935,The Journal of Latin American and Caribbean Anthropology,University of California Press for the American Anthropological Association,,,,Oakland,,,,,,,,No verificado externamente,,"Valenzuela, Francisco. (1935). The Journal of Latin American and Caribbean Anthropology. University of California Press for the American Anthropological Association."
BIB-L-0066,Libro,"Hernández de Alba, Gregorio",1936,Etnología Guajira,Editorial ABC,,,,Bogotá,,,,,,,,No verificado externamente,,"Hernández de Alba, Gregorio. (1936). Etnología Guajira. Editorial ABC."
BIB-L-0067,Libro,"Moure, Jose Maria Cordovez.",1936,De la vida de Artaño,"Ed. Minerva,",,,,Bogotá,,,,,,,,No verificado externamente,,"Moure, Jose Maria Cordovez.. (1936). De la vida de Artaño. Ed. Minerva,."
BIB-L-0068,Libro,"Otero, José María Quijano",1936,Leyendas,"Minerva,",,,,Bogotá,,,,,,,,No verificado externamente,,"Otero, José María Quijano. (1936). Leyendas. Minerva,."
BIB-L-0069,Libro,"Toledo, Luis Capella",1936,"Leyendas de José María Quijano Otero, Luis Capella Toledo, Camilo S. Delgado y Manuel José Forero.","Editorial Minerva,",,,,Bogotá,,,,,,,,No verificado externamente,,"Toledo, Luis Capella. (1936). Leyendas de José María Quijano Otero, Luis Capella Toledo, Camilo S. Delgado y Manuel José Forero.. Editorial Minerva,."
BIB-L-0070,Libro,Anónimo,1937,Coplas de la región de Vélez,Colección Samper Ortega,,,,Bogotá,,,,,,,,No verificado externamente,,Anónimo. (1937). Coplas de la región de Vélez. Colección Samper Ortega.
BIB-L-0071,Libro,Anónimo,1937,Coplas del cancionero antioqueño,Colección Samper Ortega,,,,Bogotá,,,,,,,,No verificado externamente,,Anónimo. (1937). Coplas del cancionero antioqueño. Colección Samper Ortega.
BIB-L-0072,Libro,"Bahlis, Jorge",1937,Religiones amerindias,Academia de Letras do Rio Grande do Sul,,,,Porto Alegre,,,,,,,,No verificado externamente,,"Bahlis, Jorge. (1937). Religiones amerindias. Academia de Letras do Rio Grande do Sul."
BIB-L-0073,Libro,"Moure, José María Cordovez",1937,De la vida de antaño,"Editorial Minerva,",,,,Bogotá,,,,,,,,No verificado externamente,,"Moure, José María Cordovez. (1937). De la vida de antaño. Editorial Minerva,."
BIB-L-0074,Libro,"Narváez, Enrique de",1937,Los mochuelos,"Editorial Minerva,",,,,Bogotá,,,,,,,,No verificado externamente,,"Narváez, Enrique de. (1937). Los mochuelos. Editorial Minerva,."
BIB-L-0075,Libro,"Pardal, Ramón",1937,Medicina aborigen americana,Nova,,,,Buenos Aires,,,,,,,,No verificado externamente,,"Pardal, Ramón. (1937). Medicina aborigen americana. Nova."
BIB-L-0076,Libro,"Peñuela, Cayo Leonidas",1937,Boyacá,"Minerva,",,,,Bogotá,,,,,,,,No verificado externamente,,"Peñuela, Cayo Leonidas. (1937). Boyacá. Minerva,."
BIB-L-0077,Libro,"Peñuela, Cayo Leónidas",1937,Boyacá,"Editorial Minerva,",,,,Bogotá,,,,,,,,No verificado externamente,,"Peñuela, Cayo Leónidas. (1937). Boyacá. Editorial Minerva,."
BIB-L-0078,Libro,"Pérez Arbeláez, Enrique",1937,"Plantas medicinales y venenosas de Colombia. Estudio botánico, farmacéutico, veterinario y forense",Editorial Cromos,,,,Bogotá,,,,,,,,No verificado externamente,,"Pérez Arbeláez, Enrique. (1937). Plantas medicinales y venenosas de Colombia. Estudio botánico, farmacéutico, veterinario y forense. Editorial Cromos."
BIB-L-0079,Libro,"Quiñones Pardo, Octavio",1937,Cantares de Boyacá,Editorial Antena,,,,Bogotá,,,,,,,,No verificado externamente,,"Quiñones Pardo, Octavio. (1937). Cantares de Boyacá. Editorial Antena."
BIB-L-0080,Libro,"Clark, A. L.",1938,"The feast of Yowarí: Notes on the ""out burial"" feast as practised still among Venezuelan lndians Motilone Aruak of Perijá, Zulia",Empresa Deits,,,,Maracaibo,,,,,,,,No verificado externamente,,"Clark, A. L.. (1938). The feast of Yowarí: Notes on the ""out burial"" feast as practised still among Venezuelan lndians Motilone Aruak of Perijá, Zulia. Empresa Deits."
BIB-L-0081,Libro,"Janasoy, M.",1938,"Apuntes sobre la vida, costumbres y medicamentos de los del Valle de Sibundoy",,,,,Barranquilla,,,,,,,,No verificado externamente,,"Janasoy, M.. (1938). Apuntes sobre la vida, costumbres y medicamentos de los del Valle de Sibundoy."
BIB-L-0082,Libro,"Kells, Elsie",1938,Tales from Amazon,"Dodd, Mead and Co.",,,,Nueva York,,,,,,,,No verificado externamente,,"Kells, Elsie. (1938). Tales from Amazon. Dodd, Mead and Co.."
BIB-L-0083,Libro,"Nordenskiold, Erland",1938,An Historical and ethnological survey of the Cuna lndians,"Ethnological Studies, 10",,,,Gotemburgo,,,,,,,,No verificado externamente,,"Nordenskiold, Erland. (1938). An Historical and ethnological survey of the Cuna lndians. Ethnological Studies, 10."
BIB-L-0084,Libro,"León Rey, José Antonio",1939,Juan Lanas o vida del pueblo,Escuelas Gráficas Salesianas,,,,Bogotá,,,,,,,,No verificado externamente,,"León Rey, José Antonio. (1939). Juan Lanas o vida del pueblo. Escuelas Gráficas Salesianas."
BIB-L-0085,Libro,"León Rey, José Antonio",1939,La mujer en el hogar campesino,Editorial Centro,,,,Bogotá,,,,,,,,No verificado externamente,,"León Rey, José Antonio. (1939). La mujer en el hogar campesino. Editorial Centro."
BIB-L-0086,Libro,"Quiñones, Elvira. Sarmiento de",1939,La leyenda de los Boches : en el IV centenario de Tunja,"Imprenta Departamental,",,,,Tunja,,,,,,,,No verificado externamente,,"Quiñones, Elvira. Sarmiento de. (1939). La leyenda de los Boches : en el IV centenario de Tunja. Imprenta Departamental,."
BIB-L-0087,Libro,"Sarmiento de Quiñones, Elvira",1939,Leyenda de los Boches,Imprenta Departamental,,,,Tunja,,,,,,,,No verificado externamente,,"Sarmiento de Quiñones, Elvira. (1939). Leyenda de los Boches. Imprenta Departamental."
BIB-L-0088,Libro,"Eloy, Rodulfo",1940,Poesía popular del norte de Santander : coplas y ensaladillas,Imprenta del Departamento,,,,Cúcuta,,,,,,,,No verificado externamente,,"Eloy, Rodulfo. (1940). Poesía popular del norte de Santander : coplas y ensaladillas. Imprenta del Departamento."
BIB-L-0089,Libro,"Eloy, Rodulfo",1940,Poesía popular del norte de Santander : coplas y ensaladillas,Impr. del Departamento,,,,Cúcuta,,,,,,,,No verificado externamente,,"Eloy, Rodulfo. (1940). Poesía popular del norte de Santander : coplas y ensaladillas. Impr. del Departamento."
BIB-L-0090,Libro,"Eloy, Rodulfo y Miguel U.",1940,Poesía popular del Norte de Santander,Imprenta Departamental,,,,Cúcuta,,,,,,,,No verificado externamente,,"Eloy, Rodulfo y Miguel U.. (1940). Poesía popular del Norte de Santander. Imprenta Departamental."
BIB-L-0091,Libro,"Igualada, Bartolomé de",1940,Choni: Drama folclórico-histórico de los indígenas del Bajo Caquetá,Tipografía Salesiana,,,,Bogotá,,,,,,,,No verificado externamente,,"Igualada, Bartolomé de. (1940). Choni: Drama folclórico-histórico de los indígenas del Bajo Caquetá. Tipografía Salesiana."
BIB-L-0092,Libro,"Sánchez Montenegro, Víctor",1940,Los comuneros del Sur: Historia y folclor nariñenses,Imprenta del Departamento,,,,Pasto,,,,,,,,No verificado externamente,,"Sánchez Montenegro, Víctor. (1940). Los comuneros del Sur: Historia y folclor nariñenses. Imprenta del Departamento."
BIB-L-0093,Libro,"Arenas Mantilla, Vicente",1941,Estampas de mi tierra,Imprenta del departamento,,,,Bucaramanga,,,,,,,,No verificado externamente,,"Arenas Mantilla, Vicente. (1941). Estampas de mi tierra. Imprenta del departamento."
BIB-L-0094,Libro,"Hernández Mesa, Mauro",1941,Nuestras plantas medicinales,Editorial Arturo Zapata,,,,Manizales,,,,,,,,No verificado externamente,,"Hernández Mesa, Mauro. (1941). Nuestras plantas medicinales. Editorial Arturo Zapata."
BIB-L-0095,Libro,"Hernández Meza, Mauro",1941,Nuestras plantas medicinales,Editorial Arturo Zapata,,,,Manizales,,,,,,,,No verificado externamente,,"Hernández Meza, Mauro. (1941). Nuestras plantas medicinales. Editorial Arturo Zapata."
BIB-L-0096,Libro,"Reyes Archila, Carlos",1941,Diccionario de Mitologías,Imprenta Oficial,,,,Tunja,,,,,,,,No verificado externamente,,"Reyes Archila, Carlos. (1941). Diccionario de Mitologías. Imprenta Oficial."
BIB-L-0097,Libro,"Acuña, Luis Alberto",1942,El arte de los indios colombianos,Tipografía Salesiana,,,,Bogotá,,,,,,,,No verificado externamente,,"Acuña, Luis Alberto. (1942). El arte de los indios colombianos. Tipografía Salesiana."
BIB-L-0098,Libro,"Ancízar, Manuel",1942,Peregrinación de Alpha,Biblioteca Popular de Cultura Colombiana,,,,Bogotá,,,,,,,,No verificado externamente,,"Ancízar, Manuel. (1942). Peregrinación de Alpha. Biblioteca Popular de Cultura Colombiana."
BIB-L-0099,Libro,"antamaría, Francisco J.",1942,Diccionario General de Americanismos,Pedro Robledo,,,,México,,,,,,,,No verificado externamente,,"antamaría, Francisco J.. (1942). Diccionario General de Americanismos. Pedro Robledo."
BIB-L-0100,Libro,"Arias, Juan de Dios",1942,Folclore Santandereano. Tomo I,Imprenta del Departamento,,,,Bucaramanga,,,,,,,,No verificado externamente,,"Arias, Juan de Dios. (1942). Folclore Santandereano. Tomo I. Imprenta del Departamento."
BIB-L-0101,Libro,"Arias, Juan de Dios",1942,Folclore Santandereano. Tomo II,Imprenta del Departamento,,,,Bucaramanga,,,,,,,,No verificado externamente,,"Arias, Juan de Dios. (1942). Folclore Santandereano. Tomo II. Imprenta del Departamento."
BIB-L-0102,Libro,"Bernal, Jose. Umaña",1942,Decimas de luz y yelo.,"Colombia,",,,,Bogotá,,,,,,,,No verificado externamente,,"Bernal, Jose. Umaña. (1942). Decimas de luz y yelo.. Colombia,."
BIB-L-0103,Libro,"Cortázar, Augusto Raúl",1942,Bosquejos de una introducción al folclore,Miguel Violetto,,,,Tucumán,,,,,,,,No verificado externamente,,"Cortázar, Augusto Raúl. (1942). Bosquejos de una introducción al folclore. Miguel Violetto."
BIB-L-0104,Libro,"León Rey, José Antonio",1942,Tierra embrujada,Editorial Centro,,,,Bogotá,,,,,,,,No verificado externamente,,"León Rey, José Antonio. (1942). Tierra embrujada. Editorial Centro."
BIB-L-0105,Libro,"Lima, Emirto de",1942,Folclor colombiano,Editorial Piel Roja,,,,Barranquilla,,,,,,,,No verificado externamente,,"Lima, Emirto de. (1942). Folclor colombiano. Editorial Piel Roja."
BIB-L-0106,Libro,"Revollo, Pedro Ma.",1942,Costeñismos colombianos. Apuntamientos sobre el lenguaje costeño de Colombia,Editorial Mejoras,,,,Barranquilla,,,,,,,,No verificado externamente,,"Revollo, Pedro Ma.. (1942). Costeñismos colombianos. Apuntamientos sobre el lenguaje costeño de Colombia. Editorial Mejoras."
BIB-L-0107,Libro,"Rey, José Antonio León",1942,Tierra embrujada : tradiciones y leyendas,"Centro,",,,,Bogotá,,,,,,,,No verificado externamente,,"Rey, José Antonio León. (1942). Tierra embrujada : tradiciones y leyendas. Centro,."
BIB-L-0108,Libro,Varios,1942,El pueblo antioqueño,Universidad de Antioquia,,,,Medellín,,,,,,,,No verificado externamente,,Varios. (1942). El pueblo antioqueño. Universidad de Antioquia.
BIB-L-0109,Libro,"Arias, Juan de Dios",1943,Folclor santandereano (segunda edición),Ministerio de Educación,,,,Bogotá,,,,,,,,No verificado externamente,,"Arias, Juan de Dios. (1943). Folclor santandereano (segunda edición). Ministerio de Educación."
BIB-L-0110,Libro,"Exbrayat, Jaime",1944,Capuniá (Novela Indígena),Editorial Colombia,,,,Buenos Aires,,,,,,,,No verificado externamente,,"Exbrayat, Jaime. (1944). Capuniá (Novela Indígena). Editorial Colombia."
BIB-L-0111,Libro,"López, Juan B.",1944,Salamina: De su historia y sus costumbres,Biblioteca de escritores caldenses. Vol. 4-5,,,,Manizales,,,,,,,,No verificado externamente,,"López, Juan B.. (1944). Salamina: De su historia y sus costumbres. Biblioteca de escritores caldenses. Vol. 4-5."
BIB-L-0112,Libro,"Buenahora, Gonzalo",1945,Anverso de Barranca,Editorial Santafe,,,,Bogotá,,,,,,,,No verificado externamente,,"Buenahora, Gonzalo. (1945). Anverso de Barranca. Editorial Santafe."
BIB-L-0113,Libro,"Fride, Juan.",1945,Leyendas de Nuestro Sen̄or de Sibun doy y el Santo Carlos Tamabioy.,,,,,Bogotá,,,,,,,,No verificado externamente,,"Fride, Juan.. (1945). Leyendas de Nuestro Sen̄or de Sibun doy y el Santo Carlos Tamabioy.."
BIB-L-0114,Libro,"Ochoa Franco, J. V.",1945,Consideraciones generales sobre costumbres y lenguaje palenqueros,Educación Pública de Bolívar,,,,Cartagena de Indias,,,,,,,,No verificado externamente,,"Ochoa Franco, J. V.. (1945). Consideraciones generales sobre costumbres y lenguaje palenqueros. Educación Pública de Bolívar."
BIB-L-0115,Libro,"Ochoa Franco, J. V.",1945,Consideraciones generales sobre costumbres y lenguaje palenqueros.,Educación Pública de Bolívar,,,,Cartagena de Indias,,,,,,,,No verificado externamente,,"Ochoa Franco, J. V.. (1945). Consideraciones generales sobre costumbres y lenguaje palenqueros.. Educación Pública de Bolívar."
BIB-L-0116,Libro,"Urrea, Jesús María",1945,Supersticiones y maleficios. Estudio y colección de algunos que se practican en Antioquia,Vicariato General de Santa Rosa de Osos,,,,Medellín,,,,,,,,No verificado externamente,,"Urrea, Jesús María. (1945). Supersticiones y maleficios. Estudio y colección de algunos que se practican en Antioquia. Vicariato General de Santa Rosa de Osos."
BIB-L-0117,Libro,"Baranquilla, José Agustín de",1946,Así es la Guajira,Empresa Litográfica de Barranquilla,,,,Barranquilla,,,,,,,,No verificado externamente,,"Baranquilla, José Agustín de. (1946). Así es la Guajira. Empresa Litográfica de Barranquilla."
BIB-L-0118,Libro,"Correa, Ramón.",1946,Crónicas y leyendas.,Impr. Oficial,,,,Manizales [Colombia],,,,,,,,No verificado externamente,,"Correa, Ramón.. (1946). Crónicas y leyendas.. Impr. Oficial."
BIB-L-0119,Libro,"Fajardo, Eustorgio Martínez",1946,Cuentos y leyendas de Cartagena,"Tipografía Esfuerzo,",,,,Cartagena de Indias,,,,,,,,No verificado externamente,,"Fajardo, Eustorgio Martínez. (1946). Cuentos y leyendas de Cartagena. Tipografía Esfuerzo,."
BIB-L-0120,Libro,"L., Efraín. Gómez",1946,García Rovira : tradiciones y leyendas,"Editorial A B C.,",,,,Bogotá,,,,,,,,No verificado externamente,,"L., Efraín. Gómez. (1946). García Rovira : tradiciones y leyendas. Editorial A B C.,."
BIB-L-0121,Libro,"Ladewig, H. C.",1946,Refranero de Boyacá,"Imprenta departamental,",,,,Tunja,,,,,,,,No verificado externamente,,"Ladewig, H. C.. (1946). Refranero de Boyacá. Imprenta departamental,."
BIB-L-0122,Libro,"Ortíz, Sergio Elías y Laurencio",1946,Cantares del Departamento de Nariño,Primera serie. Publicaciones del Instituto Juanambú,,,,Pasto,,,,,,,,No verificado externamente,,"Ortíz, Sergio Elías y Laurencio. (1946). Cantares del Departamento de Nariño. Primera serie. Publicaciones del Instituto Juanambú."
BIB-L-0123,Libro,"Pardo, Octavio Quiñones",1946,Refranero de Boyacá,"Imprenta departamental,",,,,Tunja,,,,,,,,No verificado externamente,,"Pardo, Octavio Quiñones. (1946). Refranero de Boyacá. Imprenta departamental,."
BIB-L-0124,Libro,"Rueda Vargas, Tomás",1946,La sabana de Bogotá,ABC,,,,Bogotá,,,,,,,,No verificado externamente,,"Rueda Vargas, Tomás. (1946). La sabana de Bogotá. ABC."
BIB-L-0125,Libro,"Umaña, Camilo. Pardo",1946,"Haciendas de la Sabana, su historia, sus leyendas y tradiciones.",Editorial Kelly,,,,Bogotá,,,,,,,,No verificado externamente,,"Umaña, Camilo. Pardo. (1946). Haciendas de la Sabana, su historia, sus leyendas y tradiciones.. Editorial Kelly."
BIB-L-0126,Libro,"Acuña, Luis Alberto",1947,Refranero colombiano,Editorial Agra,,,,Bogotá,,,,,,,,No verificado externamente,,"Acuña, Luis Alberto. (1947). Refranero colombiano. Editorial Agra."
BIB-L-0127,Libro,"Alba, M. M.",1947,Hombres y dioses cunas. La creación del mundo cuna,Imprenta Nacional,,,,Panamá,,,,,,,,No verificado externamente,,"Alba, M. M.. (1947). Hombres y dioses cunas. La creación del mundo cuna. Imprenta Nacional."
BIB-L-0128,Libro,"Delgado, Camilo S.",1947,Historias y leyendas de Cartagena,ed. Mogollon,,,,Cartagena de Indias,,,,,,,,No verificado externamente,,"Delgado, Camilo S.. (1947). Historias y leyendas de Cartagena. ed. Mogollon."
BIB-L-0129,Libro,"Gutiérrez, Benigno",1947,De todo el maíz,Imprenta Departamental,,,,Medellín,,,,,,,,No verificado externamente,,"Gutiérrez, Benigno. (1947). De todo el maíz. Imprenta Departamental."
BIB-L-0130,Libro,"Pérez Arbeláez, Enrique",1947,Plantas útiles de Colombia,Contraloría General de la República,,,,Bogotá,,,,,,,,No verificado externamente,,"Pérez Arbeláez, Enrique. (1947). Plantas útiles de Colombia. Contraloría General de la República."
BIB-L-0131,Libro,"Moya, Ismael",1948,Didáctica del folclor,El Ateneo,,,,Buenos Aires,,,,,,,,No verificado externamente,,"Moya, Ismael. (1948). Didáctica del folclor. El Ateneo."
BIB-L-0132,Libro,"Rangel Pava, Gnecco",1948,Aires guamalenses,"Editorial Kelly,",,,,Bogotá,,,,,,,,No verificado externamente,,"Rangel Pava, Gnecco. (1948). Aires guamalenses. Editorial Kelly,."
BIB-L-0133,Libro,"Tello, Arturo Hellmund",1948,Leyendas indígenas del Bajo Orinoco.,,,,,Caracas,,,,,,,,No verificado externamente,,"Tello, Arturo Hellmund. (1948). Leyendas indígenas del Bajo Orinoco.."
BIB-L-0134,Libro,"Toledo, Luis Capella",1948,Leyendas históricas,"Editorial Minerva,",,,,Bogotá,,,,,,,,No verificado externamente,,"Toledo, Luis Capella. (1948). Leyendas históricas. Editorial Minerva,."
BIB-L-0135,Libro,"Acuña, Luis Alberto",1949,"Aspectos folklóricos del departamento de Santander; supersticiones, agüeros y ritual funebre, medicine y farmacopea, coplas, adivinanzas, música, vocabulario campesino.",,,,,s.c,,,,,,,,No verificado externamente,,"Acuña, Luis Alberto. (1949). Aspectos folklóricos del departamento de Santander; supersticiones, agüeros y ritual funebre, medicine y farmacopea, coplas, adivinanzas, música, vocabulario campesino.."
BIB-L-0136,Libro,"Ghisletti, Louis",1949,Contribución a una semasiología nosológica,Instituto Caro y Cuervo,,,,Bogotá,,,,,,,,No verificado externamente,,"Ghisletti, Louis. (1949). Contribución a una semasiología nosológica. Instituto Caro y Cuervo."
BIB-L-0137,Libro,"Giacone, Antonio",1949,"Os Tucanos e outras tribus do Río Uaupés, afluente de Negro Amazonas",Imprenta Oficial do Estado,,,,Sao Paulo,,,,,,,,No verificado externamente,,"Giacone, Antonio. (1949). Os Tucanos e outras tribus do Río Uaupés, afluente de Negro Amazonas. Imprenta Oficial do Estado."
BIB-L-0138,Libro,"Hernández de Alba, Gregorio",1949,"Nuestra gente (""Namuy Misag""). Tierra, costumbres y creencias de los indios Guambianos",Universidad del Cauca,,,,Popayán,,,,,,,,No verificado externamente,,"Hernández de Alba, Gregorio. (1949). Nuestra gente (""Namuy Misag""). Tierra, costumbres y creencias de los indios Guambianos. Universidad del Cauca."
BIB-L-0139,Libro,"Medina, Joaquín",1949,Cantas del Valle de Tenza,Ministerio de Educación Nacional,,,,Bogotá,,,,,,,,No verificado externamente,,"Medina, Joaquín. (1949). Cantas del Valle de Tenza. Ministerio de Educación Nacional."
BIB-L-0140,Libro,"Medina, Joaquín R.",1949,Cantas del Valle de Tenza,"[Prensas del Ministerio de Educación],",,,,Bogotá,,,,,,,,No verificado externamente,,"Medina, Joaquín R.. (1949). Cantas del Valle de Tenza. [Prensas del Ministerio de Educación],."
BIB-L-0141,Libro,"Mendoza, M.",1949,Leyendas Sinuanas,Editorial Sinú,,,,Cereté,,,,,,,,No verificado externamente,,"Mendoza, M.. (1949). Leyendas Sinuanas. Editorial Sinú."
BIB-L-0142,Libro,"Mendoza, Manuel. Mendoza",1949,Leyendas sinuanas,"Editora Sinú,",,,,Cereté,,,,,,,,No verificado externamente,,"Mendoza, Manuel. Mendoza. (1949). Leyendas sinuanas. Editora Sinú,."
BIB-L-0143,Libro,"Wassen, Henry",1949,Contribution to Cuna ethnography,"Etnologiska Studier, 16",,,,Gotemburgo,,,,,,,,No verificado externamente,,"Wassen, Henry. (1949). Contribution to Cuna ethnography. Etnologiska Studier, 16."
BIB-L-0144,Libro,"Bejarano, Jorge",1950,La derrota de un vicio,Editorial Iqueima,,,,Bogotá,,,,,,,,No verificado externamente,,"Bejarano, Jorge. (1950). La derrota de un vicio. Editorial Iqueima."
BIB-L-0145,Libro,"Escobar Uribe, Arturo",1950,Mitos de Antioquia,Editorial Minerva,,,,Bogotá,,,,,,,,No verificado externamente,,"Escobar Uribe, Arturo. (1950). Mitos de Antioquia. Editorial Minerva."
BIB-L-0146,Libro,"Gutiérrez, Benigno",1950,Gente maicera: Mosaico de Antioquia la Grande,Bedout,,,,Medellín,,,,,,,,No verificado externamente,,"Gutiérrez, Benigno. (1950). Gente maicera: Mosaico de Antioquia la Grande. Bedout."
BIB-L-0147,Libro,"Gutiérrez, Benigno",1950,Gente maicera,Bedout,,,,Medellín,,,,,,,,No verificado externamente,,"Gutiérrez, Benigno. (1950). Gente maicera. Bedout."
BIB-L-0148,Libro,"Morote, Efraín",1950,Elementos de folclor,Universidad Nacional del Cuzco,,,,Cuzco,,,,,,,,No verificado externamente,,"Morote, Efraín. (1950). Elementos de folclor. Universidad Nacional del Cuzco."
BIB-L-0149,Libro,"Triana, Miguel",1950,Por el sur de Colombia,Imprenta Nacional,,,,Bogotá,,,,,,,,No verificado externamente,,"Triana, Miguel. (1950). Por el sur de Colombia. Imprenta Nacional."
BIB-L-0150,Libro,"Uribe, Arturo Escobar",1950,Mitos de Antioquia,Editorial Minerva,,,,Bogotá,,,,,,,,No verificado externamente,,"Uribe, Arturo Escobar. (1950). Mitos de Antioquia. Editorial Minerva."
BIB-L-0151,Libro,"Ypiranga, Mario",1950,Folclore amazónico,1a serie,,,,Manaos,,,,,,,,No verificado externamente,,"Ypiranga, Mario. (1950). Folclore amazónico. 1a serie."
BIB-L-0152,Libro,"Chacín, Gustavo",1951,Descripción de un velorio de Cruz de Mayo,"Tipografía Principios,",,,,Caracas,,,,,,,,No verificado externamente,,"Chacín, Gustavo. (1951). Descripción de un velorio de Cruz de Mayo. Tipografía Principios,."
BIB-L-0153,Libro,"Ospina, Francisco",1951,Coplas colombianas,Editorial Minerva,,,,Bogotá,,,,,,,,No verificado externamente,,"Ospina, Francisco. (1951). Coplas colombianas. Editorial Minerva."
BIB-L-0154,Libro,"ReichelDolmatoff, Gerardo",1951,Los Kogi: Una tribu de la Sierra Nevada de Santa Marta,Revista del Instituto Etnológico Nacional y Editorial Kelly,,,,Bogotá,,,,,,,,No verificado externamente,,"ReichelDolmatoff, Gerardo. (1951). Los Kogi: Una tribu de la Sierra Nevada de Santa Marta. Revista del Instituto Etnológico Nacional y Editorial Kelly."
BIB-L-0155,Libro,"Rey, José Antonio León",1951,Espíritu de mi oriente : cancionero popular,"Imp. Nacional,",,,,Bogotá,,,,,,,,No verificado externamente,,"Rey, José Antonio León. (1951). Espíritu de mi oriente : cancionero popular. Imp. Nacional,."
BIB-L-0156,Libro,"Me Cullegh, Joe Th. Tesis",1952,"The spanish of Antioquian Oríent, Colombia",University of California,,,,Berkeley,,,,,,,,No verificado externamente,,"Me Cullegh, Joe Th. Tesis. (1952). The spanish of Antioquian Oríent, Colombia. University of California."
BIB-L-0157,Libro,"Núñez, Lucio Pabón",1952,Muestras folklóricas del Norte de Santander,"Ministerio de Educación Nacional,",,,,Bogotá,,,,,,,,No verificado externamente,,"Núñez, Lucio Pabón. (1952). Muestras folklóricas del Norte de Santander. Ministerio de Educación Nacional,."
BIB-L-0158,Libro,"Otero, Jesús María",1952,Etnología caucana,Editorial de la Universidad del Cauca,,,,Popayán,,,,,,,,No verificado externamente,,"Otero, Jesús María. (1952). Etnología caucana. Editorial de la Universidad del Cauca."
BIB-L-0159,Libro,"Pabón Nuñez, Lucio",1952,Muestras folclóricas del Norte de Santander,Editorial Cosmos,,,,Bogotá,,,,,,,,No verificado externamente,,"Pabón Nuñez, Lucio. (1952). Muestras folclóricas del Norte de Santander. Editorial Cosmos."
BIB-L-0160,Libro,"Pereira, Núñez",1952,"Historias e vocabulario dos indios Huitotos. Instituto de Antropología e Etnología de Pará. Publicacao 3,",Instituto de Antropología e Etnología de Pará,,,,Belém,,,,,,,,No verificado externamente,,"Pereira, Núñez. (1952). Historias e vocabulario dos indios Huitotos. Instituto de Antropología e Etnología de Pará. Publicacao 3,. Instituto de Antropología e Etnología de Pará."
BIB-L-0161,Libro,"Pulgar Vidal, Javier",1952,"El curí, cuy, sucuy, cuye, jaca o conejillo de Indias en Colombia",Ministerio de Agricultura,,,,Bogotá,,,,,,,,No verificado externamente,,"Pulgar Vidal, Javier. (1952). El curí, cuy, sucuy, cuye, jaca o conejillo de Indias en Colombia. Ministerio de Agricultura."
BIB-L-0162,Libro,"Sayres, William",1952,Zarzal: The ethnology of a rural colombian community. Thesis,Harvard University,,,,Cambridge,,,,,,,,No verificado externamente,,"Sayres, William. (1952). Zarzal: The ethnology of a rural colombian community. Thesis. Harvard University."
BIB-L-0163,Libro,"Sendoya, Pedro Jose. Ramirez",1952,Refranero comparado del gran tolima.,"Minerva,",,,,Bogotá,,,,,,,,No verificado externamente,,"Sendoya, Pedro Jose. Ramirez. (1952). Refranero comparado del gran tolima.. Minerva,."
BIB-L-0164,Libro,"Sendoya, Pedro José. Ramírez",1952,"Refranero del Gran Tolima. Estudio sobre mil docientos refranes y mil trecientas frases proverbales del Huila y del Tolima, comparados con los refranes del mondo.","Editorial Minerva,",,,,Bogotá,,,,,,,,No verificado externamente,,"Sendoya, Pedro José. Ramírez. (1952). Refranero del Gran Tolima. Estudio sobre mil docientos refranes y mil trecientas frases proverbales del Huila y del Tolima, comparados con los refranes del mondo.. Editorial Minerva,."
BIB-L-0165,Libro,"Suárez, Marco Fidel",1952,Sueños de Luciano Pulgar,Imprenta del Banco de la República,,,,Bogotá,,,,,,,,No verificado externamente,,"Suárez, Marco Fidel. (1952). Sueños de Luciano Pulgar. Imprenta del Banco de la República."
BIB-L-0166,Libro,"Torres, Sixto M.",1952,Leyendas y realidades de San Bernardo del Viento,"[publisher not identified],",,,,"Cartagena, Colombia",,,,,,,,No verificado externamente,,"Torres, Sixto M.. (1952). Leyendas y realidades de San Bernardo del Viento. [publisher not identified],."
BIB-L-0167,Libro,"Alviano, Fidelis",1953,Noticias etnográficas dos indios Ticunas,Miscelánea Padre Castellví,,,,Sibundoy,,,,,,,,No verificado externamente,,"Alviano, Fidelis. (1953). Noticias etnográficas dos indios Ticunas. Miscelánea Padre Castellví."
BIB-L-0168,Libro,"Arbeláez, Enrique Pérez",1953,La cuna del porro : insinuación folklórica del Departamento del Magdalena en Colombia,"Antares,",,,,Bogotá,,,,,,,,No verificado externamente,,"Arbeláez, Enrique Pérez. (1953). La cuna del porro : insinuación folklórica del Departamento del Magdalena en Colombia. Antares,."
BIB-L-0169,Libro,"Duarte, Carlos",1953,"Aspectos técnicos de la vivienda rural en el municipio del Líbano, Tolima",CINVA,,,,Bogotá,,,,,,,,No verificado externamente,,"Duarte, Carlos. (1953). Aspectos técnicos de la vivienda rural en el municipio del Líbano, Tolima. CINVA."
BIB-L-0170,Libro,"Flórez, Luis",1953,Lengua española,Instituto Caro y Cuervo,,,,Bogotá,,,,,,,,No verificado externamente,,"Flórez, Luis. (1953). Lengua española. Instituto Caro y Cuervo."
BIB-L-0171,Libro,"Hernández de Alba, Gregorio",1953,Aspectos guajiros,PAN 4,,,,Bogotá,,,,,,,,No verificado externamente,,"Hernández de Alba, Gregorio. (1953). Aspectos guajiros. PAN 4."
BIB-L-0172,Libro,"León Rey, José Antonio",1953,Espíritu de mi Oriente,Imprenta Nacional,,,,Bogotá,,,,,,,,No verificado externamente,,"León Rey, José Antonio. (1953). Espíritu de mi Oriente. Imprenta Nacional."
BIB-L-0173,Libro,"Ramóny Rivera, Luis Felipe",1953,"El joropo, baile nacional de Venezuela",Ministerio de Educación Nacional,,,,Caracas,,,,,,,,No verificado externamente,,"Ramóny Rivera, Luis Felipe. (1953). El joropo, baile nacional de Venezuela. Ministerio de Educación Nacional."
BIB-L-0174,Libro,"Tobón, Julio",1953,Colombianismos y otras voces de uso general,Imprenta Nacional,,,,Bogotá,,,,,,,,No verificado externamente,,"Tobón, Julio. (1953). Colombianismos y otras voces de uso general. Imprenta Nacional."
BIB-L-0175,Libro,"Wavrin, Robert",1953,Chez les indiens de la Colombie,Plon,,,,París,,,,,,,,No verificado externamente,,"Wavrin, Robert. (1953). Chez les indiens de la Colombie. Plon."
BIB-L-0176,Libro,"Yepes, Silvio",1953,Introducción a la etnobotánica colombiana,Sociedad colombiana de Etnología,,,,Bogotá,,,,,,,,No verificado externamente,,"Yepes, Silvio. (1953). Introducción a la etnobotánica colombiana. Sociedad colombiana de Etnología."
BIB-L-0177,Libro,"Arias, Juan de Dios",1954,Folclor santandereano. 2 tomos,Imprenta del Departamento,,,,Bucaramanga,,,,,,,,No verificado externamente,,"Arias, Juan de Dios. (1954). Folclor santandereano. 2 tomos. Imprenta del Departamento."
BIB-L-0178,Libro,"Arias, Juan de Dios",1954,Folclor santandereano. Biblioteca Santander,Editorial Cosmos,,,,Bogotá,,,,,,,,No verificado externamente,,"Arias, Juan de Dios. (1954). Folclor santandereano. Biblioteca Santander. Editorial Cosmos."
BIB-L-0179,Libro,"Buesa, Tomás y Flórez, Luis",1954,El Atlas lingüístico-etnográfico de Colombia: Cuestionario preliminar,Instituto Caro y Cuervo,,,,Bogotá,,,,,,,,No verificado externamente,,"Buesa, Tomás y Flórez, Luis. (1954). El Atlas lingüístico-etnográfico de Colombia: Cuestionario preliminar. Instituto Caro y Cuervo."
BIB-L-0180,Libro,"Escalante, Aquiles",1954,El Palenque de San Basilio: Una comunidad Negra en Colombia,Imprenta Departamental,,,,Barranquilla,,,,,,,,No verificado externamente,,"Escalante, Aquiles. (1954). El Palenque de San Basilio: Una comunidad Negra en Colombia. Imprenta Departamental."
BIB-L-0181,Libro,"Fucilla, Joseph Guerin",1954,Una Recopilacion De Refranes Del Siglo Xvii,"Instituto Caro Y Cuervo,",,,,Bogotá,,,,,,,,No verificado externamente,,"Fucilla, Joseph Guerin. (1954). Una Recopilacion De Refranes Del Siglo Xvii. Instituto Caro Y Cuervo,."
BIB-L-0182,Libro,"Giraldo Jaramillo, Gabriel",1954,Temas de antropología e indigenismo,Editorial Los Andes,,,,Bogotá,,,,,,,,No verificado externamente,,"Giraldo Jaramillo, Gabriel. (1954). Temas de antropología e indigenismo. Editorial Los Andes."
BIB-L-0183,Libro,"León Rey, José Antonio",1954,El lenguaje popular del oriente de Cundinamarca,Academia Colombiana de la lengua,,,,Bogotá,,,,,,,,No verificado externamente,,"León Rey, José Antonio. (1954). El lenguaje popular del oriente de Cundinamarca. Academia Colombiana de la lengua."
BIB-L-0184,Libro,"Lozano, Cristóbal",1954,Historias y leyendas,"[publisher not identified],",,,,Bogotá,,,,,,,,No verificado externamente,,"Lozano, Cristóbal. (1954). Historias y leyendas. [publisher not identified],."
BIB-L-0185,Libro,"Lozano, Cristóbal",1954,Historias y leyendas,"Jomasa Internacional Publicaciones,",,,,Bogotá,,,,,,,,No verificado externamente,,"Lozano, Cristóbal. (1954). Historias y leyendas. Jomasa Internacional Publicaciones,."
BIB-L-0186,Libro,"Reichel-Dolmatoff, Gerardo",1954,El marco cultural en el estudio de la vivienda. La comunidad magdalenense,Economía Colombiana,,,,Bogotá,,,,,,,,No verificado externamente,,"Reichel-Dolmatoff, Gerardo. (1954). El marco cultural en el estudio de la vivienda. La comunidad magdalenense. Economía Colombiana."
BIB-L-0187,Libro,Anónimo,1955,Cancionero de Mercaderes. Entregas de poesía popular colombiana,Escuela de Arte Folclórico,,,,Bogotá,,,,,,,,No verificado externamente,,Anónimo. (1955). Cancionero de Mercaderes. Entregas de poesía popular colombiana. Escuela de Arte Folclórico.
BIB-L-0188,Libro,Anónimo,1955,El cancionero de Zarzal. Entregas de poesía popular colombiana,Escuela de Arte folclórico,,,,Bogotá,,,,,,,,No verificado externamente,,Anónimo. (1955). El cancionero de Zarzal. Entregas de poesía popular colombiana. Escuela de Arte folclórico.
BIB-L-0189,Libro,"Price, Thomas",1955,Saints and spirits. A study of differential acculturation in colombian negro communities. Thesis,Northern Illinois University City,,,,Evanston,,,,,,,,No verificado externamente,,"Price, Thomas. (1955). Saints and spirits. A study of differential acculturation in colombian negro communities. Thesis. Northern Illinois University City."
BIB-L-0190,Libro,"Quintero Nieto, Ricardo",1955,Territorio ignoto (Tierradentro) 1921-1955,Imprenta Márquez,,,,Cali,,,,,,,,No verificado externamente,,"Quintero Nieto, Ricardo. (1955). Territorio ignoto (Tierradentro) 1921-1955. Imprenta Márquez."
BIB-L-0191,Libro,"Restrepo, A J",1955,El cancionero de Antioquia.,"Lux,",,,,Barcelona,,,,,,,,No verificado externamente,,"Restrepo, A J. (1955). El cancionero de Antioquia.. Lux,."
BIB-L-0192,Libro,"Restrepo, A J",1955,El cancionero de Antioquia.,"Bedout,",,,,Medellín,,,,,,,,No verificado externamente,,"Restrepo, A J. (1955). El cancionero de Antioquia.. Bedout,."
BIB-L-0193,Libro,"Alvarado, Lisandro",1956,Datos etnográficos de Venezuela. Obras Completas IV,Editorial Ragón,,,,Caracas,,,,,,,,No verificado externamente,,"Alvarado, Lisandro. (1956). Datos etnográficos de Venezuela. Obras Completas IV. Editorial Ragón."
BIB-L-0194,Libro,"Bernal Villa, Segundo",1956,Religious life of the Paez indians of Colombia,Columbia University,,,,Nueva York,,,,,,,,No verificado externamente,,"Bernal Villa, Segundo. (1956). Religious life of the Paez indians of Colombia. Columbia University."
BIB-L-0195,Libro,"Cardona, Fausto",1956,El lenguaje de los tambores africanos,Editorial Minerva,,,,Bogotá,,,,,,,,No verificado externamente,,"Cardona, Fausto. (1956). El lenguaje de los tambores africanos. Editorial Minerva."
BIB-L-0196,Libro,"Cuervo Márquez, Carlos",1956,Estudios arqueológicos y etnográficos,Biblioteca de la Presidencia de la República,,,,Bogotá,,,,,,,,No verificado externamente,,"Cuervo Márquez, Carlos. (1956). Estudios arqueológicos y etnográficos. Biblioteca de la Presidencia de la República."
BIB-L-0197,Libro,"Belinder, Gustaf",1957,Indians on horsaback,Dobson books,,,,Londres,,,,,,,,No verificado externamente,,"Belinder, Gustaf. (1957). Indians on horsaback. Dobson books."
BIB-L-0198,Libro,"Fernández, Carmelo; Price, Enrique; Paz, Manuel María; Londoño, Julio",1957,Álbum de la Comisión Coreográfica,Hojas de Cultura Popular Colombiana,,,,Bogotá,,,,,,,,No verificado externamente,,"Fernández, Carmelo; Price, Enrique; Paz, Manuel María; Londoño, Julio. (1957). Álbum de la Comisión Coreográfica. Hojas de Cultura Popular Colombiana."
BIB-L-0199,Libro,"Flórez, Luis",1957,Habla y cultura popular en Antioquia: Materiales para un estudio,Instituto Caro y Cuervo,,,,Bogotá,,,,,,,,No verificado externamente,,"Flórez, Luis. (1957). Habla y cultura popular en Antioquia: Materiales para un estudio. Instituto Caro y Cuervo."
BIB-L-0200,Libro,"Flórez, Luis",1957,Hab!a y cultura popular en Antioquia: Materiales para un estudio,Instituto Caro y Cuervo,,,,Bogotá,,,,,,,,No verificado externamente,,"Flórez, Luis. (1957). Hab!a y cultura popular en Antioquia: Materiales para un estudio. Instituto Caro y Cuervo."
BIB-L-0201,Libro,"Meza, Heriberto. Hidalgo",1957,El Encanco: apuntes históricos y geográficos Cuentos y leyendas.,"Editorial Cervantes,",,,,Pasto,,,,,,,,No verificado externamente,,"Meza, Heriberto. Hidalgo. (1957). El Encanco: apuntes históricos y geográficos Cuentos y leyendas.. Editorial Cervantes,."
BIB-L-0202,Libro,"Pérez de Barradas, José",1957,Plantas mágicas americanas,Consejo superior de Investigaciones científicas. Instituto Bernardino de Sahagún,,,,Madrid,,,,,,,,No verificado externamente,,"Pérez de Barradas, José. (1957). Plantas mágicas americanas. Consejo superior de Investigaciones científicas. Instituto Bernardino de Sahagún."
BIB-L-0203,Libro,"Pérez de Barradas, José",1957,Plantas mágicas americanas,Friedlander,,,,Berlín,,,,,,,,No verificado externamente,,"Pérez de Barradas, José. (1957). Plantas mágicas americanas. Friedlander."
BIB-L-0204,Libro,"Salazar, María Cristina",1957,"A soci-religious survey of the parrish of Cristo Rey in Manizales, Colombia. Studies in sociology",Catholic University of America,,,,Washington,,,,,,,,No verificado externamente,,"Salazar, María Cristina. (1957). A soci-religious survey of the parrish of Cristo Rey in Manizales, Colombia. Studies in sociology. Catholic University of America."
BIB-L-0205,Libro,"án hez Camacho, Jorge",1958,Diccionario de voces y dichos del habla santandereana,Biblioteca Santander. Imprenta del Departamento,,,,Bucaramanga,,,,,,,,No verificado externamente,,"án hez Camacho, Jorge. (1958). Diccionario de voces y dichos del habla santandereana. Biblioteca Santander. Imprenta del Departamento."
BIB-L-0206,Libro,"Carrasquilla, Tomás",1958,Obras Completas (Tomo I),Bedout,,,,Medellín,,,,,,,,No verificado externamente,,"Carrasquilla, Tomás. (1958). Obras Completas (Tomo I). Bedout."
BIB-L-0207,Libro,"Castilla, Cesáreo. Rocha",1958,Cantares del Tolima grande,"[Italgraf],",,,,Bogotá,,,,,,,,No verificado externamente,,"Castilla, Cesáreo. Rocha. (1958). Cantares del Tolima grande. [Italgraf],."
BIB-L-0208,Libro,"Jaramillo, Agustín",1958,Cosecha de cuentos (del folclor de Antioquia),Bedout,,,,Medellín,,,,,,,,No verificado externamente,,"Jaramillo, Agustín. (1958). Cosecha de cuentos (del folclor de Antioquia). Bedout."
BIB-L-0209,Libro,"Londoño, Agustín Jaramillo",1958,Cosecha de cuentos : (del folklore de Antioquia),"Editorial Bedout,",,,,Medellín,,,,,,,,No verificado externamente,,"Londoño, Agustín Jaramillo. (1958). Cosecha de cuentos : (del folklore de Antioquia). Editorial Bedout,."
BIB-L-0210,Libro,"Tascón, Jorge",1958,Medicina rural,Editorial Minerva,,,,Bogotá,,,,,,,,No verificado externamente,,"Tascón, Jorge. (1958). Medicina rural. Editorial Minerva."
BIB-L-0211,Libro,Varios,1958,El folclor colombiano. Cantares del Tolima Grande,Talleres Italgraf,,,,Ibagué,,,,,,,,No verificado externamente,,Varios. (1958). El folclor colombiano. Cantares del Tolima Grande. Talleres Italgraf.
BIB-L-0212,Libro,Biblioteca Luis-Ángel Arango,1959,Boletín cultural y bibliográfico.,,,,,,,,,,,,,No verificado externamente,,Biblioteca Luis-Ángel Arango. (1959). Boletín cultural y bibliográfico..
BIB-L-0213,Libro,"Bowen, J. Donald",1959,"Habla y cultura popular en Antioquia, materiales para un estudio","Instituto Caro y Cuervo,",,,,Bogotá,,,,,,,,No verificado externamente,,"Bowen, J. Donald. (1959). Habla y cultura popular en Antioquia, materiales para un estudio. Instituto Caro y Cuervo,."
BIB-L-0214,Libro,"Cadavid Uribe, Gonzalo",1959,Presencia del pueblo en Don Tomás Carrasquilla,Imprenta Departamental,,,,Medellín,,,,,,,,No verificado externamente,,"Cadavid Uribe, Gonzalo. (1959). Presencia del pueblo en Don Tomás Carrasquilla. Imprenta Departamental."
BIB-L-0215,Libro,"Chavez, Milciades",1959,Nariño,Seguridad Social Campesina del Ministerio de Trabajo,,,,Bogotá,,,,,,,,No verificado externamente,,"Chavez, Milciades. (1959). Nariño. Seguridad Social Campesina del Ministerio de Trabajo."
BIB-L-0216,Libro,"Del, Publicacion",1959,Revista hispano-americana,Fundación Hispanoamericana Santiago de Cali,,,,,,,,,,,,No verificado externamente,,"Del, Publicacion. (1959). Revista hispano-americana. Fundación Hispanoamericana Santiago de Cali."
BIB-L-0217,Libro,"Escobar Uribe, Arturo",1959,Rezadores y ayudados. Contribución al estudio del folclor nacional,Imprenta Nacional,,,,Bogotá,,,,,,,,No verificado externamente,,"Escobar Uribe, Arturo. (1959). Rezadores y ayudados. Contribución al estudio del folclor nacional. Imprenta Nacional."
BIB-L-0218,Libro,"Escobar Uribe, Arturo",1959,Rezadores y ayudados,Imprenta Nacional,,,,Bogotá,,,,,,,,No verificado externamente,,"Escobar Uribe, Arturo. (1959). Rezadores y ayudados. Imprenta Nacional."
BIB-L-0219,Libro,"Exbrayat, Jaime",1959,Cantares de Vaquería. Del folclor cordobés y bolivarense,Editorial Bedout,,,,Medellín,,,,,,,,No verificado externamente,,"Exbrayat, Jaime. (1959). Cantares de Vaquería. Del folclor cordobés y bolivarense. Editorial Bedout."
BIB-L-0220,Libro,"Exbrayat, Jaime",1959,Cantares de Vaquería del folclor cordobés y bolivarense,Bedout,,,,Medellín,,,,,,,,No verificado externamente,,"Exbrayat, Jaime. (1959). Cantares de Vaquería del folclor cordobés y bolivarense. Bedout."
BIB-L-0221,Libro,"Florez, Luis",1959,"Habla y cultura popular en Antioquia, materiales para un estudio","Instituto Caro y Cuervo,",,,,Bogotá,,,,,,,,No verificado externamente,,"Florez, Luis. (1959). Habla y cultura popular en Antioquia, materiales para un estudio. Instituto Caro y Cuervo,."
BIB-L-0222,Libro,"Jaramillo, Euclides",1959,Un campesino sin regreso (Contiene vocablos regionales de Caldas),Bedout,,,,Medellín,,,,,,,,No verificado externamente,,"Jaramillo, Euclides. (1959). Un campesino sin regreso (Contiene vocablos regionales de Caldas). Bedout."
BIB-L-0223,Libro,Joselito,1959,Joselito cancionero : Sus canciones en discos R.C.A.,Ediciones Bistagne,,,,Barcelona,,,,,,,,No verificado externamente,,Joselito. (1959). Joselito cancionero : Sus canciones en discos R.C.A.. Ediciones Bistagne.
BIB-L-0224,Libro,"Pardo Tovar, Andrés",1959,Hacia una labor tecnificada en el campo del folclor,Centro de Estudios Folclóricos y musicales de la Universidad Nacional,,,,Bogotá,,,,,,,,No verificado externamente,,"Pardo Tovar, Andrés. (1959). Hacia una labor tecnificada en el campo del folclor. Centro de Estudios Folclóricos y musicales de la Universidad Nacional."
BIB-L-0225,Libro,"Pardo Tovar, Andrés",1959,El folclor en la obra de Tomás Carrasquilla,Imprenta Departamental,,,,Tunja,,,,,,,,No verificado externamente,,"Pardo Tovar, Andrés. (1959). El folclor en la obra de Tomás Carrasquilla. Imprenta Departamental."
BIB-L-0226,Libro,"Pérez Arbeláez, Enrique",1959,Curare and Curaré like agents. Curares in Northwestern Colombia,Bovet Elsevier Co.,,,,Ámsterdam,,,,,,,,No verificado externamente,,"Pérez Arbeláez, Enrique. (1959). Curare and Curaré like agents. Curares in Northwestern Colombia. Bovet Elsevier Co.."
BIB-L-0227,Libro,"Ramírez, Alberto. Roldán",1959,Colombia mía; romances y sonetos.,"Impr. Salesiana,",,,,Bogotá,,,,,,,,No verificado externamente,,"Ramírez, Alberto. Roldán. (1959). Colombia mía; romances y sonetos.. Impr. Salesiana,."
BIB-L-0228,Libro,"Robledo, Emilio",1959,Apuntaciones sobre la medicina en Colombia,Universidad del Valle,,,,Cali,,,,,,,,No verificado externamente,,"Robledo, Emilio. (1959). Apuntaciones sobre la medicina en Colombia. Universidad del Valle."
BIB-L-0229,Libro,"Rocha Castilla, Cesáreo",1959,Prehistoria y folclor del Tolima,Imprenta Departamental,,,,lbagué,,,,,,,,No verificado externamente,,"Rocha Castilla, Cesáreo. (1959). Prehistoria y folclor del Tolima. Imprenta Departamental."
BIB-L-0230,Libro,"Rocha Castilla, Cesáreo",1959,Prehistoria y folclor del Tolima,Imprenta Departamental,,,,Ibagué,,,,,,,,No verificado externamente,,"Rocha Castilla, Cesáreo. (1959). Prehistoria y folclor del Tolima. Imprenta Departamental."
BIB-L-0231,Libro,"Santa Teresa, Severino de",1959,Los indios Catíos - Los Indios Cunas. Ensayo etnográfico de dos razas de indios de la América Española,Imprenta Departamental,,,,Medellín,,,,,,,,No verificado externamente,,"Santa Teresa, Severino de. (1959). Los indios Catíos - Los Indios Cunas. Ensayo etnográfico de dos razas de indios de la América Española. Imprenta Departamental."
BIB-L-0232,Libro,"Schaden, Egon",1959,A mitología heroica de tribus indígenas do Brasil,Imprenta Nacional,,,,Sao Paulo,,,,,,,,No verificado externamente,,"Schaden, Egon. (1959). A mitología heroica de tribus indígenas do Brasil. Imprenta Nacional."
BIB-L-0233,Libro,"Stoddart, D. R.",1959,Observations on the Tunebo indians of Eastern Colombia. Re port of the Cambridge Colombia expedition in 1959,University of Cambridge,,,,Cambridge,,,,,,,,No verificado externamente,,"Stoddart, D. R.. (1959). Observations on the Tunebo indians of Eastern Colombia. Re port of the Cambridge Colombia expedition in 1959. University of Cambridge."
BIB-L-0234,Libro,"Uribe, Arturo Escobar",1959,Rezadores y ayudados : contribución al estudio del folclore nacional,"Imprenta Nacional,",,,,"Bogota, D.E",,,,,,,,No verificado externamente,,"Uribe, Arturo Escobar. (1959). Rezadores y ayudados : contribución al estudio del folclore nacional. Imprenta Nacional,."
BIB-L-0235,Libro,Biblioteca Luis-Ángel Arango,1960,Boletín cultural y bibliográfico.,,,,,,,,,,,,,No verificado externamente,,Biblioteca Luis-Ángel Arango. (1960). Boletín cultural y bibliográfico..
BIB-L-0236,Libro,"Escobar, Hernán",1960,Algo de lo nuestro,Bedout,,,,Medellín,,,,,,,,No verificado externamente,,"Escobar, Hernán. (1960). Algo de lo nuestro. Bedout."
BIB-L-0237,Libro,"Escobar, Hernán (Ed.)",1960,Algo de lo nuestro,Bedout,,,,Medellín,,,,,,,,No verificado externamente,,"Escobar, Hernán (Ed.). (1960). Algo de lo nuestro. Bedout."
BIB-L-0238,Libro,"Lommel, Andreas (Ed.)",1960,Indianer von Amazonas: Kunst und Handwerk des Tropischen Sudamerika,Ausstellung des Staatlichen Museum für Völkerkunde,,,,Múnich,,,,,,,,No verificado externamente,,"Lommel, Andreas (Ed.). (1960). Indianer von Amazonas: Kunst und Handwerk des Tropischen Sudamerika. Ausstellung des Staatlichen Museum für Völkerkunde."
BIB-L-0239,Libro,"Lommel, Andreas (Ed.)",1960,Indianer von Amazonas. Kunst und Handwerk des tropischen Sudamerika,Staatlichen Museums fur Volkerkunde,,,,Múnich,,,,,,,,No verificado externamente,,"Lommel, Andreas (Ed.). (1960). Indianer von Amazonas. Kunst und Handwerk des tropischen Sudamerika. Staatlichen Museums fur Volkerkunde."
BIB-L-0240,Libro,"Nieto, Ricardo. Quintero",1960,"El tesoro de Tumbichukue, cuento eminentemente nacional; hermosa leyenda americana de una tribu guerrera y poderosa, cuyos protagonistas por sus hechos gloriosos conocidos, merecieron colocar su nombre en la historia.",[Tip. El Carmen],,,,[Popayán],,,,,,,,No verificado externamente,,"Nieto, Ricardo. Quintero. (1960). El tesoro de Tumbichukue, cuento eminentemente nacional; hermosa leyenda americana de una tribu guerrera y poderosa, cuyos protagonistas por sus hechos gloriosos conocidos, merecieron colocar su nombre en la historia.. [Tip. El Carmen]."
BIB-L-0241,Libro,"Nieto, Ricardo. Quintero",1960,El tesoro de Tumbichukue : (leyendas de América),"Tipografía El Carmen,",,,,Popayán,,,,,,,,No verificado externamente,,"Nieto, Ricardo. Quintero. (1960). El tesoro de Tumbichukue : (leyendas de América). Tipografía El Carmen,."
BIB-L-0242,Libro,"Pardo Tovar, Andrés",1960,Lo cantares tradicionales del Baudó. Centro de Estudios Folclóricos y musicales del Conservatorio Nacional de Música,Universidad Nacional,,,,Bogotá,,,,,,,,No verificado externamente,,"Pardo Tovar, Andrés. (1960). Lo cantares tradicionales del Baudó. Centro de Estudios Folclóricos y musicales del Conservatorio Nacional de Música. Universidad Nacional."
BIB-L-0243,Libro,"Quintero Nieto, Ricardo",1960,El tesoro de Tumbichucue. (Leyendas de América),Tipografía El Carmen,,,,Popayán,,,,,,,,No verificado externamente,,"Quintero Nieto, Ricardo. (1960). El tesoro de Tumbichucue. (Leyendas de América). Tipografía El Carmen."
BIB-L-0244,Libro,"Romero, Guillermo Córdoba",1960,Romances del mito chibcha,"Imprenta Penitenciaria Central,",,,,Bogotá,,,,,,,,No verificado externamente,,"Romero, Guillermo Córdoba. (1960). Romances del mito chibcha. Imprenta Penitenciaria Central,."
BIB-L-0245,Libro,Biblioteca Luis-Ángel Arango,1961,Boletín cultural y bibliográfico.,,,,,,,,,,,,,No verificado externamente,,Biblioteca Luis-Ángel Arango. (1961). Boletín cultural y bibliográfico..
BIB-L-0246,Libro,"Bleznick, Donald W.",1961,Cuentos y cantares,Fundacíon Cámara de Comercio de Medellín para la Investigacíon y la Cultura,,,,Medellín,,,,,,,,No verificado externamente,,"Bleznick, Donald W.. (1961). Cuentos y cantares. Fundacíon Cámara de Comercio de Medellín para la Investigacíon y la Cultura."
BIB-L-0247,Libro,"Bruzví, Alvo da Silva, Alcinio",1961,"Discota ethno - lingüística musical das tribos dos ríos Uaupés, Icana e Cauaburi",Missao Salesiana do Río Negro,,,,Sao Paulo,,,,,,,,No verificado externamente,,"Bruzví, Alvo da Silva, Alcinio. (1961). Discota ethno - lingüística musical das tribos dos ríos Uaupés, Icana e Cauaburi. Missao Salesiana do Río Negro."
BIB-L-0248,Libro,"De Carvalho Neto, Paulo",1961,Folclor y educación,Casa de la Cultura Ecuatoriana,,,,Quito,,,,,,,,No verificado externamente,,"De Carvalho Neto, Paulo. (1961). Folclor y educación. Casa de la Cultura Ecuatoriana."
BIB-L-0249,Libro,"Escudero, Alfonso M.",1961,Cuentos y cantares,Fundacíon Cámara de Comercio de Medellín para la Investigacíon y la Cultura,,,,Medellín,,,,,,,,No verificado externamente,,"Escudero, Alfonso M.. (1961). Cuentos y cantares. Fundacíon Cámara de Comercio de Medellín para la Investigacíon y la Cultura."
BIB-L-0250,Libro,"Fals Borda, Orlando",1961,Campesinos de los Andes: Estudio sociológico de Saucío,Universidad Nacional de Colombia,,,,Bogotá,,,,,,,,No verificado externamente,,"Fals Borda, Orlando. (1961). Campesinos de los Andes: Estudio sociológico de Saucío. Universidad Nacional de Colombia."
BIB-L-0251,Libro,"Gutiérrez de Pineda, Virginia",1961,La medicina popular en Colombia. Razones de su arraigo,Monografías sociológicas No. 8. Universidad Nacional de Colombia,,,,Bogotá,,,,,,,,No verificado externamente,,"Gutiérrez de Pineda, Virginia. (1961). La medicina popular en Colombia. Razones de su arraigo. Monografías sociológicas No. 8. Universidad Nacional de Colombia."
BIB-L-0252,Libro,"Hernández de Alba, Guillermo",1961,Poesía popular y poesía culta ante la Empancipación colombiana (1781-1829),Instituto Caro y Cuervo,,,,Bogotá,,,,,,,,No verificado externamente,,"Hernández de Alba, Guillermo. (1961). Poesía popular y poesía culta ante la Empancipación colombiana (1781-1829). Instituto Caro y Cuervo."
BIB-L-0253,Libro,"M., Rogerio. Velásquez",1961,Ritos de la muerte en el Alto y Bajo Chocó,"Impr. Nacional,",,,,Bogotá,,,,,,,,No verificado externamente,,"M., Rogerio. Velásquez. (1961). Ritos de la muerte en el Alto y Bajo Chocó. Impr. Nacional,."
BIB-L-0254,Libro,"Malaret, Augusto",1961,Lexicón de fauna y flora,Instituto Caro y Cuervo,,,,Bogotá,,,,,,,,No verificado externamente,,"Malaret, Augusto. (1961). Lexicón de fauna y flora. Instituto Caro y Cuervo."
BIB-L-0255,Libro,"Olarte, Guillermo. Plazas",1961,Sugamuxi : crónicas y leyendas,Sección Imp. y Publicaciones de las Fuerzas Militares,,,,,,,,,,,,No verificado externamente,,"Olarte, Guillermo. Plazas. (1961). Sugamuxi : crónicas y leyendas. Sección Imp. y Publicaciones de las Fuerzas Militares."
BIB-L-0256,Libro,"Pardo Tovar, Andrés y Pinzón, Jesús",1961,Rítmica y melodía del folclor chocoano. Centro de Estudios Folclóricos y musicales del Conservatorio Nacional de Música,Universidad Nacional,,,,Bogotá,,,,,,,,No verificado externamente,,"Pardo Tovar, Andrés y Pinzón, Jesús. (1961). Rítmica y melodía del folclor chocoano. Centro de Estudios Folclóricos y musicales del Conservatorio Nacional de Música. Universidad Nacional."
BIB-L-0257,Libro,"Reichel-Dolmatoff, Gerardo y Alicia",1961,The people of Aritama,Routledge and Kegan Paul,,,,Londres,,,,,,,,No verificado externamente,,"Reichel-Dolmatoff, Gerardo y Alicia. (1961). The people of Aritama. Routledge and Kegan Paul."
BIB-L-0258,Libro,"Santa, Eduardo",1961,Arrieros y fundadores,Editorial Cosmos,,,,Bogotá,,,,,,,,No verificado externamente,,"Santa, Eduardo. (1961). Arrieros y fundadores. Editorial Cosmos."
BIB-L-0259,Libro,"Solarte, Libardo",1961,Tierra Vallecaucana. Motivos típicos del Valle geográfico,Imprenta Departamental,,,,Cali,,,,,,,,No verificado externamente,,"Solarte, Libardo. (1961). Tierra Vallecaucana. Motivos típicos del Valle geográfico. Imprenta Departamental."
BIB-L-0260,Libro,"Trueba, Antonio de",1961,Cuentos y cantares,Fundacíon Cámara de Comercio de Medellín para la Investigacíon y la Cultura,,,,Medellín,,,,,,,,No verificado externamente,,"Trueba, Antonio de. (1961). Cuentos y cantares. Fundacíon Cámara de Comercio de Medellín para la Investigacíon y la Cultura."
BIB-L-0261,Libro,"Villegas, Nestor",1961,Estampas interiores,Editorial Antares,,,,Bogotá,,,,,,,,No verificado externamente,,"Villegas, Nestor. (1961). Estampas interiores. Editorial Antares."
BIB-L-0262,Libro,"Alcacer, Antonio de",1962,El indio Motilón y su historia,Editorial lqueima,,,,Bogotá,,,,,,,,No verificado externamente,,"Alcacer, Antonio de. (1962). El indio Motilón y su historia. Editorial lqueima."
BIB-L-0263,Libro,"Arias, Eugenio",1962,Plantas medicinales,Bedout,,,,Medellín,,,,,,,,No verificado externamente,,"Arias, Eugenio. (1962). Plantas medicinales. Bedout."
BIB-L-0264,Libro,"Ariza, Alberto",1962,La Aguada,Imprenta Juan Bravo,,,,Madrid,,,,,,,,No verificado externamente,,"Ariza, Alberto. (1962). La Aguada. Imprenta Juan Bravo."
BIB-L-0265,Libro,"Bruzzi Alves da Silva, Alcinio",1962,A civilização indígena du Uaupés,Missao Salesiana de Río Negro,,,,Sao Paulo,,,,,,,,No verificado externamente,,"Bruzzi Alves da Silva, Alcinio. (1962). A civilização indígena du Uaupés. Missao Salesiana de Río Negro."
BIB-L-0266,Libro,"Deutschmann, Paul y Fals Borda, Orlando",1962,La comunicación de las ideas entre los campesinos colombianos. Facultad de Sociología,Universidad Nacional,,,,Bogotá,,,,,,,,No verificado externamente,,"Deutschmann, Paul y Fals Borda, Orlando. (1962). La comunicación de las ideas entre los campesinos colombianos. Facultad de Sociología. Universidad Nacional."
BIB-L-0267,Libro,"Flórez, Luis",1962,Léxico de la casa popular urbana en Bolívar,Instituto Caro y Cuervo,,,,Bogotá,,,,,,,,No verificado externamente,,"Flórez, Luis. (1962). Léxico de la casa popular urbana en Bolívar. Instituto Caro y Cuervo."
BIB-L-0268,Libro,"Flórez, Luis",1962,"Léxico de la casa urbana en Bolívar, Colombia",Instituto Caro y Cuervo,,,,Bogotá,,,,,,,,No verificado externamente,,"Flórez, Luis. (1962). Léxico de la casa urbana en Bolívar, Colombia. Instituto Caro y Cuervo."
BIB-L-0269,Libro,"Jaramillo Londoño, Agustín",1962,El Testamento del Paisa,Bedout,,,,Medellín,,,,,,,,No verificado externamente,,"Jaramillo Londoño, Agustín. (1962). El Testamento del Paisa. Bedout."
BIB-L-0270,Libro,Piñeros Corpas. Joaquín,1962,Introducción al cancionero noble de Colombia,Antares,,,,Bogotá,,,,,,,,No verificado externamente,,Piñeros Corpas. Joaquín. (1962). Introducción al cancionero noble de Colombia. Antares.
BIB-L-0271,Libro,"Rodríguez de Montes, Ma. Luisa",1962,"Cunas, andadores y canciones de cuna en Bolívar, Antioquia y Nanno (Colombia)",Instituto Caro y Cuervo,,,,Bogotá,,,,,,,,No verificado externamente,,"Rodríguez de Montes, Ma. Luisa. (1962). Cunas, andadores y canciones de cuna en Bolívar, Antioquia y Nanno (Colombia). Instituto Caro y Cuervo."
BIB-L-0272,Libro,"Rodríguez de Montes, María Luisa",1962,"Cunas, andadores y canciones de Cuna en Bolívar, Antioquia y Nariño (Colombia)",Instituto Caro y Cuervo,,,,Bogotá,,,,,,,,No verificado externamente,,"Rodríguez de Montes, María Luisa. (1962). Cunas, andadores y canciones de Cuna en Bolívar, Antioquia y Nariño (Colombia). Instituto Caro y Cuervo."
BIB-L-0273,Libro,"Whiton, Luis y Parra Rojas, Joaquín",1962,"The Sanhá indians of the Sierra Nevada de Santa Marta, Colombia",The Central Florida Museum,,,,Orlando,,,,,,,,No verificado externamente,,"Whiton, Luis y Parra Rojas, Joaquín. (1962). The Sanhá indians of the Sierra Nevada de Santa Marta, Colombia. The Central Florida Museum."
BIB-L-0274,Libro,"Abadía Morales, Guillermo",1963,Anales de la Junta Nacional de Folclor,Universidad Nacional,,,,Bogotá,,,,,,,,No verificado externamente,,"Abadía Morales, Guillermo. (1963). Anales de la Junta Nacional de Folclor. Universidad Nacional."
BIB-L-0275,Libro,"Abadía, Guillermo (ed.)",1963,Anales de la Junta Nacional de Folclor,Universidad Nacional,,,,Bogotá,,,,,,,,No verificado externamente,,"Abadía, Guillermo (ed.). (1963). Anales de la Junta Nacional de Folclor. Universidad Nacional."
BIB-L-0276,Libro,"Beutler, Gisela",1963,Adivinanzas de tradición oral en el Norte de Santander (Colombia),Instituto Caro y Cuervo,,,,Bogotá,,,,,,,,No verificado externamente,,"Beutler, Gisela. (1963). Adivinanzas de tradición oral en el Norte de Santander (Colombia). Instituto Caro y Cuervo."
BIB-L-0277,Libro,"Fock, Niels",1963,Waiwai: Religion and Society of an Amazonian tribe,Ethno- Graphie Raeke.,,,,Copenhagen,,,,,,,,No verificado externamente,,"Fock, Niels. (1963). Waiwai: Religion and Society of an Amazonian tribe. Ethno- Graphie Raeke.."
BIB-L-0278,Libro,"Fraser, Norman",1963,Ritmica y melodica del folclor Chocoano,"Universidad nacional de Colombia, Conservatorio nacional de musica, Centro de estudios folclóricos y musicales,",,,,Bogotá,,,,,,,,No verificado externamente,,"Fraser, Norman. (1963). Ritmica y melodica del folclor Chocoano. Universidad nacional de Colombia, Conservatorio nacional de musica, Centro de estudios folclóricos y musicales,."
BIB-L-0279,Libro,"Fraser, Norman",1963,Ritmica y melodica del folclor Chocoano,"Universidad Nacional de Colombia,",,,,Bogotá,,,,,,,,No verificado externamente,,"Fraser, Norman. (1963). Ritmica y melodica del folclor Chocoano. Universidad Nacional de Colombia,."
BIB-L-0280,Libro,"Fraser, Norman",1963,Ritmica y melodica del folclor Chocoano,,,,,Bogotá,,,,,,,,No verificado externamente,,"Fraser, Norman. (1963). Ritmica y melodica del folclor Chocoano."
BIB-L-0281,Libro,"Fuente, Juan de la.",1963,Acuarelas folclóricas de Santander,"Imprenta del Departamento,",,,,Bucaramanga,,,,,,,,No verificado externamente,,"Fuente, Juan de la.. (1963). Acuarelas folclóricas de Santander. Imprenta del Departamento,."
BIB-L-0282,Libro,"Pardo Tovar, Andrés y Bermudez Silva, Jesús",1963,La guitarrería popular de Chiquinquirá. Centro de Estudios Folclóricos y musicales del Conservatorio Nacional de Música,Universidad Nacional,,,,Bogotá,,,,,,,,No verificado externamente,,"Pardo Tovar, Andrés y Bermudez Silva, Jesús. (1963). La guitarrería popular de Chiquinquirá. Centro de Estudios Folclóricos y musicales del Conservatorio Nacional de Música. Universidad Nacional."
BIB-L-0283,Libro,"Patiño, Víctor Manuel",1963,Plantas cultivadas y animales domesticados en América equinoccial. 3 tomos,Imprenta departamental,,,,Cali,,,,,,,,No verificado externamente,,"Patiño, Víctor Manuel. (1963). Plantas cultivadas y animales domesticados en América equinoccial. 3 tomos. Imprenta departamental."
BIB-L-0284,Libro,"Q., Padre H.",1963,Historias y leyendas del Convento de la Popa,"[publisher not identified],",,,,"Cartagena, Colombia",,,,,,,,No verificado externamente,,"Q., Padre H.. (1963). Historias y leyendas del Convento de la Popa. [publisher not identified],."
BIB-L-0285,Libro,"Sabio Labay, Ricardo",1963,Corridos y coplas (Llanos Orientales de Colombia),Editorial Salesiana,,,,Cali,,,,,,,,No verificado externamente,,"Sabio Labay, Ricardo. (1963). Corridos y coplas (Llanos Orientales de Colombia). Editorial Salesiana."
BIB-L-0286,Libro,"Sabio, Ricardo",1963,Corridos y coplas; canto a los llanos orientales de Colombia,,,,,Pp. 327. Cali,,,,,,,,No verificado externamente,,"Sabio, Ricardo. (1963). Corridos y coplas; canto a los llanos orientales de Colombia."
BIB-L-0287,Libro,"Sabio, Ricardo",1963,Corridos y coplas; canto a los llanos orientales de Colombia,"Editorial Salesiana,",,,,"Cali, Colombia",,,,,,,,No verificado externamente,,"Sabio, Ricardo. (1963). Corridos y coplas; canto a los llanos orientales de Colombia. Editorial Salesiana,."
BIB-L-0288,Libro,"Tovar, Andres Pardo",1963,Ritmica y melodica del folclor Chocoano,"Universidad nacional de Colombia, Conservatorio nacional de musica, Centro de estudios folclóricos y musicales,",,,,Bogotá,,,,,,,,No verificado externamente,,"Tovar, Andres Pardo. (1963). Ritmica y melodica del folclor Chocoano. Universidad nacional de Colombia, Conservatorio nacional de musica, Centro de estudios folclóricos y musicales,."
BIB-L-0289,Libro,"Tovar, Andres Pardo",1963,Ritmica y melodica del folclor Chocoano,"Universidad Nacional de Colombia,",,,,Bogotá,,,,,,,,No verificado externamente,,"Tovar, Andres Pardo. (1963). Ritmica y melodica del folclor Chocoano. Universidad Nacional de Colombia,."
BIB-L-0290,Libro,"Tovar, Andres Pardo",1963,Ritmica y melodica del folclor Chocoano,,,,,Bogotá,,,,,,,,No verificado externamente,,"Tovar, Andres Pardo. (1963). Ritmica y melodica del folclor Chocoano."
BIB-L-0291,Libro,"Urrea, Jesus Pinzon",1963,Ritmica y melodica del folclor Chocoano,"Universidad nacional de Colombia, Conservatorio nacional de musica, Centro de estudios folclóricos y musicales,",,,,Bogotá,,,,,,,,No verificado externamente,,"Urrea, Jesus Pinzon. (1963). Ritmica y melodica del folclor Chocoano. Universidad nacional de Colombia, Conservatorio nacional de musica, Centro de estudios folclóricos y musicales,."
BIB-L-0292,Libro,"Urrea, Jesus Pinzon",1963,Ritmica y melodica del folclor Chocoano,"Universidad Nacional de Colombia,",,,,Bogotá,,,,,,,,No verificado externamente,,"Urrea, Jesus Pinzon. (1963). Ritmica y melodica del folclor Chocoano. Universidad Nacional de Colombia,."
BIB-L-0293,Libro,"Urrea, Jesus Pinzon",1963,Ritmica y melodica del folclor Chocoano,,,,,Bogotá,,,,,,,,No verificado externamente,,"Urrea, Jesus Pinzon. (1963). Ritmica y melodica del folclor Chocoano."
BIB-L-0294,Libro,"Wilbert, Johannes",1963,Indios de la región Orinoco Ventuari,Fundación La Salle de Ciencias Naturales,,,,Caracas,,,,,,,,No verificado externamente,,"Wilbert, Johannes. (1963). Indios de la región Orinoco Ventuari. Fundación La Salle de Ciencias Naturales."
BIB-L-0295,Libro,"Zapata Olivella, Manuel",1963,En Chimá nace un santo,Seix Barral,,,,Barcelona,,,,,,,,No verificado externamente,,"Zapata Olivella, Manuel. (1963). En Chimá nace un santo. Seix Barral."
BIB-L-0296,Libro,"Alcacer, Antonio de",1964,Los Barí: Cultura del pueblo Motilón,Centro Capuchino de Historia y Antropología,,,,Bogotá,,,,,,,,No verificado externamente,,"Alcacer, Antonio de. (1964). Los Barí: Cultura del pueblo Motilón. Centro Capuchino de Historia y Antropología."
BIB-L-0297,Libro,"Atlas, Y E L",1964,El Atlas Lingüistico-Etnografico De Colombia ( Alec ),"Instituto Caro y Cuervo,",,,,Bogotá,,,,,,,,No verificado externamente,,"Atlas, Y E L. (1964). El Atlas Lingüistico-Etnografico De Colombia ( Alec ). Instituto Caro y Cuervo,."
BIB-L-0298,Libro,"Carrasquilla, Tomás",1964,Obras Completas (Tomo II),Bedout,,,,Medellín,,,,,,,,No verificado externamente,,"Carrasquilla, Tomás. (1964). Obras Completas (Tomo II). Bedout."
BIB-L-0299,Libro,"Comparativas, Notas",1964,El Atlas Lingüistico-Etnografico De Colombia ( Alec ),"Instituto Caro y Cuervo,",,,,Bogotá,,,,,,,,No verificado externamente,,"Comparativas, Notas. (1964). El Atlas Lingüistico-Etnografico De Colombia ( Alec ). Instituto Caro y Cuervo,."
BIB-L-0300,Libro,"Escalante, Aquiles",1964,El Negro en Colombia. Monografía Sociológica No. 18,Universidad Nacional de Colombia,,,,Bogotá,,,,,,,,No verificado externamente,,"Escalante, Aquiles. (1964). El Negro en Colombia. Monografía Sociológica No. 18. Universidad Nacional de Colombia."
BIB-L-0301,Libro,"Hungría, Lingüístico D E",1964,El Atlas Lingüistico-Etnografico De Colombia ( Alec ),"Instituto Caro y Cuervo,",,,,Bogotá,,,,,,,,No verificado externamente,,"Hungría, Lingüístico D E. (1964). El Atlas Lingüistico-Etnografico De Colombia ( Alec ). Instituto Caro y Cuervo,."
BIB-L-0302,Libro,Instituto Nacional de Nutrición,1964,"Encuesta alimenticia de la vereda de Llanadas, Municipio de Manzanares, Caldas",Imprenta P.E.S.,,,,Bogotá,,,,,,,,No verificado externamente,,"Instituto Nacional de Nutrición. (1964). Encuesta alimenticia de la vereda de Llanadas, Municipio de Manzanares, Caldas. Imprenta P.E.S.."
BIB-L-0303,Libro,"Jaime, Euclides",1964,Contribución al vocabulario de colombianismos,Imprenta Departamental,,,,Cúcuta,,,,,,,,No verificado externamente,,"Jaime, Euclides. (1964). Contribución al vocabulario de colombianismos. Imprenta Departamental."
BIB-L-0304,Libro,"Martínez Villalba, Víctor",1964,Vida de las hormigas culonas santandereanas,,,,,Bucaramanga,,,,,,,,No verificado externamente,,"Martínez Villalba, Víctor. (1964). Vida de las hormigas culonas santandereanas."
BIB-L-0305,Libro,"Mendoza Varela, Eduardo",1964,De las cosas del campo,Ediciones Sol de América,,,,Bogotá,,,,,,,,No verificado externamente,,"Mendoza Varela, Eduardo. (1964). De las cosas del campo. Ediciones Sol de América."
BIB-L-0306,Libro,"Rojas Rueda, José Manuel",1964,Historia y tradiciones de la Villa de Aratoca,Imprenta del Departamento,,,,Bucaramanga,,,,,,,,No verificado externamente,,"Rojas Rueda, José Manuel. (1964). Historia y tradiciones de la Villa de Aratoca. Imprenta del Departamento."
BIB-L-0307,Libro,Anónimo,1965,Historia del traje típico colombiano,Celanese y Librería Colombiana Camacho Roldán,,,,Bogotá,,,,,,,,No verificado externamente,,Anónimo. (1965). Historia del traje típico colombiano. Celanese y Librería Colombiana Camacho Roldán.
BIB-L-0308,Libro,"Bodiger, Ute",1965,Die Religion der Tucano in Nordwestlichen Amazonas,Kolner ethnologische Mittelungen,,,,Colonia,,,,,,,,No verificado externamente,,"Bodiger, Ute. (1965). Die Religion der Tucano in Nordwestlichen Amazonas. Kolner ethnologische Mittelungen."
BIB-L-0309,Libro,"Escobar Uribe, Arturo",1965,"Salvo Ruiz, el último juglar",Editorial Presencia,,,,Bogotá,,,,,,,,No verificado externamente,,"Escobar Uribe, Arturo. (1965). Salvo Ruiz, el último juglar. Editorial Presencia."
BIB-L-0310,Libro,"Flórez, Luis",1965,El español hablado en Santander,Instituto Caro y Cuervo,,,,Bogotá,,,,,,,,No verificado externamente,,"Flórez, Luis. (1965). El español hablado en Santander. Instituto Caro y Cuervo."
BIB-L-0311,Libro,"Galindo, Julio Roberto",1965,Boyacá en la leyenda indígena,Imprenta Departamental,,,,Tunja,,,,,,,,No verificado externamente,,"Galindo, Julio Roberto. (1965). Boyacá en la leyenda indígena. Imprenta Departamental."
BIB-L-0312,Libro,"Moser, Brian y Tayler, Donald",1965,The cocaine eaters,Longmans,,,,Londres,,,,,,,,No verificado externamente,,"Moser, Brian y Tayler, Donald. (1965). The cocaine eaters. Longmans."
BIB-L-0313,Libro,"Schorr, Thomas",1965,Roldanillo: A village in Southwestern Colombia. Thesis,Tulane University,,,,Nueva Orleans,,,,,,,,No verificado externamente,,"Schorr, Thomas. (1965). Roldanillo: A village in Southwestern Colombia. Thesis. Tulane University."
BIB-L-0314,Libro,"Bermúdez Silva, Jesús y Abadía, Guillermo",1966,Algunos cantos tradicionales de la región de Guapi. Centro de estudios folclóricos y musicales del Conservatorio Nacional,Universidad Nacional,,,,Bogotá,,,,,,,,No verificado externamente,,"Bermúdez Silva, Jesús y Abadía, Guillermo. (1966). Algunos cantos tradicionales de la región de Guapi. Centro de estudios folclóricos y musicales del Conservatorio Nacional. Universidad Nacional."
BIB-L-0315,Libro,"Castro, Dicken",1966,La Guadua (compendio gráfico),Talleres del Banco de la República,,,,Bogotá,,,,,,,,No verificado externamente,,"Castro, Dicken. (1966). La Guadua (compendio gráfico). Talleres del Banco de la República."
BIB-L-0316,Libro,"Chavez Mendoza, Álvaro",1966,"Economía, Manufacturas y vivienda de los ljkas",Casa Colonial,,,,Pamplona,,,,,,,,No verificado externamente,,"Chavez Mendoza, Álvaro. (1966). Economía, Manufacturas y vivienda de los ljkas. Casa Colonial."
BIB-L-0317,Libro,"Holguín, Andrés y Carlos",1966,Toros y religión: El rito de la tauromaquia,Editorial Revista Colombiana,,,,Bogotá,,,,,,,,No verificado externamente,,"Holguín, Andrés y Carlos. (1966). Toros y religión: El rito de la tauromaquia. Editorial Revista Colombiana."
BIB-L-0318,Libro,"Lalinde, Luis",1966,"Diccionario ""jilosójico"" del paisa",Editorial Delta,,,,Medellín,,,,,,,,No verificado externamente,,"Lalinde, Luis. (1966). Diccionario ""jilosójico"" del paisa. Editorial Delta."
BIB-L-0319,Libro,"Montoya Toro, Jorge y Cardenal, Ernesto",1966,Literatura indígena americana,Universidad de Antioquia,,,,Medellín,,,,,,,,No verificado externamente,,"Montoya Toro, Jorge y Cardenal, Ernesto. (1966). Literatura indígena americana. Universidad de Antioquia."
BIB-L-0320,Libro,"Pardo Tovar, Andrés",1966,La poesía popular colombiana y sus orígenes españoles,Tercer Mundo,,,,Bogotá,,,,,,,,No verificado externamente,,"Pardo Tovar, Andrés. (1966). La poesía popular colombiana y sus orígenes españoles. Tercer Mundo."
BIB-L-0321,Libro,"Rodríguez Lamus, Luis Raúl",1966,Arquitectura indígena: Los Tucano,Editorial Andes,,,,Bogotá,,,,,,,,No verificado externamente,,"Rodríguez Lamus, Luis Raúl. (1966). Arquitectura indígena: Los Tucano. Editorial Andes."
BIB-L-0322,Libro,"Romieux, Michel",1966,Los Cuiva. Tesis,Instituto Colombiano de Antropología,,,,Bogotá,,,,,,,,No verificado externamente,,"Romieux, Michel. (1966). Los Cuiva. Tesis. Instituto Colombiano de Antropología."
BIB-L-0323,Libro,"Soriano Lleras, Andrés",1966,La medicina en el Nuevo Reino de Granada durante la Conquista y la Colonia,Universidad Nacional de Colombia,,,,Bogotá,,,,,,,,No verificado externamente,,"Soriano Lleras, Andrés. (1966). La medicina en el Nuevo Reino de Granada durante la Conquista y la Colonia. Universidad Nacional de Colombia."
BIB-L-0324,Libro,"Aguilera, Miguel",1967,Los clásicos y el habla popular del Nuevo Reino,Instituto Colombiano de Cultura Hispánica,,,,Bogotá,,,,,,,,No verificado externamente,,"Aguilera, Miguel. (1967). Los clásicos y el habla popular del Nuevo Reino. Instituto Colombiano de Cultura Hispánica."
BIB-L-0325,Libro,Biblioteca Luis-Ángel Arango,1967,Boletín cultural y bibliográfico.,,,,,,,,,,,,,No verificado externamente,,Biblioteca Luis-Ángel Arango. (1967). Boletín cultural y bibliográfico..
BIB-L-0326,Libro,"Camacho, Luis",1967,"El testamento del armadillo. Coplas en la Provincia de Velez, Santander",Antares Tercer Mundo,,,,Bogotá,,,,,,,,No verificado externamente,,"Camacho, Luis. (1967). El testamento del armadillo. Coplas en la Provincia de Velez, Santander. Antares Tercer Mundo."
BIB-L-0327,Libro,"Jiménez, Carlos",1967,Notas y Ensayos: Un intento de penetración al fenómeno antioqueño,Aguirre,,,,Medellín,,,,,,,,No verificado externamente,,"Jiménez, Carlos. (1967). Notas y Ensayos: Un intento de penetración al fenómeno antioqueño. Aguirre."
BIB-L-0328,Libro,"List, George",1967,The folk of the Atlantic Litoral of Colombia,Indiana University Press,,,,Bloomington,,,,,,,,No verificado externamente,,"List, George. (1967). The folk of the Atlantic Litoral of Colombia. Indiana University Press."
BIB-L-0329,Libro,"Molina Uribe, Antonio",1967,A echar cuentos: Consejas y leyendas del mito campesino,Bedout,,,,Medellín,,,,,,,,No verificado externamente,,"Molina Uribe, Antonio. (1967). A echar cuentos: Consejas y leyendas del mito campesino. Bedout."
BIB-L-0330,Libro,"Uribe, Arturo Escobar",1967,Rezadores y ayudados : influencia de la magia en el folclor,Gráf. Venus,,,,"Bogotá, D.E",,,,,,,,No verificado externamente,,"Uribe, Arturo Escobar. (1967). Rezadores y ayudados : influencia de la magia en el folclor. Gráf. Venus."
BIB-L-0331,Libro,"Zapata Olivella, Manuel",1967,"Chambacú, corral de Negros (novela)",Bedout,,,,Medellín,,,,,,,,No verificado externamente,,"Zapata Olivella, Manuel. (1967). Chambacú, corral de Negros (novela). Bedout."
BIB-L-0332,Libro,"Bermudez-Silva, Jesus",1968,"Algunos Cantos Nativos Tradicionales, de la Region de Guapi (Cauca)","Imprenta Nacional,",,,,Bogotá,,,,,,,,No verificado externamente,,"Bermudez-Silva, Jesus. (1968). Algunos Cantos Nativos Tradicionales, de la Region de Guapi (Cauca). Imprenta Nacional,."
BIB-L-0333,Libro,Biblioteca Luis-Ángel Arango,1968,Boletín cultural y bibliográfico.,,,,,,,,,,,,,No verificado externamente,,Biblioteca Luis-Ángel Arango. (1968). Boletín cultural y bibliográfico..
BIB-L-0334,Libro,"Fraser, Norman",1968,"Algunos Cantos Nativos Tradicionales, de la Region de Guapi (Cauca)","Imprenta Nacional,",,,,Bogotá,,,,,,,,No verificado externamente,,"Fraser, Norman. (1968). Algunos Cantos Nativos Tradicionales, de la Region de Guapi (Cauca). Imprenta Nacional,."
BIB-L-0335,Libro,"Goldman, Irving",1968,Los Cubeo,Instituto Indigenista Interamericano,,,,México,,,,,,,,No verificado externamente,,"Goldman, Irving. (1968). Los Cubeo. Instituto Indigenista Interamericano."
BIB-L-0336,Libro,"M., Guillermo Abadia",1968,"Algunos Cantos Nativos Tradicionales, de la Region de Guapi (Cauca)","Imprenta Nacional,",,,,Bogotá,,,,,,,,No verificado externamente,,"M., Guillermo Abadia. (1968). Algunos Cantos Nativos Tradicionales, de la Region de Guapi (Cauca). Imprenta Nacional,."
BIB-L-0337,Libro,"Martínez Villalba, Víctor",1968,Curiosidades de Santander,Pax,,,,Bucaramanga,,,,,,,,No verificado externamente,,"Martínez Villalba, Víctor. (1968). Curiosidades de Santander. Pax."
BIB-L-0338,Libro,"Meza, Blanca. Isaza de Jaramillo",1968,Romances y sonetos.,"V.,",,,,Colombia,,,,,,,,No verificado externamente,,"Meza, Blanca. Isaza de Jaramillo. (1968). Romances y sonetos.. V.,."
BIB-L-0339,Libro,"Reichel-Dolmatoff, Gerardo",1968,Desana: Simbolismo de los indios Tucano del Vaupés,Universidad de Los Andes,,,,Bogotá,,,,,,,,No verificado externamente,,"Reichel-Dolmatoff, Gerardo. (1968). Desana: Simbolismo de los indios Tucano del Vaupés. Universidad de Los Andes."
BIB-L-0340,Libro,"Rocha Castilla, Cesareo",1968,Prehistoria y folclor del Tolima,"Direccion de Educacion del Departamento,",,,,Colombia,,,,,,,,No verificado externamente,,"Rocha Castilla, Cesareo. (1968). Prehistoria y folclor del Tolima. Direccion de Educacion del Departamento,."
BIB-L-0341,Libro,"Villalba, Victor. Martínez",1968,Curiosidades de Santander. Con ilustraciones y coplas del autor.,,,,,Bucaramanga,,,,,,,,No verificado externamente,,"Villalba, Victor. Martínez. (1968). Curiosidades de Santander. Con ilustraciones y coplas del autor.."
BIB-L-0342,Libro,"Villalba, Víctor. Martínez",1968,Curiosidades de Santander.,"E. Pax,",,,,Bucaramanga,,,,,,,,No verificado externamente,,"Villalba, Víctor. Martínez. (1968). Curiosidades de Santander.. E. Pax,."
BIB-L-0343,Libro,"Zaenz, Napoleón",1968,Villa de Leiva: Tradiciones y anhelos,Litografía del Comando del Ejército,,,,Bogotá,,,,,,,,No verificado externamente,,"Zaenz, Napoleón. (1968). Villa de Leiva: Tradiciones y anhelos. Litografía del Comando del Ejército."
BIB-L-0344,Libro,"Almeida, Renato",1969,Danses africaines en Amerique Latine,Ministerio de Educacao e cultura,,,,Río de Janeiro,,,,,,,,No verificado externamente,,"Almeida, Renato. (1969). Danses africaines en Amerique Latine. Ministerio de Educacao e cultura."
BIB-L-0345,Libro,"Beutler, Gisela",1969,Studien zum Spanischen romancero In Kolumbien,Carl Winter Universität,,,,Heidelberg,,,,,,,,No verificado externamente,,"Beutler, Gisela. (1969). Studien zum Spanischen romancero In Kolumbien. Carl Winter Universität."
BIB-L-0346,Libro,"Bristol, Melvin",1969,Three Datura drugs of the Colombian Sibundoy,"Botanical Museum Leaflets, Harvard University",,,,Cambridge,,,,,,,,No verificado externamente,,"Bristol, Melvin. (1969). Three Datura drugs of the Colombian Sibundoy. Botanical Museum Leaflets, Harvard University."
BIB-L-0347,Libro,"Celis, Lilia. Montaña de Silva",1969,Dos leyendas aborígenes del lago de Tota. Presentación de Andrés Pardo Tovar.,Lotería de Beneficencia de Boyacá,,,,Bogotá,,,,,,,,No verificado externamente,,"Celis, Lilia. Montaña de Silva. (1969). Dos leyendas aborígenes del lago de Tota. Presentación de Andrés Pardo Tovar.. Lotería de Beneficencia de Boyacá."
BIB-L-0348,Libro,"Flórez, Luis",1969,Léxico del cuerpo humano,Instituto Caro y Cuervo,,,,Bogotá,,,,,,,,No verificado externamente,,"Flórez, Luis. (1969). Léxico del cuerpo humano. Instituto Caro y Cuervo."
BIB-L-0349,Libro,"Gómez, Antonio",1969,Los Cuna: Aspectos culturales de su adaptación al ambiente,Universidad de los Andes,,,,Bogotá,,,,,,,,No verificado externamente,,"Gómez, Antonio. (1969). Los Cuna: Aspectos culturales de su adaptación al ambiente. Universidad de los Andes."
BIB-L-0350,Libro,"Martinez, Ramiro. Pinzon",1969,La ensaladilla en el folclor nortesantandereano,"Editorial Stella,",,,,Bogotá,,,,,,,,No verificado externamente,,"Martinez, Ramiro. Pinzon. (1969). La ensaladilla en el folclor nortesantandereano. Editorial Stella,."
BIB-L-0351,Libro,"Montaña de Silva, Lilia",1969,Dos leyendas aborígenes del lago de Tota,Ediciones de la Beneficiencia y la Industria de Licores de Boyacá,,,,Bogotá,,,,,,,,No verificado externamente,,"Montaña de Silva, Lilia. (1969). Dos leyendas aborígenes del lago de Tota. Ediciones de la Beneficiencia y la Industria de Licores de Boyacá."
BIB-L-0352,Libro,"Ripoll, Carlos",1969,Obras completas,Universidad Externado de Colombia,,,,,,,,,,,,No verificado externamente,,"Ripoll, Carlos. (1969). Obras completas. Universidad Externado de Colombia."
BIB-L-0353,Libro,"Ripoll, Carlos",1969,Obras completas,Universidad Externado de Colombia,,,,Bogotá,,,,,,,,No verificado externamente,,"Ripoll, Carlos. (1969). Obras completas. Universidad Externado de Colombia."
BIB-L-0354,Libro,"Ripoll, Carlos",1969,Obras completas,Universidad Externado de Colombia,,,,Colombia,,,,,,,,No verificado externamente,,"Ripoll, Carlos. (1969). Obras completas. Universidad Externado de Colombia."
BIB-L-0355,Libro,"Ripoll, Carlos",1969,Obras completas,Universidad Externado de Colombia,,,,Bogotá,,,,,,,,No verificado externamente,,"Ripoll, Carlos. (1969). Obras completas. Universidad Externado de Colombia."
BIB-L-0356,Libro,"Seijas, Haydée",1969,The medical system of the Sibundoy indians of Colombia,University Microfilms,,,,Ann Arbor,,,,,,,,No verificado externamente,,"Seijas, Haydée. (1969). The medical system of the Sibundoy indians of Colombia. University Microfilms."
BIB-L-0357,Libro,"Soto, Alvaro",1969,Mitos de los Cubeo. Tesis,Universidad de los Andes,,,,Bogotá,,,,,,,,No verificado externamente,,"Soto, Alvaro. (1969). Mitos de los Cubeo. Tesis. Universidad de los Andes."
BIB-L-0358,Libro,Universidad de Antioquia. Departamento de Antropología.,1969,Boletín de antropología,La Universidad,,,,,,,,,,,,No verificado externamente,,Universidad de Antioquia. Departamento de Antropología.. (1969). Boletín de antropología. La Universidad.
BIB-L-0359,Libro,"Universidad de Antioquia., Darío. Blanco",1969,Boletín de antropología,La Universidad,,,,,,,,,,,,No verificado externamente,,"Universidad de Antioquia., Darío. Blanco. (1969). Boletín de antropología. La Universidad."
BIB-L-0360,Libro,"Villa, Eugenia",1969,"El campesinado latinoamericano: Los Guambiano, ¿un pueblo campesino? Tesis",Universidad de Los Andes,,,,Bogotá,,,,,,,,No verificado externamente,,"Villa, Eugenia. (1969). El campesinado latinoamericano: Los Guambiano, ¿un pueblo campesino? Tesis. Universidad de Los Andes."
BIB-L-0361,Libro,"Abadía, Guillermo",1970,Compendio General del Folclor Colombiano,Instituto Colombiano de Antropología,,,,Bogotá,,,,,,,,No verificado externamente,,"Abadía, Guillermo. (1970). Compendio General del Folclor Colombiano. Instituto Colombiano de Antropología."
BIB-L-0362,Libro,"Alvarez, Blanca.",1970,Bajo el cielo hechizado del Tolima : mitos y leyendas del Tolima Grande,"Felibro,",,,,Ibagué,,,,,,,,No verificado externamente,,"Alvarez, Blanca.. (1970). Bajo el cielo hechizado del Tolima : mitos y leyendas del Tolima Grande. Felibro,."
BIB-L-0363,Libro,"Alvarez, Ramiro y otros",1970,Tres danzas de Mompós,Imprenta Municipal,,,,Medellín,,,,,,,,No verificado externamente,,"Alvarez, Ramiro y otros. (1970). Tres danzas de Mompós. Imprenta Municipal."
BIB-L-0364,Libro,"Bermúdez Silva, Jesús y Abadía, Guillermo",1970,"Aires musicales de los indios Guambianos del Cauca, Colombia. Centro de estudios folclóricos y musicales del Conservatorio Nacional",Universidad Nacional,,,,Bogotá,,,,,,,,No verificado externamente,,"Bermúdez Silva, Jesús y Abadía, Guillermo. (1970). Aires musicales de los indios Guambianos del Cauca, Colombia. Centro de estudios folclóricos y musicales del Conservatorio Nacional. Universidad Nacional."
BIB-L-0365,Libro,"Celis, Lilia. Montaña de Silva",1970,"Mitos, leyendas tradiciones y folclor del Lago de Tota.","Universidad pedagógica y tecnológica de Colombia, Ediciones ""La Rana y el aguila"",",,,,Tunja,,,,,,,,No verificado externamente,,"Celis, Lilia. Montaña de Silva. (1970). Mitos, leyendas tradiciones y folclor del Lago de Tota.. Universidad pedagógica y tecnológica de Colombia, Ediciones ""La Rana y el aguila"",."
BIB-L-0366,Libro,"Celis, Lilia. Montaña de Silva",1970,"Mitos, leyendas tradiciones y folclor del Lago de Tota.","Ediciones La Rana y el Aguila,",,,,Tunja,,,,,,,,No verificado externamente,,"Celis, Lilia. Montaña de Silva. (1970). Mitos, leyendas tradiciones y folclor del Lago de Tota.. Ediciones La Rana y el Aguila,."
BIB-L-0367,Libro,"Cifuentes, Luz Stella. Rico",1970,El tiple en el folclor de nuestra patria,Universidad de la Salle,,,,Bogotá,,,,,,,,No verificado externamente,,"Cifuentes, Luz Stella. Rico. (1970). El tiple en el folclor de nuestra patria. Universidad de la Salle."
BIB-L-0368,Libro,"Davidson, Harry",1970,"Diccionario folclórico de Colombia. Música, instrumentos y danzas",Imprenta del Banco de la República,,,,Bogotá,,,,,,,,No verificado externamente,,"Davidson, Harry. (1970). Diccionario folclórico de Colombia. Música, instrumentos y danzas. Imprenta del Banco de la República."
BIB-L-0369,Libro,"Davidson, Harry C",1970,"Diccionario folklórico de Colombia; música, instrumentos y danzas","Banco de la República,",,,,Bogotá,,,,,,,,No verificado externamente,,"Davidson, Harry C. (1970). Diccionario folklórico de Colombia; música, instrumentos y danzas. Banco de la República,."
BIB-L-0370,Libro,"Marín, Alvaro.",1970,"Folclor para niños, colombiano y universal : actividades de dibujo y lectura dentro de los programas de la enseñanza elemental","Editorial Villegas,",,,,Bogotá,,,,,,,,No verificado externamente,,"Marín, Alvaro.. (1970). Folclor para niños, colombiano y universal : actividades de dibujo y lectura dentro de los programas de la enseñanza elemental. Editorial Villegas,."
BIB-L-0371,Libro,"Martínez, Pedro Bernal",1970,Romances. T. 2,Imp. Carreño,,,,"Cartagena, Colombia",,,,,,,,No verificado externamente,,"Martínez, Pedro Bernal. (1970). Romances. T. 2. Imp. Carreño."
BIB-L-0372,Libro,"Montaña de Silva, Lilia",1970,"Mitos, leyendas, tradiciones y folclor del Lago de Tota",Universidad Pedagógica y Tecnológica de Colombia,,,,Tunja,,,,,,,,No verificado externamente,,"Montaña de Silva, Lilia. (1970). Mitos, leyendas, tradiciones y folclor del Lago de Tota. Universidad Pedagógica y Tecnológica de Colombia."
BIB-L-0373,Libro,"Montaña de Silva, Lilia",1970,"Mitos, tradiciones, leyendas y folclor del lago de Tota",Universidad Pedagógica y Tecnológica de Colombia,,,,Tunja,,,,,,,,No verificado externamente,,"Montaña de Silva, Lilia. (1970). Mitos, tradiciones, leyendas y folclor del lago de Tota. Universidad Pedagógica y Tecnológica de Colombia."
BIB-L-0374,Libro,"Muñoz, Laurentino",1970,"Historia natural del conejillo de Indias, Cuy, Curí, Cobayo",Talleres del Departamento,,,,Popayán,,,,,,,,No verificado externamente,,"Muñoz, Laurentino. (1970). Historia natural del conejillo de Indias, Cuy, Curí, Cobayo. Talleres del Departamento."
BIB-L-0375,Libro,"Ocampo López, Javier",1970,El folclor y su manifestación en las supervivencias musicales en Colombia,Universidad Pedagógica y Tecnológica de Colombia,,,,Tunja,,,,,,,,No verificado externamente,,"Ocampo López, Javier. (1970). El folclor y su manifestación en las supervivencias musicales en Colombia. Universidad Pedagógica y Tecnológica de Colombia."
BIB-L-0376,Libro,"Ocampo López, Javier",1970,El folclor y su manifestación en las supervivencias musicales de Colombia,Universidad Pedagógica y Tecnológica de Colombia,,,,Tunja,,,,,,,,No verificado externamente,,"Ocampo López, Javier. (1970). El folclor y su manifestación en las supervivencias musicales de Colombia. Universidad Pedagógica y Tecnológica de Colombia."
BIB-L-0377,Libro,"Ocampo López, Javier",1970,El folclor y su manifestación en las supervivencias musicales en Colombia,"Univ. Ped. y Techn. de Colombia,",,,,Tunja,,,,,,,,No verificado externamente,,"Ocampo López, Javier. (1970). El folclor y su manifestación en las supervivencias musicales en Colombia. Univ. Ped. y Techn. de Colombia,."
BIB-L-0378,Libro,"Zapata Olivella, Manuel",1970,Tradición oral y conducta en Córdoba,Instituto Colombiano de la Reforma Agraria,,,,Bogotá,,,,,,,,No verificado externamente,,"Zapata Olivella, Manuel. (1970). Tradición oral y conducta en Córdoba. Instituto Colombiano de la Reforma Agraria."
BIB-L-0379,Libro,"Abadía, Guillermo",1971,Coplerío colombiano,Colección Popular de Colcultura,,,,Bogotá,,,,,,,,No verificado externamente,,"Abadía, Guillermo. (1971). Coplerío colombiano. Colección Popular de Colcultura."
BIB-L-0380,Libro,"Abadía, Guillermo",1971,"Coplerio colombiano : selección de ""cantas"" populares de Colombia","Instituto Colombiano de Cultura,",,,,Bogotá,,,,,,,,No verificado externamente,,"Abadía, Guillermo. (1971). Coplerio colombiano : selección de ""cantas"" populares de Colombia. Instituto Colombiano de Cultura,."
BIB-L-0381,Libro,"Arango Cano, Jesús",1971,Aborígenes legendarios y dioses chibchas,"Movifoto,",,,,Medellín,,,,,,,,No verificado externamente,,"Arango Cano, Jesús. (1971). Aborígenes legendarios y dioses chibchas. Movifoto,."
BIB-L-0382,Libro,"García Prada, Carlos",1971,La copla errante en tierras colombianas,"Ediciones Iberoamericanas,",,,,Madrid,,,,,,,,No verificado externamente,,"García Prada, Carlos. (1971). La copla errante en tierras colombianas. Ediciones Iberoamericanas,."
BIB-L-0383,Libro,"Krickeberg, Walter C N - HAYDEN STACKS F1219 .K8218x SHELF WEST STACKS F1219 .K8218x SHELF",1971,"Mitos y leyendas de los Aztecas, Incas, Mayas y Muiscas","Fondo de Cultura Económica,",,,,México,,,,,,,,No verificado externamente,,"Krickeberg, Walter C N - HAYDEN STACKS F1219 .K8218x SHELF WEST STACKS F1219 .K8218x SHELF. (1971). Mitos y leyendas de los Aztecas, Incas, Mayas y Muiscas. Fondo de Cultura Económica,."
BIB-L-0384,Libro,"Lewin, Doris",1971,"Altaquer, un pueblo colombiano",Tesis. Universidad de los Andes,,,,Bogotá,,,,,,,,No verificado externamente,,"Lewin, Doris. (1971). Altaquer, un pueblo colombiano. Tesis. Universidad de los Andes."
BIB-L-0385,Libro,"Martinez, Ramiro. Pinzón",1971,Ciencia y folclor,[s.n],,,,Bogotá,,,,,,,,No verificado externamente,,"Martinez, Ramiro. Pinzón. (1971). Ciencia y folclor. [s.n]."
BIB-L-0386,Libro,"Prada, Carlos Garc�ia",1971,La copla errante en tierras colombianas,Edic. Iberoamericanas,,,,Madrid,,,,,,,,No verificado externamente,,"Prada, Carlos Garc�ia. (1971). La copla errante en tierras colombianas. Edic. Iberoamericanas."
BIB-L-0387,Libro,"Torres, Alfonso",1971,Mito y cultura entre los Barasana,Universidad de los Andes,,,,Bogotá,,,,,,,,No verificado externamente,,"Torres, Alfonso. (1971). Mito y cultura entre los Barasana. Universidad de los Andes."
BIB-L-0388,Libro,Universidad Nacional de Colombia,1971,Metodología de la comunicación socio-antropológica. Curso de salud pública para graduados,Facultad de Medicina,,,,Bogotá,,,,,,,,No verificado externamente,,Universidad Nacional de Colombia. (1971). Metodología de la comunicación socio-antropológica. Curso de salud pública para graduados. Facultad de Medicina.
BIB-L-0389,Libro,Asociación Colombiana de Mineros,1972,"La minería Antioqueña: Literatura, tradiciones, documentos",Talleres del Banco de la República,,,,Bogotá,,,,,,,,No verificado externamente,,"Asociación Colombiana de Mineros. (1972). La minería Antioqueña: Literatura, tradiciones, documentos. Talleres del Banco de la República."
BIB-L-0390,Libro,"Bolaños, Héctor",1972,Diccionario Pastuso,Imprenta del Departamento,,,,Pasto,,,,,,,,No verificado externamente,,"Bolaños, Héctor. (1972). Diccionario Pastuso. Imprenta del Departamento."
BIB-L-0391,Libro,"Delgado, Camilo S.",1972,"Historias, leyendas y tradiciones de Cartagena",Mogollón,,,,"Cartagena, Colombia",,,,,,,,No verificado externamente,,"Delgado, Camilo S.. (1972). Historias, leyendas y tradiciones de Cartagena. Mogollón."
BIB-L-0392,Libro,"Delgado, Camilo S.",1972,"Historias, leyendas y tradiciones de Cartagena","Instituto Colombiano de Cultura,",,,,Bogotá,,,,,,,,No verificado externamente,,"Delgado, Camilo S.. (1972). Historias, leyendas y tradiciones de Cartagena. Instituto Colombiano de Cultura,."
BIB-L-0393,Libro,"Delgado, Camilo S.",1972,"Historias, leyendas y tradiciones de Cartagena","Colcultura,",,,,Bogotá,,,,,,,,No verificado externamente,,"Delgado, Camilo S.. (1972). Historias, leyendas y tradiciones de Cartagena. Colcultura,."
BIB-L-0394,Libro,"Delgado, Camilo S.",1972,"Historias, leyendas y tradiciones de Cartagena","J. Mogllón,",,,,Cartagena de Indias,,,,,,,,No verificado externamente,,"Delgado, Camilo S.. (1972). Historias, leyendas y tradiciones de Cartagena. J. Mogllón,."
BIB-L-0395,Libro,"Furst, Peter",1972,Flesh of the Gods. The ritual use of allucinogens,Praeger,,,,Nueva York,,,,,,,,No verificado externamente,,"Furst, Peter. (1972). Flesh of the Gods. The ritual use of allucinogens. Praeger."
BIB-L-0396,Libro,"Keller, Carlos",1972,Mitos y leyendas de Chile,"Universidad Nacional de Colombia. Facultad de Arquitectura,",,,,Medellín,,,,,,,,No verificado externamente,,"Keller, Carlos. (1972). Mitos y leyendas de Chile. Universidad Nacional de Colombia. Facultad de Arquitectura,."
BIB-L-0397,Libro,"Olivella, Manuel Zapata",1972,Tradición oral y conducta en Córdoba : estudio investigativo elaborado para la División de Desarrollo Social Campesino del Incora,"Subgerencia de Desarrollo Agricola, División de Desarrollo Social Campesino,",,,,Bogotá,,,,,,,,No verificado externamente,,"Olivella, Manuel Zapata. (1972). Tradición oral y conducta en Córdoba : estudio investigativo elaborado para la División de Desarrollo Social Campesino del Incora. Subgerencia de Desarrollo Agricola, División de Desarrollo Social Campesino,."
BIB-L-0398,Libro,"Zapata Olivella, Manuel",1972,Tradición oral y conducta en Córdoba,Incora,,,,Bogotá,,,,,,,,No verificado externamente,,"Zapata Olivella, Manuel. (1972). Tradición oral y conducta en Córdoba. Incora."
BIB-L-0399,Libro,"Abadía, Guillermo",1973,La música folclórica colombiana,Universidad Nacional,,,,Bogotá,,,,,,,,No verificado externamente,,"Abadía, Guillermo. (1973). La música folclórica colombiana. Universidad Nacional."
BIB-L-0400,Libro,"C, Carlos Ernesto Pinzón",1973,Dichos y refranes oídos en Colombia,"Instituto Colombiano de Cultura,",,,,Bogotá,,,,,,,,No verificado externamente,,"C, Carlos Ernesto Pinzón. (1973). Dichos y refranes oídos en Colombia. Instituto Colombiano de Cultura,."
BIB-L-0401,Libro,"C, Carlos Ernesto Pinzón",1973,Dichos y refranes oídos en Colombia,"[Instituto Colombiano de Cultura],",,,,Bogotá,,,,,,,,No verificado externamente,,"C, Carlos Ernesto Pinzón. (1973). Dichos y refranes oídos en Colombia. [Instituto Colombiano de Cultura],."
BIB-L-0402,Libro,"D'Costa, Enrique Otero",1973,Montañas de Santander,"Banco Popular,",,,,Bogotá,,,,,,,,No verificado externamente,,"D'Costa, Enrique Otero. (1973). Montañas de Santander. Banco Popular,."
BIB-L-0403,Libro,"Guevara, Max López",1973,Leyendas indígenas de Colombia,"Universidad Pedagógica y Tecnológica de Colombia, Fondo Especial de Publicaciones :",,,,Tunja,,,,,,,,No verificado externamente,,"Guevara, Max López. (1973). Leyendas indígenas de Colombia. Universidad Pedagógica y Tecnológica de Colombia, Fondo Especial de Publicaciones :."
BIB-L-0404,Libro,"Guevara, Max. López",1973,Leyendas indígenas de Colombia,"La Rana y el aguila,",,,,Tunja,,,,,,,,No verificado externamente,,"Guevara, Max. López. (1973). Leyendas indígenas de Colombia. La Rana y el aguila,."
BIB-L-0405,Libro,Instituto Lingüístico de Verano,1973,Aspectos de la cultura material de los grupos étnicos de Colombia,Instituto Lingüístico de Verano y Ministerio de Gobierno,,,,Bogotá,,,,,,,,No verificado externamente,,Instituto Lingüístico de Verano. (1973). Aspectos de la cultura material de los grupos étnicos de Colombia. Instituto Lingüístico de Verano y Ministerio de Gobierno.
BIB-L-0406,Libro,Leyendas indígenas,1973,Leyendas indígenas,Universidad Pedagógica y Tecnológica de Colombia,,,,Tunja,,,,,,,,No verificado externamente,,Leyendas indígenas. (1973). Leyendas indígenas. Universidad Pedagógica y Tecnológica de Colombia.
BIB-L-0407,Libro,"Marulanda, Octavio",1973,Folclor y cultura General,Instituto Popular de Cultura,,,,Cali,,,,,,,,No verificado externamente,,"Marulanda, Octavio. (1973). Folclor y cultura General. Instituto Popular de Cultura."
BIB-L-0408,Libro,"Molina, Consuelo de",1973,Vallenatología,Tercer Mundo,,,,Bogotá,,,,,,,,No verificado externamente,,"Molina, Consuelo de. (1973). Vallenatología. Tercer Mundo."
BIB-L-0409,Libro,"Morales Gómez, Jorge",1973,Introducción a la etnografía de los Cuna Colombianos,Universidad de Los Andes,,,,Bogotá,,,,,,,,No verificado externamente,,"Morales Gómez, Jorge. (1973). Introducción a la etnografía de los Cuna Colombianos. Universidad de Los Andes."
BIB-L-0410,Libro,"Quintero, Jorge. Pacheco",1973,"Antología de la poesía en Colombia ... 2, El Neoclasicismo. Los Romances tradicionales","Instituto Caro y Cuervo,",,,,Bogotá,,,,,,,,No verificado externamente,,"Quintero, Jorge. Pacheco. (1973). Antología de la poesía en Colombia ... 2, El Neoclasicismo. Los Romances tradicionales. Instituto Caro y Cuervo,."
BIB-L-0411,Libro,"Salazar, Dario. Echeverri",1973,Décimas de la duda,Eds. Ins.t de Cultura de Risaralda,,,,Colombia,,,,,,,,No verificado externamente,,"Salazar, Dario. Echeverri. (1973). Décimas de la duda. Eds. Ins.t de Cultura de Risaralda."
BIB-L-0412,Libro,Varios,1973,Museo de Cuadros de Costumbres,"Biblioteca del Banco Popular: 46, 47, 48, 49",,,,Bogotá,,,,,,,,No verificado externamente,,"Varios. (1973). Museo de Cuadros de Costumbres. Biblioteca del Banco Popular: 46, 47, 48, 49."
BIB-L-0413,Libro,"Barlow, Genevieve",1974,"Leyendas latinoamericanas : [Argentina, Bolivia, Colombia, Guatemala, Honduras, México, Paraguay, Perú, Puerto Rico, Venezuela]","National Textbook Co.,",,,,"Lincolnwood, Ill",,,,,,,,No verificado externamente,,"Barlow, Genevieve. (1974). Leyendas latinoamericanas : [Argentina, Bolivia, Colombia, Guatemala, Honduras, México, Paraguay, Perú, Puerto Rico, Venezuela]. National Textbook Co.,."
BIB-L-0414,Libro,"Borja, Roberto",1974,"Leyendas latinoamericanas : [Argentina, Bolivia, Colombia, Guatemala, Honduras, México, Paraguay, Perú, Puerto Rico, Venezuela]","National Textbook Co.,",,,,"Lincolnwood, Ill",,,,,,,,No verificado externamente,,"Borja, Roberto. (1974). Leyendas latinoamericanas : [Argentina, Bolivia, Colombia, Guatemala, Honduras, México, Paraguay, Perú, Puerto Rico, Venezuela]. National Textbook Co.,."
BIB-L-0415,Libro,"Gutiérrez, Germán de. Granda",1974,"Décimas tradicionales en Iscuandé (Nariño, Colombia)","[s.n.],",,,,Madrid,,,,,,,,No verificado externamente,,"Gutiérrez, Germán de. Granda. (1974). Décimas tradicionales en Iscuandé (Nariño, Colombia). [s.n.],."
BIB-L-0416,Libro,Anónimo,1976,Folclor indígena de Colombia,"Townsend,",,,,"Lomalinda (Meta, Colombia)",,,,,,,,No verificado externamente,,"Anónimo. (1976). Folclor indígena de Colombia. Townsend,."
BIB-L-0417,Libro,"Carranza, Eduardo",1976,Leyendas del corazón y otras páginas abandonadas,"Biblioteca ""Centenario del Banco de Colombia"",",,,,Bogotá,,,,,,,,No verificado externamente,,"Carranza, Eduardo. (1976). Leyendas del corazón y otras páginas abandonadas. Biblioteca ""Centenario del Banco de Colombia"",."
BIB-L-0418,Libro,"Uribe, Antonio. Molina",1976,"A echar cuentos, pues ... ¿ ; consejos y leyendas del mito capesino","Bedout,",,,,Medellín,,,,,,,,No verificado externamente,,"Uribe, Antonio. Molina. (1976). A echar cuentos, pues ... ¿ ; consejos y leyendas del mito capesino. Bedout,."
BIB-L-0419,Libro,"Abadía, Guillermo",1977,Folklore colombiano para turismo,"Corporación Nacional de Turismo,",,,,Bogotá,,,,,,,,No verificado externamente,,"Abadía, Guillermo. (1977). Folklore colombiano para turismo. Corporación Nacional de Turismo,."
BIB-L-0420,Libro,"Abadías Morales, Guillermo",1977,Compendio general del folklore colombiano,"Imprenta Nacional,",,,,Bogotá,,,,,,,,No verificado externamente,,"Abadías Morales, Guillermo. (1977). Compendio general del folklore colombiano. Imprenta Nacional,."
BIB-L-0421,Libro,"Aguirre, José Francisco",1977,Leyendas del Caribe,Aguilar,,,,Madrid,,,,,,,,No verificado externamente,,"Aguirre, José Francisco. (1977). Leyendas del Caribe. Aguilar."
BIB-L-0422,Libro,"Arce, Lucas. Moran",1977,"Enciclopedia de Colombia : Costumbrismo, cuento, novela, leyendas, tradiciones, teatro (v5).","Editorial Nueva Granada,",,,,España,,,,,,,,No verificado externamente,,"Arce, Lucas. Moran. (1977). Enciclopedia de Colombia : Costumbrismo, cuento, novela, leyendas, tradiciones, teatro (v5).. Editorial Nueva Granada,."
BIB-L-0423,Libro,"Beutler, Gisela",1977,Estudios sobre el romancero español en Colombia,Instituto Caro y Cuervo,,,,Bogotá,,,,,,,,No verificado externamente,,"Beutler, Gisela. (1977). Estudios sobre el romancero español en Colombia. Instituto Caro y Cuervo."
BIB-L-0424,Libro,"Higuera, Germán. Pinilla",1977,Culturas populares vallecaucanas : vida cotidiana y crónicas culturales.,"Secretaria de Educacion. Valle del Cauca,",,,,Colombia,,,,,,,,No verificado externamente,,"Higuera, Germán. Pinilla. (1977). Culturas populares vallecaucanas : vida cotidiana y crónicas culturales.. Secretaria de Educacion. Valle del Cauca,."
BIB-L-0425,Libro,"Monroy, Carlos. Nossa",1977,Tizones del dolor : de los ardidos leños del dolor quedan tizones que no se extinguen y cuyas candelas arden perennemente,"[publisher not identified],",,,,[Place of publication not identified],,,,,,,,No verificado externamente,,"Monroy, Carlos. Nossa. (1977). Tizones del dolor : de los ardidos leños del dolor quedan tizones que no se extinguen y cuyas candelas arden perennemente. [publisher not identified],."
BIB-L-0426,Libro,"Morales, Rafael.",1977,Leyendas del Caribe,Aguilar,,,,Madrid,,,,,,,,No verificado externamente,,"Morales, Rafael.. (1977). Leyendas del Caribe. Aguilar."
BIB-L-0427,Libro,"Nossa Monroy, Carlos",1977,Tizones del dolor ... : leyendas y cuentos de Colombia,"Presencia,",,,,Bogotá,,,,,,,,No verificado externamente,,"Nossa Monroy, Carlos. (1977). Tizones del dolor ... : leyendas y cuentos de Colombia. Presencia,."
BIB-L-0428,Libro,"Ocampo López, Javier.",1977,El pueblo boyacense y su folclor,"Corporación de Promoción Cultural de Boyacá,",,,,[Boyacá],,,,,,,,No verificado externamente,,"Ocampo López, Javier.. (1977). El pueblo boyacense y su folclor. Corporación de Promoción Cultural de Boyacá,."
BIB-L-0429,Libro,"Olivella, Manuel. Zapata",1977,EL folclor en los puertos colombianos,"Puertos de Colombia,",,,,Bogotá,,,,,,,,No verificado externamente,,"Olivella, Manuel. Zapata. (1977). EL folclor en los puertos colombianos. Puertos de Colombia,."
BIB-L-0430,Libro,"de Valle-Arizpe, Artemio",1978,"Historia, tradiciones y leyendas de calles de México","[Espitia],",,,,Cartagena de Indias,,,,,,,,No verificado externamente,,"de Valle-Arizpe, Artemio. (1978). Historia, tradiciones y leyendas de calles de México. [Espitia],."
BIB-L-0431,Libro,"Greiff, Hjalmar de",1978,Textos sobre música y folklore boletín de programas de la Radiodifusora Nacional,,,,,,,,,,,,,No verificado externamente,,"Greiff, Hjalmar de. (1978). Textos sobre música y folklore boletín de programas de la Radiodifusora Nacional."
BIB-L-0432,Libro,"Martínez Mutis, Aurelio",1978,El Romancero del Tabaco,"Imprenta del Depto.,",,,,Bucaramanga,,,,,,,,No verificado externamente,,"Martínez Mutis, Aurelio. (1978). El Romancero del Tabaco. Imprenta del Depto.,."
BIB-L-0433,Libro,"Morales Gómez, Jorge",1978,Contribución a la bibliografía del folclor Colombiano (Listado hasta 1973),"Centro Don Bosco,",,,,Bogotá,,,,,,,,No verificado externamente,,"Morales Gómez, Jorge. (1978). Contribución a la bibliografía del folclor Colombiano (Listado hasta 1973). Centro Don Bosco,."
BIB-L-0434,Libro,"Calle, Julio César Arroyave de la",1979,Tradición y leyendas de San Lorenzo de Yolombó,"Ediciones Tomás Carrasquilla,",,,,Medellín,,,,,,,,No verificado externamente,,"Calle, Julio César Arroyave de la. (1979). Tradición y leyendas de San Lorenzo de Yolombó. Ediciones Tomás Carrasquilla,."
BIB-L-0435,Libro,"Ferrer, René Uribe",1979,Antioquia en la literatura y en el folclor,"Colina,",,,,Medellín,,,,,,,,No verificado externamente,,"Ferrer, René Uribe. (1979). Antioquia en la literatura y en el folclor. Colina,."
BIB-L-0436,Libro,"Giraldo, Noel. Salazar",1979,Ayer y hoy en mis canciones.,"Editorial Quingraficas,",,,,Colombia,,,,,,,,No verificado externamente,,"Giraldo, Noel. Salazar. (1979). Ayer y hoy en mis canciones.. Editorial Quingraficas,."
BIB-L-0437,Libro,"Martín, Miguel Ángel",1979,Del folclor llanero,ECOE Ediciones,,,,Bogotá,,,,,,,,No verificado externamente,,"Martín, Miguel Ángel. (1979). Del folclor llanero. ECOE Ediciones."
BIB-L-0438,Libro,"Sánchez, Javier Montoya",1979,"Antología de creencias, mitos, teogonías, cosmogonías, leyendas y tradiciones de algunos grupos aborígenes colombianos","Secretaria de Educacion y Cultura,",,,,Medellín,,,,,,,,No verificado externamente,,"Sánchez, Javier Montoya. (1979). Antología de creencias, mitos, teogonías, cosmogonías, leyendas y tradiciones de algunos grupos aborígenes colombianos. Secretaria de Educacion y Cultura,."
BIB-L-0439,Libro,"Sánchez, Javier Montoya",1979,"Antología de creencias, mitos, teogonías, cosmogonías, leyendas y tradiciones de algunos grupos aborígenes colombianos","[Consejo de Medellín],",,,,Bogotá,,,,,,,,No verificado externamente,,"Sánchez, Javier Montoya. (1979). Antología de creencias, mitos, teogonías, cosmogonías, leyendas y tradiciones de algunos grupos aborígenes colombianos. [Consejo de Medellín],."
BIB-L-0440,Libro,"Tinoco V, Ricardo A",1979,"Las serpientes de Colombia : ciencia, mitos y leyendas","Editorial Mejoras,",,,,Colombia,,,,,,,,No verificado externamente,,"Tinoco V, Ricardo A. (1979). Las serpientes de Colombia : ciencia, mitos y leyendas. Editorial Mejoras,."
BIB-L-0441,Libro,"Benavides, Roberto. Mora",1980,El folclor de narino.,,,,,Colombia,,,,,,,,No verificado externamente,,"Benavides, Roberto. Mora. (1980). El folclor de narino.."
BIB-L-0442,Libro,"Maxime, Chevalier",1980,Cuentos populares salmantinos,"Librería Nueva,",,,,Bogotá,,,,,,,,No verificado externamente,,"Maxime, Chevalier. (1980). Cuentos populares salmantinos. Librería Nueva,."
BIB-L-0443,Libro,"Ruiz, Salvo",1980,Coplas y trovas,"Sucesores de Salvo Ruiz y Cía.,",,,,[Medellín?] Colombia,,,,,,,,No verificado externamente,,"Ruiz, Salvo. (1980). Coplas y trovas. Sucesores de Salvo Ruiz y Cía.,."
BIB-L-0444,Libro,"Solarte Lindo, Fernando.",1980,El hombre con cola de león : leyendas indígenas de Colombia,C. Valencia Editores,,,,Bogotá,,,,,,,,No verificado externamente,,"Solarte Lindo, Fernando.. (1980). El hombre con cola de león : leyendas indígenas de Colombia. C. Valencia Editores."
BIB-L-0445,Libro,"Solarte Lindo, Fernando.",1980,El hombre con cola de león : leyendas indígenas de Colombia,Panamericana,,,,Bogotá,,,,,,,,No verificado externamente,,"Solarte Lindo, Fernando.. (1980). El hombre con cola de león : leyendas indígenas de Colombia. Panamericana."
BIB-L-0446,Libro,"Alarcón, Julio Barriga",1981,Leyendas e historietas santafereñas,"Ediciones Tercer Mundo,",,,,Bogotá,,,,,,,,No verificado externamente,,"Alarcón, Julio Barriga. (1981). Leyendas e historietas santafereñas. Ediciones Tercer Mundo,."
BIB-L-0447,Libro,Anónimo,1981,"Cuentos, mitos y leyendas para ni~nos de America Latina","Coedicion Latinoamericana,",,,,Argentina,,,,,,,,No verificado externamente,,"Anónimo. (1981). Cuentos, mitos y leyendas para ni~nos de America Latina. Coedicion Latinoamericana,."
BIB-L-0448,Libro,"Bentivoglio, Galeazzo.",1981,Leyendas indígenas de la Orinoquia,Mario González,,,,Caracas,,,,,,,,No verificado externamente,,"Bentivoglio, Galeazzo.. (1981). Leyendas indígenas de la Orinoquia. Mario González."
BIB-L-0449,Libro,"Bolinaga de Dúo, María B.",1981,Leyendas indígenas de la Orinoquia,Mario González,,,,Caracas,,,,,,,,No verificado externamente,,"Bolinaga de Dúo, María B.. (1981). Leyendas indígenas de la Orinoquia. Mario González."
BIB-L-0450,Libro,General Gráfic,1981,Leyendas indígenas de la Orinoquia,Mario González,,,,Caracas,,,,,,,,No verificado externamente,,General Gráfic. (1981). Leyendas indígenas de la Orinoquia. Mario González.
BIB-L-0451,Libro,"Izquierdo, Alberto. Amaya",1981,Romances comuneros : 200 años de luchas proyectados al presente y al futuro,"Talleres Duplolito,",,,,Bogotá,,,,,,,,No verificado externamente,,"Izquierdo, Alberto. Amaya. (1981). Romances comuneros : 200 años de luchas proyectados al presente y al futuro. Talleres Duplolito,."
BIB-L-0452,Libro,"Ocampo López, Javier.",1981,El folclor y los bailes típicos colombianos,"Biblioteca de Escritores Caldenses,",,,,Manizales,,,,,,,,No verificado externamente,,"Ocampo López, Javier.. (1981). El folclor y los bailes típicos colombianos. Biblioteca de Escritores Caldenses,."
BIB-L-0453,Libro,"Olmo Lete, G. del",1981,Mitos y Leyendas de Canaán.,"Universidad Tecnológica de Pereira,",,,,Colombia,,,,,,,,No verificado externamente,,"Olmo Lete, G. del. (1981). Mitos y Leyendas de Canaán.. Universidad Tecnológica de Pereira,."
BIB-L-0454,Libro,"Pérez Vila, Manuel.",1981,Leyendas indígenas de la Orinoquia,Mario González,,,,Caracas,,,,,,,,No verificado externamente,,"Pérez Vila, Manuel.. (1981). Leyendas indígenas de la Orinoquia. Mario González."
BIB-L-0455,Libro,Anónimo,1982,"San Andresmanda gentecuna imasa costumbres y parlo yucascacuna = Leyendas y costumbres de San Andrés, Valle de Sibundoy, Intendencia del Putumayo.","Editorial Townsend,",,,,Lomalinda [Colombia],,,,,,,,No verificado externamente,,"Anónimo. (1982). San Andresmanda gentecuna imasa costumbres y parlo yucascacuna = Leyendas y costumbres de San Andrés, Valle de Sibundoy, Intendencia del Putumayo.. Editorial Townsend,."
BIB-L-0456,Libro,"Babilonia, Jaime. Atencio",1982,Fiestas de negros en el norte del Cauca : adoraciones del niño Dios,"Universidad del Valle,",,,,Cali,,,,,,,,No verificado externamente,,"Babilonia, Jaime. Atencio. (1982). Fiestas de negros en el norte del Cauca : adoraciones del niño Dios. Universidad del Valle,."
BIB-L-0457,Libro,benjamin Yepez,1982,"La estatuaria Murui-Muinane simbolismo de la Gente ""Huitoto"" de la Amazonía Colombiana","Banco de la República,",,,,Bogotá,,,,,,,,No verificado externamente,,"benjamin Yepez. (1982). La estatuaria Murui-Muinane simbolismo de la Gente ""Huitoto"" de la Amazonía Colombiana. Banco de la República,."
BIB-L-0458,Libro,"Christi, Corpus",1983,168 Journal of Latin American Anthropology,Society for Latin American Anthropology,,,,,,,,,,,,No verificado externamente,,"Christi, Corpus. (1983). 168 Journal of Latin American Anthropology. Society for Latin American Anthropology."
BIB-L-0459,Libro,"Exaltacion, At",1983,168 Journal of Latin American Anthropology,Society for Latin American Anthropology,,,,,,,,,,,,No verificado externamente,,"Exaltacion, At. (1983). 168 Journal of Latin American Anthropology. Society for Latin American Anthropology."
BIB-L-0460,Libro,"González, Judith. Porto de",1983,Cartagena teatro de leyendas,"Colgráficas,",,,,Cartagena de Indias,,,,,,,,No verificado externamente,,"González, Judith. Porto de. (1983). Cartagena teatro de leyendas. Colgráficas,."
BIB-L-0461,Libro,"Ortiz, Sergio Elías",1983,600 Coplas,"Tipografía y Fotograbado ""Javier"",",,,,Pasto,,,,,,,,No verificado externamente,,"Ortiz, Sergio Elías. (1983). 600 Coplas. Tipografía y Fotograbado ""Javier"",."
BIB-L-0462,Libro,"Peruvian, Southern",1983,168 Journal of Latin American Anthropology,Society for Latin American Anthropology,,,,,,,,,,,,No verificado externamente,,"Peruvian, Southern. (1983). 168 Journal of Latin American Anthropology. Society for Latin American Anthropology."
BIB-L-0463,Libro,"Sep-, That",1983,168 Journal of Latin American Anthropology,Society for Latin American Anthropology,,,,,,,,,,,,No verificado externamente,,"Sep-, That. (1983). 168 Journal of Latin American Anthropology. Society for Latin American Anthropology."
BIB-L-0464,Libro,Anónimo,1984,Latinoamérica indígena : relatos y leyendas.,"Ecoe Ediciones,",,,,Colombia,,,,,,,,No verificado externamente,,"Anónimo. (1984). Latinoamérica indígena : relatos y leyendas.. Ecoe Ediciones,."
BIB-L-0465,Libro,"Coedición Latinoamericana (Firm), Lourdes. Camilo de",1984,Cuentos y leyendas de amor para niños,[Aique Grupo Editor],,,,"Santo Domingo, R.D",,,,,,,,No verificado externamente,,"Coedición Latinoamericana (Firm), Lourdes. Camilo de. (1984). Cuentos y leyendas de amor para niños. [Aique Grupo Editor]."
BIB-L-0466,Libro,"Coedición Latinoamericana (Firm), Lourdes. Camilo de",1984,Cuentos y leyendas de amor para niños,Plus Ultra,,,,[Buenos Aires],,,,,,,,No verificado externamente,,"Coedición Latinoamericana (Firm), Lourdes. Camilo de. (1984). Cuentos y leyendas de amor para niños. Plus Ultra."
BIB-L-0467,Libro,"Corpas, Joaquín Piñeros",1984,Fábulas criollas,"Helio Foto Colombiana,",,,,Bogotá,,,,,,,,No verificado externamente,,"Corpas, Joaquín Piñeros. (1984). Fábulas criollas. Helio Foto Colombiana,."
BIB-L-0468,Libro,"Espinosa, Blanca Nivia. Gomez",1984,Ensayo sobre aspectos historico-culturales de la copla y la trova en el gran caldas.,"Universidad Tecnológica de Pereira,",,,,Colombia,,,,,,,,No verificado externamente,,"Espinosa, Blanca Nivia. Gomez. (1984). Ensayo sobre aspectos historico-culturales de la copla y la trova en el gran caldas.. Universidad Tecnológica de Pereira,."
BIB-L-0469,Libro,"Gutiérrez, Benigno A.",1984,De todo el maíz : arrume folklórico,"Asamblea Departamental de Antioquia,",,,,Medellín,,,,,,,,No verificado externamente,,"Gutiérrez, Benigno A.. (1984). De todo el maíz : arrume folklórico. Asamblea Departamental de Antioquia,."
BIB-L-0470,Libro,"Marulanda Morales, Octavio",1984,El folclor de Colombia : práctica de la identidad cultural,Artestudio Editores,,,,Bogotá,,,,,,,,No verificado externamente,,"Marulanda Morales, Octavio. (1984). El folclor de Colombia : práctica de la identidad cultural. Artestudio Editores."
BIB-L-0471,Libro,"Sierra, Manual José.",1984,Los Hijos de Sierra Nevada : mito kogui,"Condor Editorial,",,,,Bogotá,,,,,,,,No verificado externamente,,"Sierra, Manual José.. (1984). Los Hijos de Sierra Nevada : mito kogui. Condor Editorial,."
BIB-L-0472,Libro,"Vélez, Alvaro. Mejía",1984,Trovas en flor,"La Pluma de Oro,",,,,Medellín,,,,,,,,No verificado externamente,,"Vélez, Alvaro. Mejía. (1984). Trovas en flor. La Pluma de Oro,."
BIB-L-0473,Libro,"Arango Cano, Jesús.",1985,"Mitos, leyendas y dioses chibchas",Plaza & Janes,,,,Bogotá,,,,,,,,No verificado externamente,,"Arango Cano, Jesús.. (1985). Mitos, leyendas y dioses chibchas. Plaza & Janes."
BIB-L-0474,Libro,"Arango Cano, Jesús.",1985,"Mitos, leyendas y dioses chibchas","Plaza y Janés,",,,,Bogotá,,,,,,,,No verificado externamente,,"Arango Cano, Jesús.. (1985). Mitos, leyendas y dioses chibchas. Plaza y Janés,."
BIB-L-0475,Libro,"Arango Cano, Jesús.",1985,"Mitos, leyendas y dioses chibchas",Plaza & Janes,,,,Bogotá,,,,,,,,No verificado externamente,,"Arango Cano, Jesús.. (1985). Mitos, leyendas y dioses chibchas. Plaza & Janes."
BIB-L-0476,Libro,"Isaacs, Jorge",1985,Canciones y coplas populares,"Procultura,",,,,Bogotá,,,,,,,,No verificado externamente,,"Isaacs, Jorge. (1985). Canciones y coplas populares. Procultura,."
BIB-L-0477,Libro,"Ocampo López, Javier.",1985,Las fiestas y el folclor en Colombia,Ancora Editores,,,,Bogotá,,,,,,,,No verificado externamente,,"Ocampo López, Javier.. (1985). Las fiestas y el folclor en Colombia. Ancora Editores."
BIB-L-0478,Libro,"Restrepo, Gloria Ines. Bernal",1985,Mitos y leyendas de antioquia.,Plaza & Janés,,,,"Bogotá, D.C., Colombia",,,,,,,,No verificado externamente,,"Restrepo, Gloria Ines. Bernal. (1985). Mitos y leyendas de antioquia.. Plaza & Janés."
BIB-L-0479,Libro,"Rey, Jose Antonio. Leon",1985,"Del saber del pueblo : adivinanzas, supersticiones y refranes","Instituto Caro y Cuervo,",,,,Bogotá,,,,,,,,No verificado externamente,,"Rey, Jose Antonio. Leon. (1985). Del saber del pueblo : adivinanzas, supersticiones y refranes. Instituto Caro y Cuervo,."
BIB-L-0480,Libro,"Rey, Jose Antonio. Leon",1985,"Del saber del pueblo : adivinanzas, supersticiones y refranes","Instituto Caro y Cuervo,",,,,Bogotá,,,,,,,,No verificado externamente,,"Rey, Jose Antonio. Leon. (1985). Del saber del pueblo : adivinanzas, supersticiones y refranes. Instituto Caro y Cuervo,."
BIB-L-0481,Libro,"Trejos, Hugo. Mantilla",1985,"Diccionario llanero : 3760 vocablos, 427 refranes y dichos","El Guarracuco Blanco,",,,,Bogotá,,,,,,,,No verificado externamente,,"Trejos, Hugo. Mantilla. (1985). Diccionario llanero : 3760 vocablos, 427 refranes y dichos. El Guarracuco Blanco,."
BIB-L-0482,Libro,"Gauta, José. Rozo",1986,Copla de la zona de influencia chiquinquireña,"Futuro Editores,",,,,"Medellín, Colombia",,,,,,,,No verificado externamente,,"Gauta, José. Rozo. (1986). Copla de la zona de influencia chiquinquireña. Futuro Editores,."
BIB-L-0483,Libro,"Hernández B., Manuel (Hernández Benavides)",1986,El culebrero,Procultura,,,,Bogotá,,,,,,,,No verificado externamente,,"Hernández B., Manuel (Hernández Benavides). (1986). El culebrero. Procultura."
BIB-L-0484,Libro,Instituto Caro y Cuervo.,1986,Glosario lexicográfico del Atlas lingüístico-etnográfico de Colombia (ALEC),"Instituto Caro y Cuervo,",,,,Bogotá,,,,,,,,No verificado externamente,,"Instituto Caro y Cuervo.. (1986). Glosario lexicográfico del Atlas lingüístico-etnográfico de Colombia (ALEC). Instituto Caro y Cuervo,."
BIB-L-0485,Libro,"Jaramillo Londoño, Agustín.",1986,Testamento del paisa,"Bedout,",,,,Medellín,,,,,,,,No verificado externamente,,"Jaramillo Londoño, Agustín.. (1986). Testamento del paisa. Bedout,."
BIB-L-0486,Libro,"Montes Giraldo, José Joaquín",1986,Glosario lexicográfico del Atlas lingüístico-etnográfico de Colombia (ALEC),"Instituto Caro y Cuervo,",,,,Bogotá,,,,,,,,No verificado externamente,,"Montes Giraldo, José Joaquín. (1986). Glosario lexicográfico del Atlas lingüístico-etnográfico de Colombia (ALEC). Instituto Caro y Cuervo,."
BIB-L-0487,Libro,"Ospina, Fabio. Artunduaga",1986,Mitologia y folclor del tolima.,"F. Artunduaga Ospina,",,,,Bogotá,,,,,,,,No verificado externamente,,"Ospina, Fabio. Artunduaga. (1986). Mitologia y folclor del tolima.. F. Artunduaga Ospina,."
BIB-L-0488,Libro,"Villegas Arango, Jorge",1986,El culebrero,Procultura,,,,Bogotá,,,,,,,,No verificado externamente,,"Villegas Arango, Jorge. (1986). El culebrero. Procultura."
BIB-L-0489,Libro,"Bermúdez Cujar, Egberto",1987,Música tradicional y popular colombiana,"Procultura,",,,,Bogotá,,,,,,,,No verificado externamente,,"Bermúdez Cujar, Egberto. (1987). Música tradicional y popular colombiana. Procultura,."
BIB-L-0490,Libro,"Bravo, Joaquin Antonio. Isaza",1987,Relatos y leyendas orales (kamsa-emberachami).,"Ser. Col. Com. Social,",,,,Colombia,,,,,,,,No verificado externamente,,"Bravo, Joaquin Antonio. Isaza. (1987). Relatos y leyendas orales (kamsa-emberachami).. Ser. Col. Com. Social,."
BIB-L-0491,Libro,"Cobo Borda, J G",1987,Fábulas y leyendas de el Dorado,Tusquets Editores,,,,Barcelona,,,,,,,,No verificado externamente,,"Cobo Borda, J G. (1987). Fábulas y leyendas de el Dorado. Tusquets Editores."
BIB-L-0492,Libro,"Duque, José Ignacio.",1987,"Antioquia : su pueblo sus mitos, supersticiones, y leyendas : hechos parasicológicos","Pluma de Oro,",,,,[Colombia],,,,,,,,No verificado externamente,,"Duque, José Ignacio.. (1987). Antioquia : su pueblo sus mitos, supersticiones, y leyendas : hechos parasicológicos. Pluma de Oro,."
BIB-L-0493,Libro,"Nieto de Arias, Gloria.",1987,"Raices del universo : creencias, mitos y leyendas.",Ediciones Gamma,,,,[Colombia],,,,,,,,No verificado externamente,,"Nieto de Arias, Gloria.. (1987). Raices del universo : creencias, mitos y leyendas.. Ediciones Gamma."
BIB-L-0494,Libro,"Reyez, Eutimio.",1987,"Fe, Mito y Folclor de las Romerias Boyacences.",Academia Boyacense de Historia,,,,"Tunja, Boyacá, Colombia",,,,,,,,No verificado externamente,,"Reyez, Eutimio.. (1987). Fe, Mito y Folclor de las Romerias Boyacences.. Academia Boyacense de Historia."
BIB-L-0495,Libro,"Ruiz, Clarisa.",1987,Palabras que me gustan : diccionario fantástico,Editorial Norma,,,,Bogotá,,,,,,,,No verificado externamente,,"Ruiz, Clarisa.. (1987). Palabras que me gustan : diccionario fantástico. Editorial Norma."
BIB-L-0496,Libro,Servicio Colombiano de Comunicación Social.,1987,"Relatos y leyendas orales : kamsá, emberá, chamí.",Servicio Colombiano de Comunicación Social,,,,Bogotá,,,,,,,,No verificado externamente,,"Servicio Colombiano de Comunicación Social.. (1987). Relatos y leyendas orales : kamsá, emberá, chamí.. Servicio Colombiano de Comunicación Social."
BIB-L-0497,Libro,"Tomás, María Angeles.",1987,Los descendientes del sol y otras leyendas de América,Labor,,,,Barcelona,,,,,,,,No verificado externamente,,"Tomás, María Angeles.. (1987). Los descendientes del sol y otras leyendas de América. Labor."
BIB-L-0498,Libro,"Vallejo, Esperanza.",1987,Palabras que me gustan : diccionario fantástico,Editorial Norma,,,,Bogotá,,,,,,,,No verificado externamente,,"Vallejo, Esperanza.. (1987). Palabras que me gustan : diccionario fantástico. Editorial Norma."
BIB-L-0499,Libro,Anónimo,1988,"Celebraciones de navidad : coplas, villancicos, comidas","Centro Colombo Americano,",,,,Bogotá,,,,,,,,No verificado externamente,,"Anónimo. (1988). Celebraciones de navidad : coplas, villancicos, comidas. Centro Colombo Americano,."
BIB-L-0500,Libro,"Bueno Rodríguez, Julián",1988,Creencias del occidente caldense,Universidad de Caldas,,,,Manizales,,,,,,,,No verificado externamente,,"Bueno Rodríguez, Julián. (1988). Creencias del occidente caldense. Universidad de Caldas."
BIB-L-0501,Libro,"Freidel, Jose Manuel.",1988,El Arbol de la casa de las muchachas flor y otros romances,"Otras Palabras,",,,,Medellín,,,,,,,,No verificado externamente,,"Freidel, Jose Manuel.. (1988). El Arbol de la casa de las muchachas flor y otros romances. Otras Palabras,."
BIB-L-0502,Libro,"Guzmán, Luis. Ortiz",1988,"Chiquinquirá, pasado y presente : recuerdos, folclor, poesía, costumbres",L. Ortiz Guzmán :,,,,"Bogotá, D.E",,,,,,,,No verificado externamente,,"Guzmán, Luis. Ortiz. (1988). Chiquinquirá, pasado y presente : recuerdos, folclor, poesía, costumbres. L. Ortiz Guzmán :."
BIB-L-0503,Libro,"Henríquez, Adolfo. González",1988,Memorias de los foros del carnaval,"Cámara de Comercio de Barranquilla,",,,,Barranquilla,,,,,,,,No verificado externamente,,"Henríquez, Adolfo. González. (1988). Memorias de los foros del carnaval. Cámara de Comercio de Barranquilla,."
BIB-L-0504,Libro,"Marulanda, Octavio",1988,Las rondas y los juegos infantiles : folclor y educación,SECAB,,,,Bogotá,,,,,,,,No verificado externamente,,"Marulanda, Octavio. (1988). Las rondas y los juegos infantiles : folclor y educación. SECAB."
BIB-L-0505,Libro,Biblioteca Luis-Ángel Arango,1989,Boletín cultural y bibliográfico.,,,,,,,,,,,,,No verificado externamente,,Biblioteca Luis-Ángel Arango. (1989). Boletín cultural y bibliográfico..
BIB-L-0506,Libro,"Castro Caycedo, Germán.",1989,El cachalandrán amarillo,Planeta,,,,"Santa Fe de Bogotá, D.C., Colombia",,,,,,,,No verificado externamente,,"Castro Caycedo, Germán.. (1989). El cachalandrán amarillo. Planeta."
BIB-L-0507,Libro,"Chindoy, Alberto. Juajibioy",1989,Relatos ancestrales del folclor Kamëntsä.,Fundación Interamericana,,,,Pasto,,,,,,,,No verificado externamente,,"Chindoy, Alberto. Juajibioy. (1989). Relatos ancestrales del folclor Kamëntsä.. Fundación Interamericana."
BIB-L-0508,Libro,"Friedemann, Nina S. de.",1989,"Criele criele son, del Pacífico negro : arte, religión y cultura en el litoral Pacífico",Planeta,,,,Bogotá,,,,,,,,No verificado externamente,,"Friedemann, Nina S. de.. (1989). Criele criele son, del Pacífico negro : arte, religión y cultura en el litoral Pacífico. Planeta."
BIB-L-0509,Libro,"Jaramillo Arango, Euclides.",1989,Mitos y relatos del Quindío,Federación Nacional de Cafeteros,,,,Bogotá,,,,,,,,No verificado externamente,,"Jaramillo Arango, Euclides.. (1989). Mitos y relatos del Quindío. Federación Nacional de Cafeteros."
BIB-L-0510,Libro,"Juajibioy Chindoy, Alberto",1989,Relatos ancestrales del folclor Kamëntsä.,Fundación Interamericana,,,,Pasto,,,,,,,,No verificado externamente,,"Juajibioy Chindoy, Alberto. (1989). Relatos ancestrales del folclor Kamëntsä.. Fundación Interamericana."
BIB-L-0511,Libro,"Lleras, Alfredo.",1989,Leyendas de nuestra America,Editorial Norma,,,,Bogotá,,,,,,,,No verificado externamente,,"Lleras, Alfredo.. (1989). Leyendas de nuestra America. Editorial Norma."
BIB-L-0512,Libro,"Lleras, Alfredo.",1989,Leyendas de nuestra America,Editorial Norma,,,,Bogotá,,,,,,,,No verificado externamente,,"Lleras, Alfredo.. (1989). Leyendas de nuestra America. Editorial Norma."
BIB-L-0513,Libro,"Morales, Otto",1989,Facetas míticas del diablo del carnaval de Ríosucio,"Editorial Carrera,",,,,Bogotá,,,,,,,,No verificado externamente,,"Morales, Otto. (1989). Facetas míticas del diablo del carnaval de Ríosucio. Editorial Carrera,."
BIB-L-0514,Libro,"Ocampo López, Javier.",1989,Supersticiones y agüeros colombianos,El Ancora Editores,,,,Colombia,,,,,,,,No verificado externamente,,"Ocampo López, Javier.. (1989). Supersticiones y agüeros colombianos. El Ancora Editores."
BIB-L-0515,Libro,"Uribe, Guillermo Gonzl̀ez",1989,Jornadas de cultura popular : la diferencia ENRIQUECE,,,,,,,,,,,,,No verificado externamente,,"Uribe, Guillermo Gonzl̀ez. (1989). Jornadas de cultura popular : la diferencia ENRIQUECE."
BIB-L-0516,Libro,"Vásquez, Ernesto. Osorio",1989,"Cuentos, fantasías y leyendas","[publisher not identified],",,,,"[Armenia, Colombia]",,,,,,,,No verificado externamente,,"Vásquez, Ernesto. Osorio. (1989). Cuentos, fantasías y leyendas. [publisher not identified],."
BIB-L-0517,Libro,"Villalba, Juan Santos. Ortiz de",1989,"Sacha pacha : mitos, poesias, sueños y refranes de los Quichua amazonicos",Abya-yala :,,,,Quito,,,,,,,,No verificado externamente,,"Villalba, Juan Santos. Ortiz de. (1989). Sacha pacha : mitos, poesias, sueños y refranes de los Quichua amazonicos. Abya-yala :."
BIB-L-0518,Libro,"Walschburger, Ute Bergdolt de.",1989,Leyendas de nuestra America,Editorial Norma,,,,Bogotá,,,,,,,,No verificado externamente,,"Walschburger, Ute Bergdolt de.. (1989). Leyendas de nuestra America. Editorial Norma."
BIB-L-0519,Libro,"Walschburger, Ute Bergdolt de.",1989,Leyendas de nuestra America,Editorial Norma,,,,Bogotá,,,,,,,,No verificado externamente,,"Walschburger, Ute Bergdolt de.. (1989). Leyendas de nuestra America. Editorial Norma."
BIB-L-0520,Libro,"Aponte, Silvia.",1990,Rompellano,"[s.n.],",,,,[Colombia],,,,,,,,No verificado externamente,,"Aponte, Silvia.. (1990). Rompellano. [s.n.],."
BIB-L-0521,Libro,Asociación Cravo Norte.,1990,Cantan los alcaravanes,Empresa Colombiana de Petróleos,,,,Bogotá,,,,,,,,No verificado externamente,,Asociación Cravo Norte.. (1990). Cantan los alcaravanes. Empresa Colombiana de Petróleos.
BIB-L-0522,Libro,"Caile, Miguel Matus",1990,Leyendas y costumbres del Alto y Bajo Arauca,"M. Matus Caile,",,,,Colombia,,,,,,,,No verificado externamente,,"Caile, Miguel Matus. (1990). Leyendas y costumbres del Alto y Bajo Arauca. M. Matus Caile,."
BIB-L-0523,Libro,"Ocampo, Javier.",1990,Música y folclor de Colombia,"Ed. Colombia,",,,,Bogotá,,,,,,,,No verificado externamente,,"Ocampo, Javier.. (1990). Música y folclor de Colombia. Ed. Colombia,."
BIB-L-0524,Libro,"Paz, Osvaldo. Granda",1990,Leyendas de Nariño,Centro de Estudios Históricos :,,,,Pasto,,,,,,,,No verificado externamente,,"Paz, Osvaldo. Granda. (1990). Leyendas de Nariño. Centro de Estudios Históricos :."
BIB-L-0525,Libro,"Solorzano Sánchez, Luis Fernando",1990,Mitología y creencias populares de Colombia,"ECOE,",,,,Bogotá,,,,,,,,No verificado externamente,,"Solorzano Sánchez, Luis Fernando. (1990). Mitología y creencias populares de Colombia. ECOE,."
BIB-L-0526,Libro,"Torres, Silvia Aponte de",1990,El pescador de tradiciones,"Instituto de Investigaciones para la Orinoquia Colombiana,",,,,Bogotá,,,,,,,,No verificado externamente,,"Torres, Silvia Aponte de. (1990). El pescador de tradiciones. Instituto de Investigaciones para la Orinoquia Colombiana,."
BIB-L-0527,Libro,"Vinasco, Arcesio Zapata",1990,Vida y muerte de satan fuego : (la riosuceñidad),"Jaber,",,,,Bogotá,,,,,,,,No verificado externamente,,"Vinasco, Arcesio Zapata. (1990). Vida y muerte de satan fuego : (la riosuceñidad). Jaber,."
BIB-L-0528,Libro,Anónimo,1991,Historias y leyendas del Volcán Puracé,"Canal Ramírez,",,,,Bogotá,,,,,,,,No verificado externamente,,"Anónimo. (1991). Historias y leyendas del Volcán Puracé. Canal Ramírez,."
BIB-L-0529,Libro,"Baquero Nariño, Alberto.",1991,Los cuentos de Pascual : mitos y leyendas del piedemonte llanero,[publisher not identified],,,,Bogotá,,,,,,,,No verificado externamente,,"Baquero Nariño, Alberto.. (1991). Los cuentos de Pascual : mitos y leyendas del piedemonte llanero. [publisher not identified]."
BIB-L-0530,Libro,Editorial Universidad Nacional),1991,Los cuentos de Pascual : mitos y leyendas del piedemonte llanero,[publisher not identified],,,,Bogotá,,,,,,,,No verificado externamente,,Editorial Universidad Nacional). (1991). Los cuentos de Pascual : mitos y leyendas del piedemonte llanero. [publisher not identified].
BIB-L-0531,Libro,Expedición Humana.,1991,América negra.,Pontificia Universidad Javeriana,,,,,,,,,,,,No verificado externamente,,Expedición Humana.. (1991). América negra.. Pontificia Universidad Javeriana.
BIB-L-0532,Libro,"González, Javier Tafur",1991,La función reguladora del lenguaje en la narrativa popular.,"Ediciones La Silaba,",,,,Colombia,,,,,,,,No verificado externamente,,"González, Javier Tafur. (1991). La función reguladora del lenguaje en la narrativa popular.. Ediciones La Silaba,."
BIB-L-0533,Libro,"Jaramillo de Olarte, Lucía.",1991,Trece danzas tradicionales de Colombia--sus trajes y su música,Producciones ATA Fondo Filantrópico,,,,Bogotá,,,,,,,,No verificado externamente,,"Jaramillo de Olarte, Lucía.. (1991). Trece danzas tradicionales de Colombia--sus trajes y su música. Producciones ATA Fondo Filantrópico."
BIB-L-0534,Libro,"Jauregui, Manuel S. J. Briceño",1991,Estampas pueblerinas Trescientos sonetos costumbristas,"Universidad Central,",,,,"Bogotá (Cundinamarca, Colombia)",,,,,,,,No verificado externamente,,"Jauregui, Manuel S. J. Briceño. (1991). Estampas pueblerinas Trescientos sonetos costumbristas. Universidad Central,."
BIB-L-0535,Libro,"Moreno, Yamileth. Palacios de",1991,La otra cara de los refranes y otros ensayos,"[Promotora Editorial de Autores Chocoanos],",,,,"[Chocó, Colombia?]",,,,,,,,No verificado externamente,,"Moreno, Yamileth. Palacios de. (1991). La otra cara de los refranes y otros ensayos. [Promotora Editorial de Autores Chocoanos],."
BIB-L-0536,Libro,"Parra, Jaime. González",1991,Periodismo en crónicas,Universidad Central,,,,Bogotá,,,,,,,,No verificado externamente,,"Parra, Jaime. González. (1991). Periodismo en crónicas. Universidad Central."
BIB-L-0537,Libro,"Pontificia Universidad Javeriana., Ines Maria. Martiatu",1991,América negra.,Pontificia Universidad Javeriana,,,,,,,,,,,,No verificado externamente,,"Pontificia Universidad Javeriana., Ines Maria. Martiatu. (1991). América negra.. Pontificia Universidad Javeriana."
BIB-L-0538,Libro,"R., José Ignacio. Duque",1991,"Mitos, leyendas y supersticiones de la raza antioqueña","[publisher not identified],",,,,[Place of publication not identified],,,,,,,,No verificado externamente,,"R., José Ignacio. Duque. (1991). Mitos, leyendas y supersticiones de la raza antioqueña. [publisher not identified],."
BIB-L-0539,Libro,"Tocaría, Otto Sánchez",1991,Leyenda de Florentino y el diablo,"Ediciones Caribabare,",,,,Bogotá,,,,,,,,No verificado externamente,,"Tocaría, Otto Sánchez. (1991). Leyenda de Florentino y el diablo. Ediciones Caribabare,."
BIB-L-0540,Libro,"Trujillo Jaramillo, Mónica.",1991,Trece danzas tradicionales de Colombia--sus trajes y su música,Producciones ATA Fondo Filantrópico,,,,Bogotá,,,,,,,,No verificado externamente,,"Trujillo Jaramillo, Mónica.. (1991). Trece danzas tradicionales de Colombia--sus trajes y su música. Producciones ATA Fondo Filantrópico."
BIB-L-0541,Libro,"Villa Posse, Eugenia.",1991,Mitos y leyendas de Colombia : selección de textos,Ediciones IADAP,,,,Quito,,,,,,,,No verificado externamente,,"Villa Posse, Eugenia.. (1991). Mitos y leyendas de Colombia : selección de textos. Ediciones IADAP."
BIB-L-0542,Libro,"Villa Posse, Eugenia.",1991,Mitos y leyendas de Colombia : selección de textos,"Ed. IADAP, Inst. Andino de Artes Populares",,,,Quito,,,,,,,,No verificado externamente,,"Villa Posse, Eugenia.. (1991). Mitos y leyendas de Colombia : selección de textos. Ed. IADAP, Inst. Andino de Artes Populares."
BIB-L-0543,Libro,"Villa Posse, Eugenia.",1991,Mitos y leyendas de Colombia : selección de textos,Ediciones IADAP,,,,Quito,,,,,,,,No verificado externamente,,"Villa Posse, Eugenia.. (1991). Mitos y leyendas de Colombia : selección de textos. Ediciones IADAP."
BIB-L-0544,Libro,Anónimo,1992,Cuentos populares de aquí y de allá,"Edilux,",,,,"Medellin, Colombia",,,,,,,,No verificado externamente,,"Anónimo. (1992). Cuentos populares de aquí y de allá. Edilux,."
BIB-L-0545,Libro,"Arciniegas, José Ignacio.",1992,Tradiciones y cantares del Tolima,"[Fábrica de Licores del Tolima],",,,,"[Ibagué, Colombia]",,,,,,,,No verificado externamente,,"Arciniegas, José Ignacio.. (1992). Tradiciones y cantares del Tolima. [Fábrica de Licores del Tolima],."
BIB-L-0546,Libro,"Caicedo, Miguel A.",1992,La décima y la espinela : a los quinientos de América,"Editorial Lealon,",,,,Medellín,,,,,,,,No verificado externamente,,"Caicedo, Miguel A.. (1992). La décima y la espinela : a los quinientos de América. Editorial Lealon,."
BIB-L-0547,Libro,"García Mejía, Hernando.",1992,Las mejores coplas colombianas,Edilux,,,,"Medellín, Colombia",,,,,,,,No verificado externamente,,"García Mejía, Hernando.. (1992). Las mejores coplas colombianas. Edilux."
BIB-L-0548,Libro,"González, Flover G.",1992,Embrujos del Pacifico,"Imprenta Departamental del Valle,",,,,Cali,,,,,,,,No verificado externamente,,"González, Flover G.. (1992). Embrujos del Pacifico. Imprenta Departamental del Valle,."
BIB-L-0549,Libro,"Hernández, Juan Clímaco",1992,Escenas y leyendas del páramo,"Editorial de la Universidad Pedagógica y Tecnológica de Colombia,",,,,Tunja,,,,,,,,No verificado externamente,,"Hernández, Juan Clímaco. (1992). Escenas y leyendas del páramo. Editorial de la Universidad Pedagógica y Tecnológica de Colombia,."
BIB-L-0550,Libro,"Iriarte, Alfredo",1992,"Toros de Altamira y Lascaux a las arenas colombianas : mitos, leyendas historias",Amazonas Editores,,,,"Santafé de Bogotá, Colombia",,,,,,,,No verificado externamente,,"Iriarte, Alfredo. (1992). Toros de Altamira y Lascaux a las arenas colombianas : mitos, leyendas historias. Amazonas Editores."
BIB-L-0551,Libro,"Lopez, Luis Maria. Sanchez",1992,Colombia : mitos y leyendas.,"Fundacion Alemana para el Desarrollo Internacional,",,,,Medellín,,,,,,,,No verificado externamente,,"Lopez, Luis Maria. Sanchez. (1992). Colombia : mitos y leyendas.. Fundacion Alemana para el Desarrollo Internacional,."
BIB-L-0552,Libro,"Mendoza, José.",1992,Relatos míticos cubeo : indígenas del Vaupés,"Servicio Colombiano de Comunicación,",,,,Bogotá,,,,,,,,No verificado externamente,,"Mendoza, José.. (1992). Relatos míticos cubeo : indígenas del Vaupés. Servicio Colombiano de Comunicación,."
BIB-L-0553,Libro,"Monod, Aurore",1992,Entre cantos y llantos. Tradición oral sikuani,Publicaciones Etnollano,,,,Santaf ̌de Bogot,,,,,,,,No verificado externamente,,"Monod, Aurore. (1992). Entre cantos y llantos. Tradición oral sikuani. Publicaciones Etnollano."
BIB-L-0554,Libro,"Nohra, flor romero de",1992,"Mitos, Ritos Y Leyendas Contados Por Flor Romero",Producciones Plaza y Janés,,,,"Santafé de Bogotá D.C., Colombia",,,,,,,,No verificado externamente,,"Nohra, flor romero de. (1992). Mitos, Ritos Y Leyendas Contados Por Flor Romero. Producciones Plaza y Janés."
BIB-L-0555,Libro,"Ojeda, Carlos M. Domínguez",1992,Mitos y leyendas de los pueblos de la Ciénaga Grande de Santa Marta,"Ediciones Aracataca,",,,,"Santa Marta, Colombia",,,,,,,,No verificado externamente,,"Ojeda, Carlos M. Domínguez. (1992). Mitos y leyendas de los pueblos de la Ciénaga Grande de Santa Marta. Ediciones Aracataca,."
BIB-L-0556,Libro,"Sinning, Edgar. Rey",1992,Joselito carnaval,"Costa Caribe,",,,,Barranquilla,,,,,,,,No verificado externamente,,"Sinning, Edgar. Rey. (1992). Joselito carnaval. Costa Caribe,."
BIB-L-0557,Libro,"Zabala, Edgar Antonio. Valderrama",1992,"Copla : sentimiento, canto, raza!","El Boga Magazin,",,,,"Ibagué, Tolima, Colombia",,,,,,,,No verificado externamente,,"Zabala, Edgar Antonio. Valderrama. (1992). Copla : sentimiento, canto, raza!. El Boga Magazin,."
BIB-L-0558,Libro,"Barnes, Janet.",1993,Cuando no había agua y otras leyendas indígenas,"ILV Colombia, Asociación Instituto Linguistico de Verano",,,,Colombia,,,,,,,,No verificado externamente,,"Barnes, Janet.. (1993). Cuando no había agua y otras leyendas indígenas. ILV Colombia, Asociación Instituto Linguistico de Verano."
BIB-L-0559,Libro,"Barnes, Janet.",1993,Cuando no había agua y otras leyendas indígenas,"ILV Colombia, Asociación Instituto Linguistico de Verano",,,,Bogotá,,,,,,,,No verificado externamente,,"Barnes, Janet.. (1993). Cuando no había agua y otras leyendas indígenas. ILV Colombia, Asociación Instituto Linguistico de Verano."
BIB-L-0560,Libro,"Barnes, Janet.",1993,Cuando no había agua y otras leyendas indígenas,"Asociación Instituto Lingüístico de Verano,",,,,Bogotá,,,,,,,,No verificado externamente,,"Barnes, Janet.. (1993). Cuando no había agua y otras leyendas indígenas. Asociación Instituto Lingüístico de Verano,."
BIB-L-0561,Libro,"Duque, Germán Jaramillo",1993,"Historias y leyendas de Colombia : [encuentros regionales de contadores de historias y leyendas] ; Buga, 1990-1991",,,,,Quito,,,,,,,,No verificado externamente,,"Duque, Germán Jaramillo. (1993). Historias y leyendas de Colombia : [encuentros regionales de contadores de historias y leyendas] ; Buga, 1990-1991."
BIB-L-0562,Libro,Editorial Alberto Lleras Camargo),1993,Cuando no había agua y otras leyendas indígenas,"ILV Colombia, Asociación Instituto Linguistico de Verano",,,,Colombia,,,,,,,,No verificado externamente,,"Editorial Alberto Lleras Camargo). (1993). Cuando no había agua y otras leyendas indígenas. ILV Colombia, Asociación Instituto Linguistico de Verano."
BIB-L-0563,Libro,Editorial Alberto Lleras Camargo),1993,Cuando no había agua y otras leyendas indígenas,"ILV Colombia, Asociación Instituto Linguistico de Verano",,,,Bogotá,,,,,,,,No verificado externamente,,"Editorial Alberto Lleras Camargo). (1993). Cuando no había agua y otras leyendas indígenas. ILV Colombia, Asociación Instituto Linguistico de Verano."
BIB-L-0564,Libro,Editorial Alberto Lleras Camargo),1993,Cuando no había agua y otras leyendas indígenas,"Asociación Instituto Lingüístico de Verano,",,,,Bogotá,,,,,,,,No verificado externamente,,"Editorial Alberto Lleras Camargo). (1993). Cuando no había agua y otras leyendas indígenas. Asociación Instituto Lingüístico de Verano,."
BIB-L-0565,Libro,"Feuillet, Claude.",1993,Los viajeros de la Gran Anaconda : mitos y leyendas de los Letuama de la Amazonia,INDIGO Ediciones,,,,Bogotá,,,,,,,,No verificado externamente,,"Feuillet, Claude.. (1993). Los viajeros de la Gran Anaconda : mitos y leyendas de los Letuama de la Amazonia. INDIGO Ediciones."
BIB-L-0566,Libro,Instituto Andino de Artes Populares.,1993,Historias y leyendas de Colombia,"Instituto Andino de Artes Populares del Convenio Andrés Bello,",,,,Quito,,,,,,,,No verificado externamente,,"Instituto Andino de Artes Populares.. (1993). Historias y leyendas de Colombia. Instituto Andino de Artes Populares del Convenio Andrés Bello,."
BIB-L-0567,Libro,"Jaramillo Duque, Germán",1993,Historias y leyendas de Colombia,"Instituto Andino de Artes Populares del Convenio Andrés Bello,",,,,Quito,,,,,,,,No verificado externamente,,"Jaramillo Duque, Germán. (1993). Historias y leyendas de Colombia. Instituto Andino de Artes Populares del Convenio Andrés Bello,."
BIB-L-0568,Libro,"Mejía Vallejo, Manuel.",1993,Prácticas para el olvido : coplas,Universidad de Antioquia,,,,Medellín,,,,,,,,No verificado externamente,,"Mejía Vallejo, Manuel.. (1993). Prácticas para el olvido : coplas. Universidad de Antioquia."
BIB-L-0569,Libro,"Minski, Samuel.",1993,Cuentos populares costeños : antologia,"Editorial La Iguana Ciega,",,,,"Barranquilla, Colombia",,,,,,,,No verificado externamente,,"Minski, Samuel.. (1993). Cuentos populares costeños : antologia. Editorial La Iguana Ciega,."
BIB-L-0570,Libro,"Morales Gómez, Jorge",1993,Memorias del VI Congreso de Antropología en Colombia: el folclor en la construcción de las Américas,Universidad de los Andes (Colombia). Fac. de Humanidades y Ciencias Sociales. Depto. de Antropología,,,,Bogotá,,,,,,,,No verificado externamente,,"Morales Gómez, Jorge. (1993). Memorias del VI Congreso de Antropología en Colombia: el folclor en la construcción de las Américas. Universidad de los Andes (Colombia). Fac. de Humanidades y Ciencias Sociales. Depto. de Antropología."
BIB-L-0571,Libro,"Palma, Milagros.",1993,Los viajeros de la Gran Anaconda : mitos y leyendas de los Letuama de la Amazonia,INDIGO Ediciones,,,,Bogotá,,,,,,,,No verificado externamente,,"Palma, Milagros.. (1993). Los viajeros de la Gran Anaconda : mitos y leyendas de los Letuama de la Amazonia. INDIGO Ediciones."
BIB-L-0572,Libro,"Villa Posse, Eugenia.",1993,Memorias del VI Congreso de Antropología en Colombia: el folclor en la construcción de las Américas,Universidad de los Andes (Colombia). Fac. de Humanidades y Ciencias Sociales. Depto. de Antropología,,,,Bogotá,,,,,,,,No verificado externamente,,"Villa Posse, Eugenia.. (1993). Memorias del VI Congreso de Antropología en Colombia: el folclor en la construcción de las Américas. Universidad de los Andes (Colombia). Fac. de Humanidades y Ciencias Sociales. Depto. de Antropología."
BIB-L-0573,Libro,"Araujo, I.",1994,"Lexicón del Valle de Upar: voces, modismos, giros, interjeciones, locuciones, dichos, refranes y coplas del habla popular vallenata","Instituto Caro y Cuervo,",,,,Bogotá,,,,,,,,No verificado externamente,,"Araujo, I.. (1994). Lexicón del Valle de Upar: voces, modismos, giros, interjeciones, locuciones, dichos, refranes y coplas del habla popular vallenata. Instituto Caro y Cuervo,."
BIB-L-0574,Libro,"Diaz de Almeida, Carmen Cecilia.",1994,Refranes y otras cosas de la ilustre Villa del Garrote,,,,,,,,,,,,,No verificado externamente,,"Diaz de Almeida, Carmen Cecilia.. (1994). Refranes y otras cosas de la ilustre Villa del Garrote."
BIB-L-0575,Libro,"Diaz de Almeida, Carmen Cecilia.",1994,Refranes y otras cosas de la ilustre Villa del Garrote,"Talleres Graficos Puntograf,",,,,Colombia,,,,,,,,No verificado externamente,,"Diaz de Almeida, Carmen Cecilia.. (1994). Refranes y otras cosas de la ilustre Villa del Garrote. Talleres Graficos Puntograf,."
BIB-L-0576,Libro,"Guzmán, Luis. Ortiz",1994,Memoria de Chiquinquira : mitos y leyendas muiskas,"Editorial Talleres Gráficos,",,,,Tunja,,,,,,,,No verificado externamente,,"Guzmán, Luis. Ortiz. (1994). Memoria de Chiquinquira : mitos y leyendas muiskas. Editorial Talleres Gráficos,."
BIB-L-0577,Libro,"Herrera, Ismael. Porto",1994,"Nasario está desmandáo : cuentos, historias y leyendas de Urabá","Impresol,",,,,Bogotá,,,,,,,,No verificado externamente,,"Herrera, Ismael. Porto. (1994). Nasario está desmandáo : cuentos, historias y leyendas de Urabá. Impresol,."
BIB-L-0578,Libro,Latin American Collection.,1994,Refranes y otras cosas de la ilustre Villa del Garrote,,,,,,,,,,,,,No verificado externamente,,Latin American Collection.. (1994). Refranes y otras cosas de la ilustre Villa del Garrote.
BIB-L-0579,Libro,Latin American Collection.,1994,Refranes y otras cosas de la ilustre Villa del Garrote,"Talleres Graficos Puntograf,",,,,Colombia,,,,,,,,No verificado externamente,,"Latin American Collection.. (1994). Refranes y otras cosas de la ilustre Villa del Garrote. Talleres Graficos Puntograf,."
BIB-L-0580,Libro,"Mejía, José Baltazar.",1994,Mi Pacífico : décimas de mar y realidad,"Escuela de Salud Pública, Facultad de Salud, Universidad del Valle,",,,,"Cali, Colombia",,,,,,,,No verificado externamente,,"Mejía, José Baltazar.. (1994). Mi Pacífico : décimas de mar y realidad. Escuela de Salud Pública, Facultad de Salud, Universidad del Valle,."
BIB-L-0581,Libro,"Valencia Salgado, Guillermo",1994,"Cordoba, su gente, su folclor","Editorial Mocari,",,,,"Monteria, Colombia",,,,,,,,No verificado externamente,,"Valencia Salgado, Guillermo. (1994). Cordoba, su gente, su folclor. Editorial Mocari,."
BIB-L-0582,Libro,"Abadía, Guillermo",1995,ABC del folklore colombiano,Panamericana Editorial,,,,Bogotá,,,,,,,,No verificado externamente,,"Abadía, Guillermo. (1995). ABC del folklore colombiano. Panamericana Editorial."
BIB-L-0583,Libro,Anónimo,1995,Leyendas latinoamericanas y del mundo.,Editorial Voluntad,,,,"Santafé de Bogotá, Colombia",,,,,,,,No verificado externamente,,Anónimo. (1995). Leyendas latinoamericanas y del mundo.. Editorial Voluntad.
BIB-L-0584,Libro,"Ariza, Ramiro. Quiroga",1995,El otro desembarco : 500 años en 500 décimas,"Editorial Trazo & Letra,",,,,"Bucaramanga, Colombia",,,,,,,,No verificado externamente,,"Ariza, Ramiro. Quiroga. (1995). El otro desembarco : 500 años en 500 décimas. Editorial Trazo & Letra,."
BIB-L-0585,Libro,"Barlow, Genevieve.",1995,Legends from Latin America = Leyendas de Latinoamérica,National Textbook Co,,,,"New York, New York",,,,,,,,No verificado externamente,,"Barlow, Genevieve.. (1995). Legends from Latin America = Leyendas de Latinoamérica. National Textbook Co."
BIB-L-0586,Libro,"Barreto, Miguel",1995,Folclor huilense y anécdotas pediátricas,[M. Barreto],,,,[Colombia],,,,,,,,No verificado externamente,,"Barreto, Miguel. (1995). Folclor huilense y anécdotas pediátricas. [M. Barreto]."
BIB-L-0587,Libro,Editorial Presencia),1995,Folclor huilense y anécdotas pediátricas,[M. Barreto],,,,[Colombia],,,,,,,,No verificado externamente,,Editorial Presencia). (1995). Folclor huilense y anécdotas pediátricas. [M. Barreto].
BIB-L-0588,Libro,"Falquez, Flavia Marina Acosta",1995,Coplas a leonor,"Ediciones Pen Club de Colombia,",,,,Bogotá,,,,,,,,No verificado externamente,,"Falquez, Flavia Marina Acosta. (1995). Coplas a leonor. Ediciones Pen Club de Colombia,."
BIB-L-0589,Libro,"Fontalvo, José. Portaccio",1995,"Colombia y su música : canciones y fiestas de las llanuras Caribe, Pacífica y las Islas de San Andrés y Providencia (v1).",,,,,Colombia,,,,,,,,No verificado externamente,,"Fontalvo, José. Portaccio. (1995). Colombia y su música : canciones y fiestas de las llanuras Caribe, Pacífica y las Islas de San Andrés y Providencia (v1).."
BIB-L-0590,Libro,"Iriarte Núñez, Alfredo.",1995,"Trajes, historias y leyendas de Santafé",Fondo Cultural Cafetero,,,,Bogotá,,,,,,,,No verificado externamente,,"Iriarte Núñez, Alfredo.. (1995). Trajes, historias y leyendas de Santafé. Fondo Cultural Cafetero."
BIB-L-0591,Libro,"Ospina, Germán. Gómez",1995,Antologia de la copla,"Editora Dutor,",,,,"[Armenia (Quindío, Colombia)]",,,,,,,,No verificado externamente,,"Ospina, Germán. Gómez. (1995). Antologia de la copla. Editora Dutor,."
BIB-L-0592,Libro,"Pérez López, Rafael.",1995,"Décimas : La chamaría, ave canora, Trinar del amanecer",Librería Domus Libri,,,,Montería-Colombia,,,,,,,,No verificado externamente,,"Pérez López, Rafael.. (1995). Décimas : La chamaría, ave canora, Trinar del amanecer. Librería Domus Libri."
BIB-L-0593,Libro,"Pontificia Universidad Javeriana. Departamento de Historia y Geografía., Fabio",1995,Memoria y sociedad : revista del Departamento de Historia y Geografía.,El Departamento,,,,,,,,,,,,No verificado externamente,,"Pontificia Universidad Javeriana. Departamento de Historia y Geografía., Fabio. (1995). Memoria y sociedad : revista del Departamento de Historia y Geografía.. El Departamento."
BIB-L-0594,Libro,"Rojas, Tomás. Rodríguez",1995,"El Caribe, realidad y ficción","Editorial Antillas,",,,,"[Barranquilla, Colombia]",,,,,,,,No verificado externamente,,"Rojas, Tomás. Rodríguez. (1995). El Caribe, realidad y ficción. Editorial Antillas,."
BIB-L-0595,Libro,"Rubio Paredes, José María.",1995,El Castillo de la Concepción de la ciudad de Cartagena : su historia sin leyendas,Excmo. Ayuntamiento de Cartagena,,,,"Cartagena, España",,,,,,,,No verificado externamente,,"Rubio Paredes, José María.. (1995). El Castillo de la Concepción de la ciudad de Cartagena : su historia sin leyendas. Excmo. Ayuntamiento de Cartagena."
BIB-L-0596,Libro,"Trujillo Dávila, Carolina.",1995,"Trajes, historias y leyendas de Santafé",Fondo Cultural Cafetero,,,,Bogotá,,,,,,,,No verificado externamente,,"Trujillo Dávila, Carolina.. (1995). Trajes, historias y leyendas de Santafé. Fondo Cultural Cafetero."
BIB-L-0597,Libro,"Barlow, Genevieve.",1996,Leyendas Latinoamericanas,National Textbook Co,,,,"New York, N.Y",,,,,,,,No verificado externamente,,"Barlow, Genevieve.. (1996). Leyendas Latinoamericanas. National Textbook Co."
BIB-L-0598,Libro,"Barnes, Janet",1996,"Antolog\'ia de leyendas, tomo I",Editorial Alberto Lleras Camargo,,,,Bogotá,,,,,,,,No verificado externamente,,"Barnes, Janet. (1996). Antolog\'ia de leyendas, tomo I. Editorial Alberto Lleras Camargo."
BIB-L-0599,Libro,"Blasco, Carlos. Miñana",1996,De correría con los negritos,"Programa de Educación Bilingue del CRIC,",,,,"Popayán (Cauca, Colombia)",,,,,,,,No verificado externamente,,"Blasco, Carlos. Miñana. (1996). De correría con los negritos. Programa de Educación Bilingue del CRIC,."
BIB-L-0600,Libro,"Caile, Miguel Matus",1996,Negrera : folclor arauquiteño,"[publisher not identified],",,,,[Colombia],,,,,,,,No verificado externamente,,"Caile, Miguel Matus. (1996). Negrera : folclor arauquiteño. [publisher not identified],."
BIB-L-0601,Libro,"Cantillo, Martín. Orozco",1996,"Leyendas, narraciones y cuentos del Caribe Colombiano","Cultura Caribe,",,,,Barranquilla,,,,,,,,No verificado externamente,,"Cantillo, Martín. Orozco. (1996). Leyendas, narraciones y cuentos del Caribe Colombiano. Cultura Caribe,."
BIB-L-0602,Libro,"Delacre, Lulu.",1996,"De oro y esmeraldas : mitos, leyendas y cuentos populares de Latinoamérica",Scholastic,,,,New York,,,,,,,,No verificado externamente,,"Delacre, Lulu.. (1996). De oro y esmeraldas : mitos, leyendas y cuentos populares de Latinoamérica. Scholastic."
BIB-L-0603,Libro,"Díaz, Jaime. Rivas",1996,Coplero del Buena vida,"Fundación Habla/Scribe,",,,,Cali,,,,,,,,No verificado externamente,,"Díaz, Jaime. Rivas. (1996). Coplero del Buena vida. Fundación Habla/Scribe,."
BIB-L-0604,Libro,"García Z., Carlos.",1996,Refranero antioqueño : diccionario fraseológico del habla antioqueña,Editorial Universidad de Antioquia,,,,"Medellín, Colombia",,,,,,,,No verificado externamente,,"García Z., Carlos.. (1996). Refranero antioqueño : diccionario fraseológico del habla antioqueña. Editorial Universidad de Antioquia."
BIB-L-0605,Libro,"Muñoz, César.",1996,Refranero antioqueño : diccionario fraseológico del habla antioqueña,Editorial Universidad de Antioquia,,,,"Medellín, Colombia",,,,,,,,No verificado externamente,,"Muñoz, César.. (1996). Refranero antioqueño : diccionario fraseológico del habla antioqueña. Editorial Universidad de Antioquia."
BIB-L-0606,Libro,"Ocampo López, Javier.",1996,Leyendas populares colombianas,Plaza & Janes,,,,Bogotá,,,,,,,,No verificado externamente,,"Ocampo López, Javier.. (1996). Leyendas populares colombianas. Plaza & Janes."
BIB-L-0607,Libro,"Vargas Barón, Getulio",1996,"Cuentos, mitos y leyendas del Llano",Corpes Orinoquia,,,,Bogotá,,,,,,,,No verificado externamente,,"Vargas Barón, Getulio. (1996). Cuentos, mitos y leyendas del Llano. Corpes Orinoquia."
BIB-L-0608,Libro,"Vargas Bar�n, Getulio",1996,"Cuentos, mitos y leyendas del Llano",Corpes Orinoquia,,,,Bogotá,,,,,,,,No verificado externamente,,"Vargas Bar�n, Getulio. (1996). Cuentos, mitos y leyendas del Llano. Corpes Orinoquia."
BIB-L-0609,Libro,"Villadiego, Benjamín Puche",1996,Refranes y albafetos culturales del Departamento del Atlántico,"[publisher not identified],",,,,"Barranquilla, Colombia",,,,,,,,No verificado externamente,,"Villadiego, Benjamín Puche. (1996). Refranes y albafetos culturales del Departamento del Atlántico. [publisher not identified],."
BIB-L-0610,Libro,"Abadía, Guillermo",1997,Guabinas y mojigangas,"Centro de Documentación Musical, Dirección General de Artes, Ministerio de Cultura",,,,Bogotá,,,,,,,,No verificado externamente,,"Abadía, Guillermo. (1997). Guabinas y mojigangas. Centro de Documentación Musical, Dirección General de Artes, Ministerio de Cultura."
BIB-L-0611,Libro,"Acuña, Luis Alberto",1997,Refranero colombiano : mil y un refranes,Panamerica Editorial,,,,Bogotá,,,,,,,,No verificado externamente,,"Acuña, Luis Alberto. (1997). Refranero colombiano : mil y un refranes. Panamerica Editorial."
BIB-L-0612,Libro,"Alegría, Ciro",1997,Fábulas y leyendas americanas,Espasa-Calpe,,,,Madrid,,,,,,,,No verificado externamente,,"Alegría, Ciro. (1997). Fábulas y leyendas americanas. Espasa-Calpe."
BIB-L-0613,Libro,"Castillo, Benildo",1997,Décimas de la manglaria : tradición oral,"Fondo Mixto de Cultura--Nariño,",,,,"[Pasto, Colombia]",,,,,,,,No verificado externamente,,"Castillo, Benildo. (1997). Décimas de la manglaria : tradición oral. Fondo Mixto de Cultura--Nariño,."
BIB-L-0614,Libro,"Elena, Horacio.",1997,Fábulas y leyendas americanas,Espasa-Calpe,,,,Madrid,,,,,,,,No verificado externamente,,"Elena, Horacio.. (1997). Fábulas y leyendas americanas. Espasa-Calpe."
BIB-L-0615,Libro,"Galindo, Edgar Leonidas Lozano",1997,Rajaleñas de palo parao : Tolima Grande,"Centro Operativo de Comunicaciones y Medios de la Universidad del Tolima,",,,,Ibagué,,,,,,,,No verificado externamente,,"Galindo, Edgar Leonidas Lozano. (1997). Rajaleñas de palo parao : Tolima Grande. Centro Operativo de Comunicaciones y Medios de la Universidad del Tolima,."
BIB-L-0616,Libro,"Hernández, Helmer.",1997,Manito manopla y otros cuentos populares de Tumaco,Instituto Colombiano de Cultura,,,,[Colombia],,,,,,,,No verificado externamente,,"Hernández, Helmer.. (1997). Manito manopla y otros cuentos populares de Tumaco. Instituto Colombiano de Cultura."
BIB-L-0617,Libro,"Lozada Flórez, Félix Ramiro",1997,"Imágenes en reposo : historias, mitos y leyendas colombianos",,,,,,,,,,,,,No verificado externamente,,"Lozada Flórez, Félix Ramiro. (1997). Imágenes en reposo : historias, mitos y leyendas colombianos."
BIB-L-0618,Libro,"Mendoza, Néstor Rafael.",1997,"Raíces-- mitos, relatos y leyendas",Cooperativa Editorial Magisterio,,,,Bogotá,,,,,,,,No verificado externamente,,"Mendoza, Néstor Rafael.. (1997). Raíces-- mitos, relatos y leyendas. Cooperativa Editorial Magisterio."
BIB-L-0619,Libro,"Múnera, Baltazar. Mejía",1997,Entre el amor y el desamor siento una décima.,,,,,Colombia,,,,,,,,No verificado externamente,,"Múnera, Baltazar. Mejía. (1997). Entre el amor y el desamor siento una décima.."
BIB-L-0620,Libro,"Ospina, Amaira.",1997,Manito manopla y otros cuentos populares de Tumaco,Instituto Colombiano de Cultura,,,,[Colombia],,,,,,,,No verificado externamente,,"Ospina, Amaira.. (1997). Manito manopla y otros cuentos populares de Tumaco. Instituto Colombiano de Cultura."
BIB-L-0621,Libro,"Peñín, José",1997,Decimas cantadas y poetas iletrados,"Fundación Vicente Emilio Sojo, Consejo Nacional de la Cultura",,,,Caracas,,,,,,,,No verificado externamente,,"Peñín, José. (1997). Decimas cantadas y poetas iletrados. Fundación Vicente Emilio Sojo, Consejo Nacional de la Cultura."
BIB-L-0622,Libro,"Pretelt Chaljub, Jorge Ignacio.",1997,Estampas de Ciénaga de Oro,Libreria Domus Libri,,,,"Montería, Colombia",,,,,,,,No verificado externamente,,"Pretelt Chaljub, Jorge Ignacio.. (1997). Estampas de Ciénaga de Oro. Libreria Domus Libri."
BIB-L-0623,Libro,"Pretelt Mendoza, Manuel H.",1997,Estampas de Ciénaga de Oro,Libreria Domus Libri,,,,"Montería, Colombia",,,,,,,,No verificado externamente,,"Pretelt Mendoza, Manuel H.. (1997). Estampas de Ciénaga de Oro. Libreria Domus Libri."
BIB-L-0624,Libro,"Soto Posada, Gonzalo.",1997,Los refranes en el derecho y el derecho en los refranes,Editorial Universidad Pontificia Bolivariana,,,,"Medellín, Colombia",,,,,,,,No verificado externamente,,"Soto Posada, Gonzalo.. (1997). Los refranes en el derecho y el derecho en los refranes. Editorial Universidad Pontificia Bolivariana."
BIB-L-0625,Libro,"Triana Nova, Bety María.",1997,"Raíces-- mitos, relatos y leyendas",Cooperativa Editorial Magisterio,,,,Bogotá,,,,,,,,No verificado externamente,,"Triana Nova, Bety María.. (1997). Raíces-- mitos, relatos y leyendas. Cooperativa Editorial Magisterio."
BIB-L-0626,Libro,"Varona, Dora",1997,Fábulas y leyendas americanas,Espasa-Calpe,,,,Madrid,,,,,,,,No verificado externamente,,"Varona, Dora. (1997). Fábulas y leyendas americanas. Espasa-Calpe."
BIB-L-0627,Libro,"Vélez Correa, Fabio",1997,"Mitos, espantos y leyendas de Caldas",Impr. Departamental de Caldas,,,,"Manizales, Caldas, Colombia",,,,,,,,No verificado externamente,,"Vélez Correa, Fabio. (1997). Mitos, espantos y leyendas de Caldas. Impr. Departamental de Caldas."
BIB-L-0628,Libro,"Barreto, Alonso Uribe",1998,Más barato por docena : (cuentos y leyendas de Colombia),"Red Internacional del Libro,",,,,Santiago de Chile,,,,,,,,No verificado externamente,,"Barreto, Alonso Uribe. (1998). Más barato por docena : (cuentos y leyendas de Colombia). Red Internacional del Libro,."
BIB-L-0629,Libro,"España, Gonzalo.",1998,Leyendas de medianoche,Sistemas y Computadores,,,,Bucaramanga,,,,,,,,No verificado externamente,,"España, Gonzalo.. (1998). Leyendas de medianoche. Sistemas y Computadores."
BIB-L-0630,Libro,"G., Pedro Nel. Suarez",1998,"Por los confines del llano, tradiciones llaneras : faenas llaneras, costumbres, mitos, secretos, leyendas, cantos y poemas","[s.n.],",,,,Villavicencio [Colombia],,,,,,,,No verificado externamente,,"G., Pedro Nel. Suarez. (1998). Por los confines del llano, tradiciones llaneras : faenas llaneras, costumbres, mitos, secretos, leyendas, cantos y poemas. [s.n.],."
BIB-L-0631,Libro,"González Pérez, Marcos",1998,Fiesta y nación en Colombia,Cooperativa Editorial Magisterio,,,,Colombia,,,,,,,,No verificado externamente,,"González Pérez, Marcos. (1998). Fiesta y nación en Colombia. Cooperativa Editorial Magisterio."
BIB-L-0632,Libro,LC Purchase Collection (Library of Congress),1998,Manual de danzas de la costa pacifica de Colombia,Colegio Máximo de las Academias Colombianas,,,,Bogotá,,,,,,,,No verificado externamente,,LC Purchase Collection (Library of Congress). (1998). Manual de danzas de la costa pacifica de Colombia. Colegio Máximo de las Academias Colombianas.
BIB-L-0633,Libro,"M., Siervo. Mora",1998,Índice alfabético del Atlas Lingüístico-Etnográfico de Colombia (ALEC),"Instituto Caro y Cuervo,",,,,Bogotá,,,,,,,,No verificado externamente,,"M., Siervo. Mora. (1998). Índice alfabético del Atlas Lingüístico-Etnográfico de Colombia (ALEC). Instituto Caro y Cuervo,."
BIB-L-0634,Libro,"Massa Zapata, Edelmira.",1998,Manual de danzas de la costa pacifica de Colombia,Colegio Máximo de las Academias Colombianas,,,,Bogotá,,,,,,,,No verificado externamente,,"Massa Zapata, Edelmira.. (1998). Manual de danzas de la costa pacifica de Colombia. Colegio Máximo de las Academias Colombianas."
BIB-L-0635,Libro,"Ossa, Jesús. Cárdenas de la",1998,Refranero y cantos agrestes de la Costa Caribe,"Agrosoledad S.A. y C.I. Cartegenera de Acuacultura,",,,,Bogotá,,,,,,,,No verificado externamente,,"Ossa, Jesús. Cárdenas de la. (1998). Refranero y cantos agrestes de la Costa Caribe. Agrosoledad S.A. y C.I. Cartegenera de Acuacultura,."
BIB-L-0636,Libro,"Vega, Eugenio. Ponce",1998,A-bel-canto : décimas al talento,"Editorial Antillas,",,,,"Barranquilla, Colombia",,,,,,,,No verificado externamente,,"Vega, Eugenio. Ponce. (1998). A-bel-canto : décimas al talento. Editorial Antillas,."
BIB-L-0637,Libro,"Zapata Olivella, Delia.",1998,Manual de danzas de la costa pacifica de Colombia,Colegio Máximo de las Academias Colombianas,,,,Bogotá,,,,,,,,No verificado externamente,,"Zapata Olivella, Delia.. (1998). Manual de danzas de la costa pacifica de Colombia. Colegio Máximo de las Academias Colombianas."
BIB-L-0638,Libro,Anónimo,1999,"Montenegro : semblanza de tus cien años, mitos y leyendas","Universidad del Quíndio,",,,,Armenia,,,,,,,,No verificado externamente,,"Anónimo. (1999). Montenegro : semblanza de tus cien años, mitos y leyendas. Universidad del Quíndio,."
BIB-L-0639,Libro,Anónimo,1999,Canto al llano : coplas y cantos de los Llanos del Orinoco.,Diego Samper Ediciones,,,,Bogotá,,,,,,,,No verificado externamente,,Anónimo. (1999). Canto al llano : coplas y cantos de los Llanos del Orinoco.. Diego Samper Ediciones.
BIB-L-0640,Libro,"Arocha, Jaime.",1999,Jaime Arocha : Ombligados de Ananse. Hilos ancestrales y modernos en el litoral Pacífico colombiano.,"Facultad de Ciencias Humanas, UN",,,,Bogotá,,,,,,,,No verificado externamente,,"Arocha, Jaime.. (1999). Jaime Arocha : Ombligados de Ananse. Hilos ancestrales y modernos en el litoral Pacífico colombiano.. Facultad de Ciencias Humanas, UN."
BIB-L-0641,Libro,"Camargo, Juan Carlos",1999,Leyendas de miedo y espanto en América,Panamericana Editorial,,,,Bogotá,,,,,,,,No verificado externamente,,"Camargo, Juan Carlos. (1999). Leyendas de miedo y espanto en América. Panamericana Editorial."
BIB-L-0642,Libro,"Campo, Rafael",1999,Crónicas didácticas sobre el folclor musical en Colombia,Editorial Mejoras,,,,Barranquilla,,,,,,,,No verificado externamente,,"Campo, Rafael. (1999). Crónicas didácticas sobre el folclor musical en Colombia. Editorial Mejoras."
BIB-L-0643,Libro,"Delacre, Lulu.",1999,El romance de Don Gato y otros cuentos populares de América latina,Scholastic Inc,,,,New York,,,,,,,,No verificado externamente,,"Delacre, Lulu.. (1999). El romance de Don Gato y otros cuentos populares de América latina. Scholastic Inc."
BIB-L-0644,Libro,"España, Gonzalo.",1999,Leyendas de miedo y espanto en América,Panamericana Editorial,,,,Bogotá,,,,,,,,No verificado externamente,,"España, Gonzalo.. (1999). Leyendas de miedo y espanto en América. Panamericana Editorial."
BIB-L-0645,Libro,"Espriella, Alfredo de la.",1999,Carnaval en la Arenosa,Fondo de Publicaciones de la Universidad del Atlántico,,,,Barranquilla,,,,,,,,No verificado externamente,,"Espriella, Alfredo de la.. (1999). Carnaval en la Arenosa. Fondo de Publicaciones de la Universidad del Atlántico."
BIB-L-0646,Libro,"González, Lucía M.",1999,El romance de Don Gato y otros cuentos populares de América latina,Scholastic Inc,,,,New York,,,,,,,,No verificado externamente,,"González, Lucía M.. (1999). El romance de Don Gato y otros cuentos populares de América latina. Scholastic Inc."
BIB-L-0647,Libro,"Orozco Cantillo, Martín.",1999,Danza el torito : ritual de tradición y magia en el Carnaval de Barranquilla,Comfamiliar del Atlántico,,,,Barranquilla,,,,,,,,No verificado externamente,,"Orozco Cantillo, Martín.. (1999). Danza el torito : ritual de tradición y magia en el Carnaval de Barranquilla. Comfamiliar del Atlántico."
BIB-L-0648,Libro,"Pacheco, Juan Florencio. Agudelo",1999,"Mitos, cuentos y leyendas de Colombia",E. Pérez Ballesteros,,,,[Palma de Mallorca],,,,,,,,No verificado externamente,,"Pacheco, Juan Florencio. Agudelo. (1999). Mitos, cuentos y leyendas de Colombia. E. Pérez Ballesteros."
BIB-L-0649,Libro,"Pacheco, Juan Florencio. Agudelo",1999,"Mitos, cuentos y leyendas de Colombia",Grupo Editorial Norma,,,,Barcelona,,,,,,,,No verificado externamente,,"Pacheco, Juan Florencio. Agudelo. (1999). Mitos, cuentos y leyendas de Colombia. Grupo Editorial Norma."
BIB-L-0650,Libro,"Puerta, Laurian.",1999,Carnaval en la Arenosa,Fondo de Publicaciones de la Universidad del Atlántico,,,,Barranquilla,,,,,,,,No verificado externamente,,"Puerta, Laurian.. (1999). Carnaval en la Arenosa. Fondo de Publicaciones de la Universidad del Atlántico."
BIB-L-0651,Libro,"R., José del C. Bolívar",1999,"Los cuentos que Toto cuenta : historias, leyendas, y cuentos de la Pamplona de antaño","Universidad de Pamplona,",,,,"[Pamplona], Colombia",,,,,,,,No verificado externamente,,"R., José del C. Bolívar. (1999). Los cuentos que Toto cuenta : historias, leyendas, y cuentos de la Pamplona de antaño. Universidad de Pamplona,."
BIB-L-0652,Libro,"Ramírez, José Vicente. Trujillo",1999,Astillas del Rajaleña : oralidad y transformación de la Copla Huilense,"[publisher not identified],",,,,Neiva,,,,,,,,No verificado externamente,,"Ramírez, José Vicente. Trujillo. (1999). Astillas del Rajaleña : oralidad y transformación de la Copla Huilense. [publisher not identified],."
BIB-L-0653,Libro,"Rocheraux, J. B.",1999,"Pamplona : descripción, tradiciones y leyendas, historia","Universidad de Pamplona, Norte de Santander",,,,[Pamplona (Colombia)],,,,,,,,No verificado externamente,,"Rocheraux, J. B.. (1999). Pamplona : descripción, tradiciones y leyendas, historia. Universidad de Pamplona, Norte de Santander."
BIB-L-0654,Libro,"Soto Mazanett, Rafael.",1999,Danza el torito : ritual de tradición y magia en el Carnaval de Barranquilla,Comfamiliar del Atlántico,,,,Barranquilla,,,,,,,,No verificado externamente,,"Soto Mazanett, Rafael.. (1999). Danza el torito : ritual de tradición y magia en el Carnaval de Barranquilla. Comfamiliar del Atlántico."
BIB-L-0655,Libro,"Andreu, Gustavo Casas",2000,"Mitos , Leyendas Y Realidades",,,,,,,,,,,,,No verificado externamente,,"Andreu, Gustavo Casas. (2000). Mitos , Leyendas Y Realidades."
BIB-L-0656,Libro,"Ciencias, Patronato Colombiano De Artes Y",2000,Manual de danzas folclr̤icas de la Zona Andina de Colombia [videograbacin̤],"Patronato Colombiano de Artes y Ciencias,",,,,[Bogot]̀,,,,,,,,No verificado externamente,,"Ciencias, Patronato Colombiano De Artes Y. (2000). Manual de danzas folclr̤icas de la Zona Andina de Colombia [videograbacin̤]. Patronato Colombiano de Artes y Ciencias,."
BIB-L-0657,Libro,"Duque, Jaime Mejía",2000,Los pasos perdidos de Francisco el hombre : (dos versiones),"Cámara de Comercio de Valledupar,",,,,Valledupar,,,,,,,,No verificado externamente,,"Duque, Jaime Mejía. (2000). Los pasos perdidos de Francisco el hombre : (dos versiones). Cámara de Comercio de Valledupar,."
BIB-L-0658,Libro,"Enríquez, Enrique. Herrera",2000,"Mitos, leyendas y tradiciones de Nariño","[publisher not identified],",,,,"San Juan de Pasto, Colombia",,,,,,,,No verificado externamente,,"Enríquez, Enrique. Herrera. (2000). Mitos, leyendas y tradiciones de Nariño. [publisher not identified],."
BIB-L-0659,Libro,"Franzoi, Jacinto",2000,Río Caguán : memorias y leyendas de una colonizacion,Quebecor World,,,,Bogotá,,,,,,,,No verificado externamente,,"Franzoi, Jacinto. (2000). Río Caguán : memorias y leyendas de una colonizacion. Quebecor World."
BIB-L-0660,Libro,"Gálvez V., María Cristina (Gálvez Vitery)",2000,Cultura y carnaval,Fondo Mixto de Cultura de Nariño,,,,"Pasto, Nariño",,,,,,,,No verificado externamente,,"Gálvez V., María Cristina (Gálvez Vitery). (2000). Cultura y carnaval. Fondo Mixto de Cultura de Nariño."
BIB-L-0661,Libro,"Hernán Cabrera E., Jaime.",2000,Cultura y carnaval,Fondo Mixto de Cultura de Nariño,,,,"Pasto, Nariño",,,,,,,,No verificado externamente,,"Hernán Cabrera E., Jaime.. (2000). Cultura y carnaval. Fondo Mixto de Cultura de Nariño."
BIB-L-0662,Libro,"Hernández, Carlos Nicolás",2000,Coplas y poemas al aguardiente,Panamericana Editorial,,,,"Santafé de Bogotá, D.C., Colombia",,,,,,,,No verificado externamente,,"Hernández, Carlos Nicolás. (2000). Coplas y poemas al aguardiente. Panamericana Editorial."
BIB-L-0663,Libro,"Kleymeyer, Ana María.",2000,La décima : fusión y desarrollo cultural en el Afropacífico,Ediciones Abya-Yala,,,,Quito,,,,,,,,No verificado externamente,,"Kleymeyer, Ana María.. (2000). La décima : fusión y desarrollo cultural en el Afropacífico. Ediciones Abya-Yala."
BIB-L-0664,Libro,"Lombana, Orlando. Periñán",2000,Doscientas (200) frases célebres ; Refranes y dichos caribeños,"Opel 2000,",,,,Cartagena de Indias,,,,,,,,No verificado externamente,,"Lombana, Orlando. Periñán. (2000). Doscientas (200) frases célebres ; Refranes y dichos caribeños. Opel 2000,."
BIB-L-0665,Libro,"Nadhezda Truque, Sonia.",2000,Coplas y poemas al aguardiente,Panamericana Editorial,,,,"Santafé de Bogotá, D.C., Colombia",,,,,,,,No verificado externamente,,"Nadhezda Truque, Sonia.. (2000). Coplas y poemas al aguardiente. Panamericana Editorial."
BIB-L-0666,Libro,"Sánchez L., Luis María",2000,Esto diju'el armadillo : antología de coplas populares de Colombia. Vol. 2,Editorial Colina,,,,Medellín,,,,,,,,No verificado externamente,,"Sánchez L., Luis María. (2000). Esto diju'el armadillo : antología de coplas populares de Colombia. Vol. 2. Editorial Colina."
BIB-L-0667,Libro,"Serret, León Alberto.",2000,Leyenda de la cierva plateada y otras leyendas,Cooperativa Editorial Magisterio,,,,Bogotá,,,,,,,,No verificado externamente,,"Serret, León Alberto.. (2000). Leyenda de la cierva plateada y otras leyendas. Cooperativa Editorial Magisterio."
BIB-L-0668,Libro,"Sierra Montoya, Jorge Emilio",2000,Historias y leyendas de pueblo,Editora Mejoras,,,,[Colombia],,,,,,,,No verificado externamente,,"Sierra Montoya, Jorge Emilio. (2000). Historias y leyendas de pueblo. Editora Mejoras."
BIB-L-0669,Libro,"Soto Posada, Gonzalo.",2000,Los refranes en la medicina y la medicina en los refranes,Editorial Universidad Pontificia Bolivariana,,,,"Medellín, Colombia",,,,,,,,No verificado externamente,,"Soto Posada, Gonzalo.. (2000). Los refranes en la medicina y la medicina en los refranes. Editorial Universidad Pontificia Bolivariana."
BIB-L-0670,Libro,"Cadena, Uriel. Villalobos",2001,"Historias, mitos y leyendas del rio Yuma","Alcaldía Municipal,",,,,Barrancabermeja,,,,,,,,No verificado externamente,,"Cadena, Uriel. Villalobos. (2001). Historias, mitos y leyendas del rio Yuma. Alcaldía Municipal,."
BIB-L-0671,Libro,"Castro Blanco, Elías.",2001,Por qué lloraban los Tikuna? : y otras leyendas,Panamericana,,,,Bogotá,,,,,,,,No verificado externamente,,"Castro Blanco, Elías.. (2001). Por qué lloraban los Tikuna? : y otras leyendas. Panamericana."
BIB-L-0672,Libro,"Cotes, Isaías. Celedón",2001,El alma de folclor : narrativa poetica vallenata,"Editorial Sueños,",,,,"[Valledupar, Colombia?]",,,,,,,,No verificado externamente,,"Cotes, Isaías. Celedón. (2001). El alma de folclor : narrativa poetica vallenata. Editorial Sueños,."
BIB-L-0673,Libro,"Escobar Barón, Orlando.",2001,"Arrierías, cuentos, lecturas entretenidas",E.L. Lozano Galino,,,,Ibagué,,,,,,,,No verificado externamente,,"Escobar Barón, Orlando.. (2001). Arrierías, cuentos, lecturas entretenidas. E.L. Lozano Galino."
BIB-L-0674,Libro,"Galindo, Julio Roberto",2001,Leyendas históricas indígenas mitología Chibcha,Crear arte,,,,Bogotá,,,,,,,,No verificado externamente,,"Galindo, Julio Roberto. (2001). Leyendas históricas indígenas mitología Chibcha. Crear arte."
BIB-L-0675,Libro,"González, Flover G. (Flover Guillermo)",2001,Fantasmagorias : mitos y leyendas del pacifico colombiano ; cuentos 1991-2000,[F. González],,,,Colombia,,,,,,,,No verificado externamente,,"González, Flover G. (Flover Guillermo). (2001). Fantasmagorias : mitos y leyendas del pacifico colombiano ; cuentos 1991-2000. [F. González]."
BIB-L-0676,Libro,"González, Flover G. (Flover Guillermo)",2001,Fantasmagorias : mitos y leyendas del pacifico colombiano ; cuentos 1991-2000,[F. González],,,,Bogotá,,,,,,,,No verificado externamente,,"González, Flover G. (Flover Guillermo). (2001). Fantasmagorias : mitos y leyendas del pacifico colombiano ; cuentos 1991-2000. [F. González]."
BIB-L-0677,Libro,"Lara, César E. Rivas",2001,"De la expresión popular, el verso y la adivinanza en el folclor literario","Editorial Lealon,",,,,Medellín,,,,,,,,No verificado externamente,,"Lara, César E. Rivas. (2001). De la expresión popular, el verso y la adivinanza en el folclor literario. Editorial Lealon,."
BIB-L-0678,Libro,"Lara, César E. Rivas",2001,"De la expresión popular, el verso y la adivinanza en el folclor literario","Lealon,",,,,Medellín,,,,,,,,No verificado externamente,,"Lara, César E. Rivas. (2001). De la expresión popular, el verso y la adivinanza en el folclor literario. Lealon,."
BIB-L-0679,Libro,"Lozano Galindo, Edgar Leonidas",2001,"Arrierías, cuentos, lecturas entretenidas",E.L. Lozano Galino,,,,Ibagué,,,,,,,,No verificado externamente,,"Lozano Galindo, Edgar Leonidas. (2001). Arrierías, cuentos, lecturas entretenidas. E.L. Lozano Galino."
BIB-L-0680,Libro,"Mejía M., Olga (Mejía Mendoza)",2001,"Conceptos de la sexualidad Wayuu : expresados en los mitos, leyendas y tradiciones",Departamento de La Guajira,,,,Riohacha,,,,,,,,No verificado externamente,,"Mejía M., Olga (Mejía Mendoza). (2001). Conceptos de la sexualidad Wayuu : expresados en los mitos, leyendas y tradiciones. Departamento de La Guajira."
BIB-L-0681,Libro,"Ocampo, Javier",2001,El imaginario en Boyacá: la identidad del pueblo boyacense y su proyección en la simbología regional V.2.,"Universidad Distrital ""Francisco José de Caldas"" Oficina de Investigaciones y Desarrollo Científico,",,,,Bogotá,,,,,,,,No verificado externamente,,"Ocampo, Javier. (2001). El imaginario en Boyacá: la identidad del pueblo boyacense y su proyección en la simbología regional V.2.. Universidad Distrital ""Francisco José de Caldas"" Oficina de Investigaciones y Desarrollo Científico,."
BIB-L-0682,Libro,"Quintero, Marcela.",2001,Por qué lloraban los Tikuna? : y otras leyendas,Panamericana,,,,Bogotá,,,,,,,,No verificado externamente,,"Quintero, Marcela.. (2001). Por qué lloraban los Tikuna? : y otras leyendas. Panamericana."
BIB-L-0683,Libro,"Ramírez Suárez, Luis Manuel.",2001,Mi ciénaga vacía : décimas y cantares del Sinú,Ediciones Paloma,,,,"Montería, Colombia",,,,,,,,No verificado externamente,,"Ramírez Suárez, Luis Manuel.. (2001). Mi ciénaga vacía : décimas y cantares del Sinú. Ediciones Paloma."
BIB-L-0684,Libro,"Sánchez L., Luis María.",2001,"Colombia, mitos y leyendas",Editorial Colina,,,,"Medellín, Colombia",,,,,,,,No verificado externamente,,"Sánchez L., Luis María.. (2001). Colombia, mitos y leyendas. Editorial Colina."
BIB-L-0685,Libro,"Universidad de San Buenaventura (Cartagena, Colombia)",2001,"Brocal : revista de las ciencias humanas y de la salud : órgano de divulgación de las facultades de Arquitectura, Bacteriología, Derecho, Educación, Fisioterapia y Psicología.",Universidad de San Buenaventura,,,,,,,,,,,,No verificado externamente,,"Universidad de San Buenaventura (Cartagena, Colombia). (2001). Brocal : revista de las ciencias humanas y de la salud : órgano de divulgación de las facultades de Arquitectura, Bacteriología, Derecho, Educación, Fisioterapia y Psicología.. Universidad de San Buenaventura."
BIB-L-0686,Libro,"Baquero Romero, Inírida C N - J F D 03-483",2002,"Aproximación histórica, semiótica y estética al parrando llanero",Ministerio de Cultura,,,,Bogotá,,,,,,,,No verificado externamente,,"Baquero Romero, Inírida C N - J F D 03-483. (2002). Aproximación histórica, semiótica y estética al parrando llanero. Ministerio de Cultura."
BIB-L-0687,Libro,"Botero, Jaime. Fernández",2002,Historias y leyendas de Santa Rosa de Cabal,"Fondo Editorial del Departamento de Risaralda,",,,,"[Risaralda, Colombia]",,,,,,,,No verificado externamente,,"Botero, Jaime. Fernández. (2002). Historias y leyendas de Santa Rosa de Cabal. Fondo Editorial del Departamento de Risaralda,."
BIB-L-0688,Libro,"Bravo Molina, Carlos Ramiro.",2002,Estudios afrocolombianos y educación intercultural,Editorial Papiro,,,,Colombia,,,,,,,,No verificado externamente,,"Bravo Molina, Carlos Ramiro.. (2002). Estudios afrocolombianos y educación intercultural. Editorial Papiro."
BIB-L-0689,Libro,"Cifuentes Ramírez, Jaime.",2002,Memoria cultural del Pacífico,Club de Leones de Buenaventura Monarca,,,,Colombia,,,,,,,,No verificado externamente,,"Cifuentes Ramírez, Jaime.. (2002). Memoria cultural del Pacífico. Club de Leones de Buenaventura Monarca."
BIB-L-0690,Libro,Club de Leones de Buenaventura Monarca.,2002,Memoria cultural del Pacífico,Club de Leones de Buenaventura Monarca,,,,Colombia,,,,,,,,No verificado externamente,,Club de Leones de Buenaventura Monarca.. (2002). Memoria cultural del Pacífico. Club de Leones de Buenaventura Monarca.
BIB-L-0691,Libro,Colombia. Ministerio de Cultura.,2002,Las voces de la memoria : conversatorios sobre fiestas populares de Colombia.,Ministerio de Cultura,,,,Bogotá,,,,,,,,No verificado externamente,,Colombia. Ministerio de Cultura.. (2002). Las voces de la memoria : conversatorios sobre fiestas populares de Colombia.. Ministerio de Cultura.
BIB-L-0692,Libro,"Correa, Carmenza. Olano",2002,"Tunja, mitos y leyendas","Errediciones,",,,,Bogotá,,,,,,,,No verificado externamente,,"Correa, Carmenza. Olano. (2002). Tunja, mitos y leyendas. Errediciones,."
BIB-L-0693,Libro,"Durán Pinilla, Jorge Ignacio",2002,"Aproximación histórica, semiótica y estética al parrando llanero",Ministerio de Cultura,,,,Bogotá,,,,,,,,No verificado externamente,,"Durán Pinilla, Jorge Ignacio. (2002). Aproximación histórica, semiótica y estética al parrando llanero. Ministerio de Cultura."
BIB-L-0694,Libro,"Escobar Belalcázar, Carlos Arnulfo.",2002,Estudios afrocolombianos y educación intercultural,Editorial Papiro,,,,Colombia,,,,,,,,No verificado externamente,,"Escobar Belalcázar, Carlos Arnulfo.. (2002). Estudios afrocolombianos y educación intercultural. Editorial Papiro."
BIB-L-0695,Libro,Fundación BAT Colombia.,2002,Las voces de la memoria : conversatorios sobre fiestas populares de Colombia.,Ministerio de Cultura,,,,Bogotá,,,,,,,,No verificado externamente,,Fundación BAT Colombia.. (2002). Las voces de la memoria : conversatorios sobre fiestas populares de Colombia.. Ministerio de Cultura.
BIB-L-0696,Libro,"Garcés González, José Luis.",2002,"El abuelo Bijao ha regresao : el abuelo Bijao ha regresao, con coplas, adivinanzas y una obra de teatro al lao",Editorial Paso de Gato,,,,"Córdoba, Colombia",,,,,,,,No verificado externamente,,"Garcés González, José Luis.. (2002). El abuelo Bijao ha regresao : el abuelo Bijao ha regresao, con coplas, adivinanzas y una obra de teatro al lao. Editorial Paso de Gato."
BIB-L-0697,Libro,"Kriss, Cristina Gómez Ortiz de.",2002,Coplas y anécdotas de un abuelo,Cooperativa Editorial Magisterio,,,,Bogotá,,,,,,,,No verificado externamente,,"Kriss, Cristina Gómez Ortiz de.. (2002). Coplas y anécdotas de un abuelo. Cooperativa Editorial Magisterio."
BIB-L-0698,Libro,"Medina Sierra, Abel Antonio",2002,Leyendas guajiras : tradiciones orales,Gobernación de La Guajira,,,,"[Riohacha, Colombia?]",,,,,,,,No verificado externamente,,"Medina Sierra, Abel Antonio. (2002). Leyendas guajiras : tradiciones orales. Gobernación de La Guajira."
BIB-L-0699,Libro,"Ortiz Benavides, Jorge Ernesto",2002,"Aproximación histórica, semiótica y estética al parrando llanero",Ministerio de Cultura,,,,Bogotá,,,,,,,,No verificado externamente,,"Ortiz Benavides, Jorge Ernesto. (2002). Aproximación histórica, semiótica y estética al parrando llanero. Ministerio de Cultura."
BIB-L-0700,Libro,"Rivera Galindo, Luis Gildardo.",2002,Estudios afrocolombianos y educación intercultural,Editorial Papiro,,,,Colombia,,,,,,,,No verificado externamente,,"Rivera Galindo, Luis Gildardo.. (2002). Estudios afrocolombianos y educación intercultural. Editorial Papiro."
BIB-L-0701,Libro,"Torres, Horacio",2002,"El Rayo: Mitos, Leyendas, Ciencia y Tecnología","Universidad Nacional de Colombia, Facultad de Ingeniería",,,,Bogotá,,,,,,,,No verificado externamente,,"Torres, Horacio. (2002). El Rayo: Mitos, Leyendas, Ciencia y Tecnología. Universidad Nacional de Colombia, Facultad de Ingeniería."
BIB-L-0702,Libro,"Yances Torres, Roberto",2002,La décima en Colombia,Ediciones Gobernación de Córdoba,,,,Montería,,,,,,,,No verificado externamente,,"Yances Torres, Roberto. (2002). La décima en Colombia. Ediciones Gobernación de Córdoba."
BIB-L-0703,Libro,"Alvarez de Huertas, Rubby Amelia.",2003,"Cartilla de Boyacá : geografía, historia y cultura",Academia Boyacense de Historia,,,,Tunja,,,,,,,,No verificado externamente,,"Alvarez de Huertas, Rubby Amelia.. (2003). Cartilla de Boyacá : geografía, historia y cultura. Academia Boyacense de Historia."
BIB-L-0704,Libro,"Andricaín, Sergio.",2003,La caja de las coplas,Panamericana Editorial,,,,Colombia,,,,,,,,No verificado externamente,,"Andricaín, Sergio.. (2003). La caja de las coplas. Panamericana Editorial."
BIB-L-0705,Libro,"Bastidas Urresty, Julián.",2003,Son sureño,Testimonio,,,,Bogotá,,,,,,,,No verificado externamente,,"Bastidas Urresty, Julián.. (2003). Son sureño. Testimonio."
BIB-L-0706,Libro,"Blumenfeld, Diana",2003,"Leyendas, mitos, cuentos y otros relatos Onas",Longseller,,,,Buenos Aires,,,,,,,,No verificado externamente,,"Blumenfeld, Diana. (2003). Leyendas, mitos, cuentos y otros relatos Onas. Longseller."
BIB-L-0707,Libro,"Cortés de Sarmiento, Clara.",2003,"Cartilla de Boyacá : geografía, historia y cultura",Academia Boyacense de Historia,,,,Tunja,,,,,,,,No verificado externamente,,"Cortés de Sarmiento, Clara.. (2003). Cartilla de Boyacá : geografía, historia y cultura. Academia Boyacense de Historia."
BIB-L-0708,Libro,"Flórez Flórez, Alberto.",2003,Coplas y quejas por Colombia : coplas en pro de Colombia denunciando corrupción por malditos mandatarios en prensa y televisión,(Sic) Editorial,,,,"Bucaramanga, Colombia",,,,,,,,No verificado externamente,,"Flórez Flórez, Alberto.. (2003). Coplas y quejas por Colombia : coplas en pro de Colombia denunciando corrupción por malditos mandatarios en prensa y televisión. (Sic) Editorial."
BIB-L-0709,Libro,"Galindo Caballero, Mauricio",2003,Mitos y leyendas de Colombia : tradición oral indígena y campesina,Intermedio,,,,Bogotá,,,,,,,,No verificado externamente,,"Galindo Caballero, Mauricio. (2003). Mitos y leyendas de Colombia : tradición oral indígena y campesina. Intermedio."
BIB-L-0710,Libro,"García López, Carlos Augusto",2003,Mitos y leyendas de Colombia : tradición oral indígena y campesina,Intermedio,,,,Bogotá,,,,,,,,No verificado externamente,,"García López, Carlos Augusto. (2003). Mitos y leyendas de Colombia : tradición oral indígena y campesina. Intermedio."
BIB-L-0711,Libro,"Gómez de Monroy, Hilda Emma",2003,"Cartilla de Boyacá : geografía, historia y cultura",Academia Boyacense de Historia,,,,Tunja,,,,,,,,No verificado externamente,,"Gómez de Monroy, Hilda Emma. (2003). Cartilla de Boyacá : geografía, historia y cultura. Academia Boyacense de Historia."
BIB-L-0712,Libro,"Londoño F., J. Alberto.",2003,El carnaval de Riosucio (Caldas) : representación y transformación de identidades,"Editorial Universidad de Antioquia, Instituto de Estudios Regionales",,,,Medellín,,,,,,,,No verificado externamente,,"Londoño F., J. Alberto.. (2003). El carnaval de Riosucio (Caldas) : representación y transformación de identidades. Editorial Universidad de Antioquia, Instituto de Estudios Regionales."
BIB-L-0713,Libro,"Montoya Bonilla, Yolanda Sol",2003,El carnaval de Riosucio (Caldas) : representación y transformación de identidades,"Editorial Universidad de Antioquia, Instituto de Estudios Regionales",,,,Medellín,,,,,,,,No verificado externamente,,"Montoya Bonilla, Yolanda Sol. (2003). El carnaval de Riosucio (Caldas) : representación y transformación de identidades. Editorial Universidad de Antioquia, Instituto de Estudios Regionales."
BIB-L-0714,Libro,"Olano Correa, Carmenza.",2003,Villa de Leiva y Ricaurte Alto,Camargo/Angel,,,,Bogotá,,,,,,,,No verificado externamente,,"Olano Correa, Carmenza.. (2003). Villa de Leiva y Ricaurte Alto. Camargo/Angel."
BIB-L-0715,Libro,"Portaccio Fontalvo, Rosni C N - J M E 05-142",2003,El folklor musical de la cultura llanera,Universidad Colegio Mayor de Cundinamarca,,,,Bogotá,,,,,,,,No verificado externamente,,"Portaccio Fontalvo, Rosni C N - J M E 05-142. (2003). El folklor musical de la cultura llanera. Universidad Colegio Mayor de Cundinamarca."
BIB-L-0716,Libro,"Romero de Nohra, Flor.",2003,Dos mil tres lunas,Uneda,,,,Bogotá,,,,,,,,No verificado externamente,,"Romero de Nohra, Flor.. (2003). Dos mil tres lunas. Uneda."
BIB-L-0717,Libro,"Sugobono, Nahuel",2003,"Leyendas, mitos, cuentos y otros relatos Onas",Longseller,,,,Buenos Aires,,,,,,,,No verificado externamente,,"Sugobono, Nahuel. (2003). Leyendas, mitos, cuentos y otros relatos Onas. Longseller."
BIB-L-0718,Libro,"Valencia Cuéllar, Jorge",2003,Mitos y leyendas de Colombia : tradición oral indígena y campesina,Intermedio,,,,Bogotá,,,,,,,,No verificado externamente,,"Valencia Cuéllar, Jorge. (2003). Mitos y leyendas de Colombia : tradición oral indígena y campesina. Intermedio."
BIB-L-0719,Libro,"Vallejo, Esperanza.",2003,La caja de las coplas,Panamericana Editorial,,,,Colombia,,,,,,,,No verificado externamente,,"Vallejo, Esperanza.. (2003). La caja de las coplas. Panamericana Editorial."
BIB-L-0720,Libro,"Antón Sánchez, Jhon.",2004,Condoto : crónicas y leyendas,Nayith Quintana,,,,Santiago de Cali,,,,,,,,No verificado externamente,,"Antón Sánchez, Jhon.. (2004). Condoto : crónicas y leyendas. Nayith Quintana."
BIB-L-0721,Libro,"Avila Monguí, Gilberto",2004,"La jasa y la parva : historias, mitos, leyendas y tradiciones populares de Chivatá",Academia Boyacense de Historia,,,,"Tunja, Boyacá, Colombia",,,,,,,,No verificado externamente,,"Avila Monguí, Gilberto. (2004). La jasa y la parva : historias, mitos, leyendas y tradiciones populares de Chivatá. Academia Boyacense de Historia."
BIB-L-0722,Libro,"Avila Monguí, Gilberto",2004,"La jasa y la parva : historias, mitos, leyendas y tradiciones populares de Chivatá","Publicaciones del Magister en Historia, Escuela de Posgrado de la Facultad de Educación, Universidad Pedagógica y Tecnologíca de Colombia,",,,,"Tunja, Boyacá, Colombia",,,,,,,,No verificado externamente,,"Avila Monguí, Gilberto. (2004). La jasa y la parva : historias, mitos, leyendas y tradiciones populares de Chivatá. Publicaciones del Magister en Historia, Escuela de Posgrado de la Facultad de Educación, Universidad Pedagógica y Tecnologíca de Colombia,."
BIB-L-0723,Libro,"Bacon, Susan M.",2004,Leyendas del mundo hispano,Prentice Hall,,,,"Upper Saddle River, N.J",,,,,,,,No verificado externamente,,"Bacon, Susan M.. (2004). Leyendas del mundo hispano. Prentice Hall."
BIB-L-0724,Libro,"Barroso, Sara A Quiroz",2004,Mitos y leyendas,Educar Cultural Recreativa,,,,Bogotá,,,,,,,,No verificado externamente,,"Barroso, Sara A Quiroz. (2004). Mitos y leyendas. Educar Cultural Recreativa."
BIB-L-0725,Libro,"Barroso, Sara A Quiroz",2004,Mitos y leyendas,Educar Editores,,,,"Bogotá, D.C., Colombia",,,,,,,,No verificado externamente,,"Barroso, Sara A Quiroz. (2004). Mitos y leyendas. Educar Editores."
BIB-L-0726,Libro,"Barroso, Sara A Quiroz",2004,Mitos y leyendas,Plaza & Janes Editores,,,,Bogotá,,,,,,,,No verificado externamente,,"Barroso, Sara A Quiroz. (2004). Mitos y leyendas. Plaza & Janes Editores."
BIB-L-0727,Libro,"Barroso, Sara A Quiroz",2004,Mitos y leyendas,Panamericana Editorial,,,,Bogotá,,,,,,,,No verificado externamente,,"Barroso, Sara A Quiroz. (2004). Mitos y leyendas. Panamericana Editorial."
BIB-L-0728,Libro,"Benatar, Raquel",2004,La Madremonte,,,,,,,,,,,,,No verificado externamente,,"Benatar, Raquel. (2004). La Madremonte."
BIB-L-0729,Libro,Biblioteca Luis-Ángel Arango,2004,Boletín cultural y bibliográfico.,,,,,,,,,,,,,No verificado externamente,,Biblioteca Luis-Ángel Arango. (2004). Boletín cultural y bibliográfico..
BIB-L-0730,Libro,"Bikandi-Mejías, Aitor",2004,Leyendas del mundo hispano,Prentice Hall,,,,"Upper Saddle River, N.J",,,,,,,,No verificado externamente,,"Bikandi-Mejías, Aitor. (2004). Leyendas del mundo hispano. Prentice Hall."
BIB-L-0731,Libro,"Calaña, Lirca V. Vallés",2004,Relatos de la costa de los esclavos,"Universidad del Valle,",,,,Cali,,,,,,,,No verificado externamente,,"Calaña, Lirca V. Vallés. (2004). Relatos de la costa de los esclavos. Universidad del Valle,."
BIB-L-0732,Libro,"Cárdenas, Tito Heriberto. Rengifo",2004,"Riquezas de mi Tolima : mitos, leyendas, folclor, chismes, bromatología",,,,,"[Erscheinungsort nicht ermittelbar, Colombia]",,,,,,,,No verificado externamente,,"Cárdenas, Tito Heriberto. Rengifo. (2004). Riquezas de mi Tolima : mitos, leyendas, folclor, chismes, bromatología."
BIB-L-0733,Libro,"Castillo Morales, Alexander.",2004,Magia de los mitos y leyendas latinoamericanas,Grupo Editorial Educar,,,,"Bogotá, D.C., Colombia",,,,,,,,No verificado externamente,,"Castillo Morales, Alexander.. (2004). Magia de los mitos y leyendas latinoamericanas. Grupo Editorial Educar."
BIB-L-0734,Libro,"Courtad, Gregg O.",2004,Leyendas del mundo hispano,Prentice Hall,,,,"Upper Saddle River, N.J",,,,,,,,No verificado externamente,,"Courtad, Gregg O.. (2004). Leyendas del mundo hispano. Prentice Hall."
BIB-L-0735,Libro,"Galindo, Leonel.",2004,Aisén y su folclor,"[Fondo Regional de las Artes y la Cultura],",,,,"[Coyhaique, Patagonía Chilena]",,,,,,,,No verificado externamente,,"Galindo, Leonel.. (2004). Aisén y su folclor. [Fondo Regional de las Artes y la Cultura],."
BIB-L-0736,Libro,Garretón N.,2004,Mitos y leyendas de los pueblos precolombinos,"V. Zuluaga Gómez,",,,,Pereira,,,,,,,,No verificado externamente,,"Garretón N.. (2004). Mitos y leyendas de los pueblos precolombinos. V. Zuluaga Gómez,."
BIB-L-0737,Libro,"Granados Villareal, Jorge Diaz.",2004,"Doña cumbia, la dama del folklore colombiano",Corporación para el Desarrollo del Magdalena Sur - Candemagsur,,,,[Santa Marta?],,,,,,,,No verificado externamente,,"Granados Villareal, Jorge Diaz.. (2004). Doña cumbia, la dama del folklore colombiano. Corporación para el Desarrollo del Magdalena Sur - Candemagsur."
BIB-L-0738,Libro,"Hull Centre for Gender Studies., Daniel",2004,Journal of gender studies.,Hull Centre for Gender Studies,,,,,,,,,,,,No verificado externamente,,"Hull Centre for Gender Studies., Daniel. (2004). Journal of gender studies.. Hull Centre for Gender Studies."
BIB-L-0739,Libro,"Humbach, Nancy A.",2004,Leyendas del mundo hispano,Prentice Hall,,,,"Upper Saddle River, N.J",,,,,,,,No verificado externamente,,"Humbach, Nancy A.. (2004). Leyendas del mundo hispano. Prentice Hall."
BIB-L-0740,Libro,Imprenta Departamental del Valle del Cauca,2004,El Águila vive su folclor con ahínco cafetero,,,,,,,,,,,,,No verificado externamente,,Imprenta Departamental del Valle del Cauca. (2004). El Águila vive su folclor con ahínco cafetero.
BIB-L-0741,Libro,"Long, Donna Reseigh",2004,Leyendas del mundo hispano,Prentice Hall,,,,"Upper Saddle River, N.J",,,,,,,,No verificado externamente,,"Long, Donna Reseigh. (2004). Leyendas del mundo hispano. Prentice Hall."
BIB-L-0742,Libro,"López Serna, Nohelia",2004,El Águila vive su folclor con ahínco cafetero,,,,,,,,,,,,,No verificado externamente,,"López Serna, Nohelia. (2004). El Águila vive su folclor con ahínco cafetero."
BIB-L-0743,Libro,"MacRae, Jock",2004,La Madremonte,,,,,,,,,,,,,No verificado externamente,,"MacRae, Jock. (2004). La Madremonte."
BIB-L-0744,Libro,"Meléndez, Miguel Ángel.",2004,Tradiciones orales de los achagua : indígenas de los Llanos Orientales de Colombia,"Universidad de Los Andes, CESO, CCELA",,,,Bogotá,,,,,,,,No verificado externamente,,"Meléndez, Miguel Ángel.. (2004). Tradiciones orales de los achagua : indígenas de los Llanos Orientales de Colombia. Universidad de Los Andes, CESO, CCELA."
BIB-L-0745,Libro,"Molina Correa, Hernando.",2004,Refranes y modismos antioqueños : diccionario costumbrista,Editorial Lealon,,,,Medellín [Colombia],,,,,,,,No verificado externamente,,"Molina Correa, Hernando.. (2004). Refranes y modismos antioqueños : diccionario costumbrista. Editorial Lealon."
BIB-L-0746,Libro,"Molina Correa, Hernando.",2004,Refranes y modismos antioqueños : diccionario costumbrista,Editorial Lealon,,,,Medellín,,,,,,,,No verificado externamente,,"Molina Correa, Hernando.. (2004). Refranes y modismos antioqueños : diccionario costumbrista. Editorial Lealon."
BIB-L-0747,Libro,"Morales Rey, Rubén Fernando",2004,A mí no me crean tan pingo,Sic Editorial,,,,Bucaramanga,,,,,,,,No verificado externamente,,"Morales Rey, Rubén Fernando. (2004). A mí no me crean tan pingo. Sic Editorial."
BIB-L-0748,Libro,"Silva Vallejo, Fabio",2004,"Mitos y leyendas del mundo : Grecia, Roma, América, Asia, África, Europa, Oceanía",Panamericana Editorial,,,,Bogotá,,,,,,,,No verificado externamente,,"Silva Vallejo, Fabio. (2004). Mitos y leyendas del mundo : Grecia, Roma, América, Asia, África, Europa, Oceanía. Panamericana Editorial."
BIB-L-0749,Libro,"Tovar, Francisco Sour",2004,Mitos y leyendas,Educar Cultural Recreativa,,,,Bogotá,,,,,,,,No verificado externamente,,"Tovar, Francisco Sour. (2004). Mitos y leyendas. Educar Cultural Recreativa."
BIB-L-0750,Libro,"Tovar, Francisco Sour",2004,Mitos y leyendas,Educar Editores,,,,"Bogotá, D.C., Colombia",,,,,,,,No verificado externamente,,"Tovar, Francisco Sour. (2004). Mitos y leyendas. Educar Editores."
BIB-L-0751,Libro,"Tovar, Francisco Sour",2004,Mitos y leyendas,Plaza & Janes Editores,,,,Bogotá,,,,,,,,No verificado externamente,,"Tovar, Francisco Sour. (2004). Mitos y leyendas. Plaza & Janes Editores."
BIB-L-0752,Libro,"Tovar, Francisco Sour",2004,Mitos y leyendas,Panamericana Editorial,,,,Bogotá,,,,,,,,No verificado externamente,,"Tovar, Francisco Sour. (2004). Mitos y leyendas. Panamericana Editorial."
BIB-L-0753,Libro,"Vargas, Julio Orozco",2004,Cuentos de espantos y otros seres fantásticos del folclor colombiano,"Casa Editorial el Tiempo,",,,,Bogotá,,,,,,,,No verificado externamente,,"Vargas, Julio Orozco. (2004). Cuentos de espantos y otros seres fantásticos del folclor colombiano. Casa Editorial el Tiempo,."
BIB-L-0754,Libro,"Vargas, Julio Orozco",2004,Cuentos de espantos y otros seres fantásticos del folclor colombiano,[Casa Editorial El Tiempo],,,,[Colombia],,,,,,,,No verificado externamente,,"Vargas, Julio Orozco. (2004). Cuentos de espantos y otros seres fantásticos del folclor colombiano. [Casa Editorial El Tiempo]."
BIB-L-0755,Libro,"Cristina, Maria Teresa.",2005,"Poesia, canciones y coplas populares, traducciones : v2.","Universidad Externado de Colombia,",,,,Bogotá,,,,,,,,No verificado externamente,,"Cristina, Maria Teresa.. (2005). Poesia, canciones y coplas populares, traducciones : v2.. Universidad Externado de Colombia,."
BIB-L-0756,Libro,Fundación Cultural Nueva Música.,2005,Cuentos populares costeños,Editorial La Iguana Ciega,,,,"Barranquilla, Colombia",,,,,,,,No verificado externamente,,Fundación Cultural Nueva Música.. (2005). Cuentos populares costeños. Editorial La Iguana Ciega.
BIB-L-0757,Libro,Imprenta Muisca E.U.),2005,Leyendas y mitos indígenas cundiboyacenses,"[publisher not identified], 2005",,,,[Place of publication not identified],,,,,,,,No verificado externamente,,"Imprenta Muisca E.U.). (2005). Leyendas y mitos indígenas cundiboyacenses. [publisher not identified], 2005."
BIB-L-0758,Libro,"López, R.C.",2005,Mitos y leyendas de Xochimilco,Editorial Educativa King Kolar,,,,Bogotá,,,,,,,,No verificado externamente,,"López, R.C.. (2005). Mitos y leyendas de Xochimilco. Editorial Educativa King Kolar."
BIB-L-0759,Libro,"Losada Ortiz, Álvaro.",2005,Folclor colombiano,Ediciones S.E.M,,,,Bogotá,,,,,,,,No verificado externamente,,"Losada Ortiz, Álvaro.. (2005). Folclor colombiano. Ediciones S.E.M."
BIB-L-0760,Libro,"Minski, Samuel.",2005,Cuentos populares costeños,Editorial La Iguana Ciega,,,,"Barranquilla, Colombia",,,,,,,,No verificado externamente,,"Minski, Samuel.. (2005). Cuentos populares costeños. Editorial La Iguana Ciega."
BIB-L-0761,Libro,"Morales Hernández, Germán Andrés.",2005,Folclor y sociología del turismo,Corporación Unificada Nacional de Educación Superior,,,,"Bogotá, D.C., Colombia",,,,,,,,No verificado externamente,,"Morales Hernández, Germán Andrés.. (2005). Folclor y sociología del turismo. Corporación Unificada Nacional de Educación Superior."
BIB-L-0762,Libro,"Narino, Alberto. Baquero",2005,Diáspora de identidades y pertenencias (el quehacer de la cultura).,"Universidad de los Llanos,",,,,Colombia,,,,,,,,No verificado externamente,,"Narino, Alberto. Baquero. (2005). Diáspora de identidades y pertenencias (el quehacer de la cultura).. Universidad de los Llanos,."
BIB-L-0763,Libro,"Osorio, María",2005,Muertos de susto: leyendas de acá y del más allá,Alfaguara,,,,Bogotá,,,,,,,,No verificado externamente,,"Osorio, María. (2005). Muertos de susto: leyendas de acá y del más allá. Alfaguara."
BIB-L-0764,Libro,"Paz-Castillo, María Fernanda",2005,Muertos de susto: leyendas de acá y del más allá,Alfaguara,,,,Bogotá,,,,,,,,No verificado externamente,,"Paz-Castillo, María Fernanda. (2005). Muertos de susto: leyendas de acá y del más allá. Alfaguara."
BIB-L-0765,Libro,"RAMÍREZ LEYVA, ELSA MARGARITA",2005,Don Quijote de la Mancha,"SAMPA, Fundación Solidarida, Amor y Paz",,,,"[Medellín, Colombia]",,,,,,,,No verificado externamente,,"RAMÍREZ LEYVA, ELSA MARGARITA. (2005). Don Quijote de la Mancha. SAMPA, Fundación Solidarida, Amor y Paz."
BIB-L-0766,Libro,"Reyes Manosalva, Eutimio.",2005,Leyendas y mitos indígenas cundiboyacenses,"[publisher not identified], 2005",,,,[Place of publication not identified],,,,,,,,No verificado externamente,,"Reyes Manosalva, Eutimio.. (2005). Leyendas y mitos indígenas cundiboyacenses. [publisher not identified], 2005."
BIB-L-0767,Libro,"Vermeire, Helí. Peñaranda",2005,"Mil abuelos Peñaranda : leyendas de la gran familia Peñaranda, Yáñez, Ordóñez","[publisher not identified],",,,,"[Cúcuta, Colombia]",,,,,,,,No verificado externamente,,"Vermeire, Helí. Peñaranda. (2005). Mil abuelos Peñaranda : leyendas de la gran familia Peñaranda, Yáñez, Ordóñez. [publisher not identified],."
BIB-L-0768,Libro,"Alvarez, Carlos Mario.",2006,El Refranero del Flako,LOs Panajuanso,,,,Medellin (Colombia),,,,,,,,No verificado externamente,,"Alvarez, Carlos Mario.. (2006). El Refranero del Flako. LOs Panajuanso."
BIB-L-0769,Libro,"Ánjel Rendó, José Guillermo",2006,El Diablo como posesión,Editorial Universidad Pontificia Bolivariana,,,,"Medellín (Antioquia, Colombia)",,,,,,,,No verificado externamente,,"Ánjel Rendó, José Guillermo. (2006). El Diablo como posesión. Editorial Universidad Pontificia Bolivariana."
BIB-L-0770,Libro,Anónimo,2006,El cacto y el junco.,Editorial Everest,,,,León,,,,,,,,No verificado externamente,,Anónimo. (2006). El cacto y el junco.. Editorial Everest.
BIB-L-0771,Libro,"Arango Gaviria, Sary",2006,"Aproximación a la Poesía, las coplas, los refranes y las canciones de la muerte",Universidad Tecnológica de Pereira,,,,"Pereira (Risaralda, Colombia)",,,,,,,,No verificado externamente,,"Arango Gaviria, Sary. (2006). Aproximación a la Poesía, las coplas, los refranes y las canciones de la muerte. Universidad Tecnológica de Pereira."
BIB-L-0772,Libro,"Arboleda Mora, Carlos",2006,El Diablo como posesión,Editorial Universidad Pontificia Bolivariana,,,,"Medellín (Antioquia, Colombia)",,,,,,,,No verificado externamente,,"Arboleda Mora, Carlos. (2006). El Diablo como posesión. Editorial Universidad Pontificia Bolivariana."
BIB-L-0773,Libro,"Arciniegas Rincón, Armando",2006,"Aproximación a la Poesía, las coplas, los refranes y las canciones de la muerte",Universidad Tecnológica de Pereira,,,,"Pereira (Risaralda, Colombia)",,,,,,,,No verificado externamente,,"Arciniegas Rincón, Armando. (2006). Aproximación a la Poesía, las coplas, los refranes y las canciones de la muerte. Universidad Tecnológica de Pereira."
BIB-L-0774,Libro,"Arizmendi Posada, Ignacio.",2006,"De coplas y copas : versos del amor, la vida y la muerte : Madrid, 2005",Fondo Editorial Universidad EAFIT,,,,"[Medellín, Colombia?]",,,,,,,,No verificado externamente,,"Arizmendi Posada, Ignacio.. (2006). De coplas y copas : versos del amor, la vida y la muerte : Madrid, 2005. Fondo Editorial Universidad EAFIT."
BIB-L-0775,Libro,"Avilán H., Mariana",2006,La Tonina enamorada : leyendad de los Piapoco y Emberá (Colombia),Magisterio,,,,Bogotá,,,,,,,,No verificado externamente,,"Avilán H., Mariana. (2006). La Tonina enamorada : leyendad de los Piapoco y Emberá (Colombia). Magisterio."
BIB-L-0776,Libro,"Better, Gilberto Marenco",2006,Gavi y sus Rezanderos : [décimas y letanias],Publicaciones I.D.C.T.,,,,"Barranquilla, Colombia",,,,,,,,No verificado externamente,,"Better, Gilberto Marenco. (2006). Gavi y sus Rezanderos : [décimas y letanias]. Publicaciones I.D.C.T.."
BIB-L-0777,Libro,"Caicedo de Cajigas, Cecilia",2006,Leyenda de Yurupary,Cooperativa Editorial Magisterio,,,,Bogotá,,,,,,,,No verificado externamente,,"Caicedo de Cajigas, Cecilia. (2006). Leyenda de Yurupary. Cooperativa Editorial Magisterio."
BIB-L-0778,Libro,"Cardona Ramírez, Hernán",2006,El Diablo como posesión,Editorial Universidad Pontificia Bolivariana,,,,"Medellín (Antioquia, Colombia)",,,,,,,,No verificado externamente,,"Cardona Ramírez, Hernán. (2006). El Diablo como posesión. Editorial Universidad Pontificia Bolivariana."
BIB-L-0779,Libro,"Círculo de Lectores (Bogotá, Colombia)",2006,Colombia de fiesta : las tradiciones folclóricas regionales.,Círculo de Lectores,,,,Bogotá,,,,,,,,No verificado externamente,,"Círculo de Lectores (Bogotá, Colombia). (2006). Colombia de fiesta : las tradiciones folclóricas regionales.. Círculo de Lectores."
BIB-L-0780,Libro,Corporación Andina de Fomento.,2006,Crónicas de carnaval,Corporación Andina de Fomento,,,,Caracas,,,,,,,,No verificado externamente,,Corporación Andina de Fomento.. (2006). Crónicas de carnaval. Corporación Andina de Fomento.
BIB-L-0781,Libro,"Dubovoy, Silvia.",2006,Leyendas de América,"Edilux,",,,,"Medellín, Colombia",,,,,,,,No verificado externamente,,"Dubovoy, Silvia.. (2006). Leyendas de América. Edilux,."
BIB-L-0782,Libro,"Dubovoy, Silvia.",2006,Leyendas de América,Everest,,,,"León, España",,,,,,,,No verificado externamente,,"Dubovoy, Silvia.. (2006). Leyendas de América. Everest."
BIB-L-0783,Libro,"Espinosa Espinosa, Aarón.",2006,"Respirando el Caribe. vol. 2, Memorias del II Encuentro de Investigadores sobre el Caribe Colombiano",El Observatorio,,,,Bogotá,,,,,,,,No verificado externamente,,"Espinosa Espinosa, Aarón.. (2006). Respirando el Caribe. vol. 2, Memorias del II Encuentro de Investigadores sobre el Caribe Colombiano. El Observatorio."
BIB-L-0784,Libro,"Fernández Ochoa, Luis Fernando",2006,El Diablo como posesión,Editorial Universidad Pontificia Bolivariana,,,,"Medellín (Antioquia, Colombia)",,,,,,,,No verificado externamente,,"Fernández Ochoa, Luis Fernando. (2006). El Diablo como posesión. Editorial Universidad Pontificia Bolivariana."
BIB-L-0785,Libro,Fundación BAT Colombia.,2006,Colombia de fiesta : las tradiciones folclóricas regionales.,Círculo de Lectores,,,,Bogotá,,,,,,,,No verificado externamente,,Fundación BAT Colombia.. (2006). Colombia de fiesta : las tradiciones folclóricas regionales.. Círculo de Lectores.
BIB-L-0786,Libro,"Gaona, Pio Fernando.",2006,Mitos cuentos y leyendas.,Cooperative Editorial,,,,Bogotá,,,,,,,,No verificado externamente,,"Gaona, Pio Fernando.. (2006). Mitos cuentos y leyendas.. Cooperative Editorial."
BIB-L-0787,Libro,Gutierrez Sierra Gutierrez S.,2006,Fiestas y carnavales en Colombia: la puesta en escena de las identidades - Gutiérrez Sierra Gutiérrez S. - Google Libros,La Carreta Editores,,,,Medellín,,,,,,,,No verificado externamente,,Gutierrez Sierra Gutierrez S.. (2006). Fiestas y carnavales en Colombia: la puesta en escena de las identidades - Gutiérrez Sierra Gutiérrez S. - Google Libros. La Carreta Editores.
BIB-L-0788,Libro,"Hidalgo Urrea, Esperanza",2006,El Diablo como posesión,Editorial Universidad Pontificia Bolivariana,,,,"Medellín (Antioquia, Colombia)",,,,,,,,No verificado externamente,,"Hidalgo Urrea, Esperanza. (2006). El Diablo como posesión. Editorial Universidad Pontificia Bolivariana."
BIB-L-0789,Libro,"López, Javier Ocampo",2006,Mitos y leyendas latinoamericanas,Plaza & Janés Editores Colombia S.A,,,,Bogotá,,,,,,,,No verificado externamente,,"López, Javier Ocampo. (2006). Mitos y leyendas latinoamericanas. Plaza & Janés Editores Colombia S.A."
BIB-L-0790,Libro,"Loyo Rojas, Raúl.",2006,Karanau relatos breves y crónicas El Llano : su gente... su folklor,Copicentro Impresores,,,,Arauca,,,,,,,,No verificado externamente,,"Loyo Rojas, Raúl.. (2006). Karanau relatos breves y crónicas El Llano : su gente... su folklor. Copicentro Impresores."
BIB-L-0791,Libro,"Loyo Rojas, Raúl.",2006,Karanau relatos breves y crónicas El Llano : su gente... su folklor,"Instituto Colombiano de Cultura,",,,,Bogotá,,,,,,,,No verificado externamente,,"Loyo Rojas, Raúl.. (2006). Karanau relatos breves y crónicas El Llano : su gente... su folklor. Instituto Colombiano de Cultura,."
BIB-L-0792,Libro,"Narváez, Julián de",2006,Leyenda de Yurupary,Cooperativa Editorial Magisterio,,,,Bogotá,,,,,,,,No verificado externamente,,"Narváez, Julián de. (2006). Leyenda de Yurupary. Cooperativa Editorial Magisterio."
BIB-L-0793,Libro,Observatorio del Caribe Colombiano.,2006,"Respirando el Caribe. vol. 2, Memorias del II Encuentro de Investigadores sobre el Caribe Colombiano",El Observatorio,,,,Bogotá,,,,,,,,No verificado externamente,,"Observatorio del Caribe Colombiano.. (2006). Respirando el Caribe. vol. 2, Memorias del II Encuentro de Investigadores sobre el Caribe Colombiano. El Observatorio."
BIB-L-0794,Libro,"Ocampo López, Javier",2006,"Mitos, leyendas y relatos colombianos.",leyendas y relatos colombianos,,,,Bogotá,,,,,,,,No verificado externamente,,"Ocampo López, Javier. (2006). Mitos, leyendas y relatos colombianos.. leyendas y relatos colombianos."
BIB-L-0795,Libro,"Ocampo López, Javier",2006,"Folclor, costumbres y tradiciones colombianas",Plaza & Janés Editores Colombia,,,,Bogotá,,,,,,,,No verificado externamente,,"Ocampo López, Javier. (2006). Folclor, costumbres y tradiciones colombianas. Plaza & Janés Editores Colombia."
BIB-L-0796,Libro,"Ocampo López, Javier.",2006,"Mitos, leyendas y relatos colombianos.",leyendas y relatos colombianos,,,,Bogotá,,,,,,,,No verificado externamente,,"Ocampo López, Javier.. (2006). Mitos, leyendas y relatos colombianos.. leyendas y relatos colombianos."
BIB-L-0797,Libro,"Patiño, Víctor Manuel.",2006,Mis amores son del monte : coplas de la costa colombiana del Pacífico,Programa Editorial Universidad del Valle,,,,Cali,,,,,,,,No verificado externamente,,"Patiño, Víctor Manuel.. (2006). Mis amores son del monte : coplas de la costa colombiana del Pacífico. Programa Editorial Universidad del Valle."
BIB-L-0798,Libro,"Patiño, Víctor Manuel.",2006,Mis amores son del monte : coplas de la costa colombiana del Pacífico,Programa Editorial Universidad del Valle,,,,Cali,,,,,,,,No verificado externamente,,"Patiño, Víctor Manuel.. (2006). Mis amores son del monte : coplas de la costa colombiana del Pacífico. Programa Editorial Universidad del Valle."
BIB-L-0799,Libro,"Penagos, Julio César",2006,Leyenda de Yurupary,Cooperativa Editorial Magisterio,,,,Bogotá,,,,,,,,No verificado externamente,,"Penagos, Julio César. (2006). Leyenda de Yurupary. Cooperativa Editorial Magisterio."
BIB-L-0800,Libro,"Perez Herrera, Manuel Antonio.",2006,Sexteto Son Folclor del Rio.,Corporacion para la Investigacion Etnomusical Son de Negro,,,,Barranquilla,,,,,,,,No verificado externamente,,"Perez Herrera, Manuel Antonio.. (2006). Sexteto Son Folclor del Rio.. Corporacion para la Investigacion Etnomusical Son de Negro."
BIB-L-0801,Libro,"Puerto, Emilio del.",2006,"Los ritmos del Guacarí : cuentos, mitos y leyendas de la caribanía colombiana : prosa y poesía",Ediciones Bacanería Planeteria,,,,Barranquilla,,,,,,,,No verificado externamente,,"Puerto, Emilio del.. (2006). Los ritmos del Guacarí : cuentos, mitos y leyendas de la caribanía colombiana : prosa y poesía. Ediciones Bacanería Planeteria."
BIB-L-0802,Libro,"Rivera Ferner, Marta.",2006,Leyendas de América,"Edilux,",,,,"Medellín, Colombia",,,,,,,,No verificado externamente,,"Rivera Ferner, Marta.. (2006). Leyendas de América. Edilux,."
BIB-L-0803,Libro,"Rivera Ferner, Marta.",2006,Leyendas de América,Everest,,,,"León, España",,,,,,,,No verificado externamente,,"Rivera Ferner, Marta.. (2006). Leyendas de América. Everest."
BIB-L-0804,Libro,"Romero de Nohra, Flor.",2006,"El tesoro del Zipa : mitos, ritos y leyendas de América",Uneda,,,,"Bogotá, D.C., Colombia",,,,,,,,No verificado externamente,,"Romero de Nohra, Flor.. (2006). El tesoro del Zipa : mitos, ritos y leyendas de América. Uneda."
BIB-L-0805,Libro,"Silva, Renán.",2006,"Sociedades campesinas, transición social y cambio cultural en Colombia : la Encuesta Folclórica Nacional de 1942 : aproximaciones analíticas y empíricas",Carreta Editores,,,,Medellín,,,,,,,,No verificado externamente,,"Silva, Renán.. (2006). Sociedades campesinas, transición social y cambio cultural en Colombia : la Encuesta Folclórica Nacional de 1942 : aproximaciones analíticas y empíricas. Carreta Editores."
BIB-L-0806,Libro,Varios,2006,Refranes y dichos populares,"Imprenta Departamental,",,,,Colombia,,,,,,,,No verificado externamente,,"Varios. (2006). Refranes y dichos populares. Imprenta Departamental,."
BIB-L-0807,Libro,Varios,2006,Refranes y dichos populares,Editorial Universidad de Antioquia,,,,"Medellín, Colombia",,,,,,,,No verificado externamente,,Varios. (2006). Refranes y dichos populares. Editorial Universidad de Antioquia.
BIB-L-0808,Libro,Alpha Impresores),2007,Historia del folclor musical en la provincia de Cartagena de Indias,[publisher not identified],,,,"[Cartagena de Indias, Colombia?]",,,,,,,,No verificado externamente,,Alpha Impresores). (2007). Historia del folclor musical en la provincia de Cartagena de Indias. [publisher not identified].
BIB-L-0809,Libro,"Angulo Bossa, Alvaro",2007,Historia del folclor musical en la provincia de Cartagena de Indias,[publisher not identified],,,,"[Cartagena de Indias, Colombia?]",,,,,,,,No verificado externamente,,"Angulo Bossa, Alvaro. (2007). Historia del folclor musical en la provincia de Cartagena de Indias. [publisher not identified]."
BIB-L-0810,Libro,"Clocchiati, Constanza.",2007,"Mitos, cuentos y leyendas de Latinoamérica y el Caribe",[Aique Grupo Editor],,,,[Buenos Aires],,,,,,,,No verificado externamente,,"Clocchiati, Constanza.. (2007). Mitos, cuentos y leyendas de Latinoamérica y el Caribe. [Aique Grupo Editor]."
BIB-L-0811,Libro,"Cobo Borda, J. G.",2007,Selección Samper Ortega de literatura colombiana,Áncora Editores,,,,Bogotá,,,,,,,,No verificado externamente,,"Cobo Borda, J. G.. (2007). Selección Samper Ortega de literatura colombiana. Áncora Editores."
BIB-L-0812,Libro,D. Jeans Peter,2007,Mitos y leyendas del mar,Intermedio Editores,,,,Bogotá,,,,,,,,No verificado externamente,,D. Jeans Peter. (2007). Mitos y leyendas del mar. Intermedio Editores.
BIB-L-0813,Libro,Editora Surcolombiana),2007,"Festival Folclorico, Reinado Nacional del Bambuco y Muestra Internacional de Folclor : patrimonio cultural de la nación",[publisher not identified],,,,[Colombia],,,,,,,,No verificado externamente,,"Editora Surcolombiana). (2007). Festival Folclorico, Reinado Nacional del Bambuco y Muestra Internacional de Folclor : patrimonio cultural de la nación. [publisher not identified]."
BIB-L-0814,Libro,"Festival Folclorico, Reinado Nacional del Bambuco y Muestra Internacional de Folclor.",2007,"Festival Folclorico, Reinado Nacional del Bambuco y Muestra Internacional de Folclor : patrimonio cultural de la nación",[publisher not identified],,,,[Colombia],,,,,,,,No verificado externamente,,"Festival Folclorico, Reinado Nacional del Bambuco y Muestra Internacional de Folclor.. (2007). Festival Folclorico, Reinado Nacional del Bambuco y Muestra Internacional de Folclor : patrimonio cultural de la nación. [publisher not identified]."
BIB-L-0815,Libro,"Guzmán, Clemencia.",2007,De los carnavales y otras rumbas : folclor colombiano,Grupo Editorial Educar,,,,"Bogotá, D.C., Colombia",,,,,,,,No verificado externamente,,"Guzmán, Clemencia.. (2007). De los carnavales y otras rumbas : folclor colombiano. Grupo Editorial Educar."
BIB-L-0816,Libro,"Kremer, Harold.",2007,Dichos y refranes en el Valle del Cauca : memorias del concurso,"Fondo de Publicaciones, Biblioteca Departamental Jorge Garcés Borrero",,,,"[Cali, Colombia]",,,,,,,,No verificado externamente,,"Kremer, Harold.. (2007). Dichos y refranes en el Valle del Cauca : memorias del concurso. Fondo de Publicaciones, Biblioteca Departamental Jorge Garcés Borrero."
BIB-L-0817,Libro,León Gráficas),2007,"Enciclopedia del folclor terrígeno, mitos y leyendas del Tolima Grande : escrita en el lenguaje coloquial y vernáculo del habla tolimense, lo mas granado del folclor terrígeno del siglo XX en tradición oral narrativa",E.L. Lozano Galindo,,,,"Ibagué, Colombia",,,,,,,,No verificado externamente,,"León Gráficas). (2007). Enciclopedia del folclor terrígeno, mitos y leyendas del Tolima Grande : escrita en el lenguaje coloquial y vernáculo del habla tolimense, lo mas granado del folclor terrígeno del siglo XX en tradición oral narrativa. E.L. Lozano Galindo."
BIB-L-0818,Libro,León Gráficas),2007,"Enciclopedia del folclor terrígeno, mitos y leyendas del Tolima Grande : escrita en el lenguaje coloquial y vernáculo del habla tolimense, lo mas granado del folclor terrígeno del siglo XX en tradición oral narrativa",[publisher not identified],,,,[Place of publication not identified],,,,,,,,No verificado externamente,,"León Gráficas). (2007). Enciclopedia del folclor terrígeno, mitos y leyendas del Tolima Grande : escrita en el lenguaje coloquial y vernáculo del habla tolimense, lo mas granado del folclor terrígeno del siglo XX en tradición oral narrativa. [publisher not identified]."
BIB-L-0819,Libro,"Lozano Galindo, Edgar Leonidas",2007,"Enciclopedia del folclor terrígeno, mitos y leyendas del Tolima Grande : escrita en el lenguaje coloquial y vernáculo del habla tolimense, lo mas granado del folclor terrígeno del siglo XX en tradición oral narrativa",E.L. Lozano Galindo,,,,"Ibagué, Colombia",,,,,,,,No verificado externamente,,"Lozano Galindo, Edgar Leonidas. (2007). Enciclopedia del folclor terrígeno, mitos y leyendas del Tolima Grande : escrita en el lenguaje coloquial y vernáculo del habla tolimense, lo mas granado del folclor terrígeno del siglo XX en tradición oral narrativa. E.L. Lozano Galindo."
BIB-L-0820,Libro,"Lozano Galindo, Edgar Leonidas",2007,"Enciclopedia del folclor terrígeno, mitos y leyendas del Tolima Grande : escrita en el lenguaje coloquial y vernáculo del habla tolimense, lo mas granado del folclor terrígeno del siglo XX en tradición oral narrativa",[publisher not identified],,,,[Place of publication not identified],,,,,,,,No verificado externamente,,"Lozano Galindo, Edgar Leonidas. (2007). Enciclopedia del folclor terrígeno, mitos y leyendas del Tolima Grande : escrita en el lenguaje coloquial y vernáculo del habla tolimense, lo mas granado del folclor terrígeno del siglo XX en tradición oral narrativa. [publisher not identified]."
BIB-L-0821,Libro,"Lozano, Socorro",2007,Que es el clima ? Que es el clima ?,"Universidad Pedagógica y Tecnológica de Colombia,",,,,Tunja,,,,,,,,No verificado externamente,,"Lozano, Socorro. (2007). Que es el clima ? Que es el clima ?. Universidad Pedagógica y Tecnológica de Colombia,."
BIB-L-0822,Libro,"Mello, Helena",2007,Historias y leyendas del cielo,Panamericana Editorial,,,,Bogotá,,,,,,,,No verificado externamente,,"Mello, Helena. (2007). Historias y leyendas del cielo. Panamericana Editorial."
BIB-L-0823,Libro,"Olarte, Nelson.",2007,Remembranzas coplas y canciones de la provincia de Vélez,Universidad de Ciencias Aplicadas y Ambientales,,,,Colombia,,,,,,,,No verificado externamente,,"Olarte, Nelson.. (2007). Remembranzas coplas y canciones de la provincia de Vélez. Universidad de Ciencias Aplicadas y Ambientales."
BIB-L-0824,Libro,"Pescetti, Luis María.",2007,"Mitos, cuentos y leyendas de Latinoamérica y el Caribe",[Aique Grupo Editor],,,,[Buenos Aires],,,,,,,,No verificado externamente,,"Pescetti, Luis María.. (2007). Mitos, cuentos y leyendas de Latinoamérica y el Caribe. [Aique Grupo Editor]."
BIB-L-0825,Libro,"Puerta Restrepo, Germán.",2007,Historias y leyendas del cielo,Panamericana Editorial,,,,Bogotá,,,,,,,,No verificado externamente,,"Puerta Restrepo, Germán.. (2007). Historias y leyendas del cielo. Panamericana Editorial."
BIB-L-0826,Libro,"Ríos Osorio, Jorge Alirio.",2007,"Festival Folclorico, Reinado Nacional del Bambuco y Muestra Internacional de Folclor : patrimonio cultural de la nación",[publisher not identified],,,,[Colombia],,,,,,,,No verificado externamente,,"Ríos Osorio, Jorge Alirio.. (2007). Festival Folclorico, Reinado Nacional del Bambuco y Muestra Internacional de Folclor : patrimonio cultural de la nación. [publisher not identified]."
BIB-L-0827,Libro,"Samper Ortega, Daniel",2007,Selección Samper Ortega de literatura colombiana,Áncora Editores,,,,Bogotá,,,,,,,,No verificado externamente,,"Samper Ortega, Daniel. (2007). Selección Samper Ortega de literatura colombiana. Áncora Editores."
BIB-L-0828,Libro,"Zuleta Ortiz, José.",2007,Dichos y refranes en el Valle del Cauca : memorias del concurso,"Fondo de Publicaciones, Biblioteca Departamental Jorge Garcés Borrero",,,,"[Cali, Colombia]",,,,,,,,No verificado externamente,,"Zuleta Ortiz, José.. (2007). Dichos y refranes en el Valle del Cauca : memorias del concurso. Fondo de Publicaciones, Biblioteca Departamental Jorge Garcés Borrero."
BIB-L-0829,Libro,"Cueva García, Aníbal.",2008,"Mitos, fábulas y leyendas de América",A.F.A. Editores Importadores S.A,,,,Lima,,,,,,,,No verificado externamente,,"Cueva García, Aníbal.. (2008). Mitos, fábulas y leyendas de América. A.F.A. Editores Importadores S.A."
BIB-L-0830,Libro,"Cueva Sevillano, Alfonso.",2008,"Mitos, fábulas y leyendas de América",A.F.A. Editores Importadores S.A,,,,Lima,,,,,,,,No verificado externamente,,"Cueva Sevillano, Alfonso.. (2008). Mitos, fábulas y leyendas de América. A.F.A. Editores Importadores S.A."
BIB-L-0831,Libro,"Gabriel y Galán, José María",2008,Campesinas,Vico,,,,Colombia,,,,,,,,No verificado externamente,,"Gabriel y Galán, José María. (2008). Campesinas. Vico."
BIB-L-0832,Libro,"Nieves Oviedo, Jorge.",2008,De los sonidos del patio a la música mundo : semiosis nómadas en el Caribe,Convenio Andrés Bello,,,,Bogotá,,,,,,,,No verificado externamente,,"Nieves Oviedo, Jorge.. (2008). De los sonidos del patio a la música mundo : semiosis nómadas en el Caribe. Convenio Andrés Bello."
BIB-L-0833,Libro,"Orozco, Asdrubal. Lopez",2008,Mitos y Leyendas de Bogota,Educativa Kingkolor,,,,Bogot,,,,,,,,No verificado externamente,,"Orozco, Asdrubal. Lopez. (2008). Mitos y Leyendas de Bogota. Educativa Kingkolor."
BIB-L-0834,Libro,"Orozco, Asdrubal. Lopez",2008,Mitos y Leyendas de Bogota,Editorial Educativa,,,,Bogotá,,,,,,,,No verificado externamente,,"Orozco, Asdrubal. Lopez. (2008). Mitos y Leyendas de Bogota. Editorial Educativa."
BIB-L-0835,Libro,"Orozco, Asdrubal. Lopez",2008,Mitos y Leyendas de Bogota,Intermedio,,,,Bogotá,,,,,,,,No verificado externamente,,"Orozco, Asdrubal. Lopez. (2008). Mitos y Leyendas de Bogota. Intermedio."
BIB-L-0836,Libro,"Paredes Castro, Julio",2008,Mitos de creación,Alcaldía Mayor,,,,Bogotá,,,,,,,,No verificado externamente,,"Paredes Castro, Julio. (2008). Mitos de creación. Alcaldía Mayor."
BIB-L-0837,Libro,"Pérez Pamplona, Cecilia",2008,De lo imaginario a lo real : cuentos y leyendas de los Montes de María,Impresol Ed,,,,Bogotá,,,,,,,,No verificado externamente,,"Pérez Pamplona, Cecilia. (2008). De lo imaginario a lo real : cuentos y leyendas de los Montes de María. Impresol Ed."
BIB-L-0838,Libro,"Rios Pérez, Sara",2008,De lo imaginario a lo real : cuentos y leyendas de los Montes de María,Impresol Ed,,,,Bogotá,,,,,,,,No verificado externamente,,"Rios Pérez, Sara. (2008). De lo imaginario a lo real : cuentos y leyendas de los Montes de María. Impresol Ed."
BIB-L-0839,Libro,"Toro Montalvo, César.",2008,"Mitos, fábulas y leyendas de América",A.F.A. Editores Importadores S.A,,,,Lima,,,,,,,,No verificado externamente,,"Toro Montalvo, César.. (2008). Mitos, fábulas y leyendas de América. A.F.A. Editores Importadores S.A."
BIB-L-0840,Libro,Abya-Yala (Organization),2009,"Entre nieblas : mitos, historias y leyendas del páramo = [Puyukuna chaupipi : urku iñiykuna ñawpa nimaykunapish",Proyecto Páramo Andino,,,,Quito,,,,,,,,No verificado externamente,,"Abya-Yala (Organization). (2009). Entre nieblas : mitos, historias y leyendas del páramo = [Puyukuna chaupipi : urku iñiykuna ñawpa nimaykunapish. Proyecto Páramo Andino."
BIB-L-0841,Libro,"Barraza Molina, Edgar",2009,"Mitos, leyendas y relatos del Río Magdalena comentados otra vez",Editorial Lealon,,,,Medellín,,,,,,,,No verificado externamente,,"Barraza Molina, Edgar. (2009). Mitos, leyendas y relatos del Río Magdalena comentados otra vez. Editorial Lealon."
BIB-L-0842,Libro,"Cabrales Jiménez, Luis Eduardo.",2009,"Mitos, leyendas y relatos del Río Magdalena comentados otra vez",Editorial Lealon,,,,Medellín,,,,,,,,No verificado externamente,,"Cabrales Jiménez, Luis Eduardo.. (2009). Mitos, leyendas y relatos del Río Magdalena comentados otra vez. Editorial Lealon."
BIB-L-0843,Libro,"Castro Gómez, Rosa Elmira.",2009,"Guacas, leyendas y tesoros de Santander",(Sic) Editorial,,,,Bucaramanga,,,,,,,,No verificado externamente,,"Castro Gómez, Rosa Elmira.. (2009). Guacas, leyendas y tesoros de Santander. (Sic) Editorial."
BIB-L-0844,Libro,"Comunidad Andina. Secretaría General., Pablo Enrique. Sánchez",2009,"Entre nieblas : mitos, historias y leyendas del páramo = [Puyukuna chaupipi : urku iñiykuna ñawpa nimaykunapish",Proyecto Páramo Andino,,,,Quito,,,,,,,,No verificado externamente,,"Comunidad Andina. Secretaría General., Pablo Enrique. Sánchez. (2009). Entre nieblas : mitos, historias y leyendas del páramo = [Puyukuna chaupipi : urku iñiykuna ñawpa nimaykunapish. Proyecto Páramo Andino."
BIB-L-0845,Libro,"García Mínguez, Jesús.",2009,Caminando hacia la identificación de los valores propios de la cultura afrocolombiana,Universidad Pedagógica Nacional,,,,Bogotá,,,,,,,,No verificado externamente,,"García Mínguez, Jesús.. (2009). Caminando hacia la identificación de los valores propios de la cultura afrocolombiana. Universidad Pedagógica Nacional."
BIB-L-0846,Libro,"González-Wippler, Migene.",2009,Leyendas de la Santería : pataki,Llewellyn Español,,,,"St. Paul, Minn",,,,,,,,No verificado externamente,,"González-Wippler, Migene.. (2009). Leyendas de la Santería : pataki. Llewellyn Español."
BIB-L-0847,Libro,"González, Carlos. Payares",2009,Hoy día de San Sebastián : tres miradas sobre la leyenda del caimán,"Alcaldía Municipal de Ciénaga,",,,,Ciénaga,,,,,,,,No verificado externamente,,"González, Carlos. Payares. (2009). Hoy día de San Sebastián : tres miradas sobre la leyenda del caimán. Alcaldía Municipal de Ciénaga,."
BIB-L-0848,Libro,"Lozada Flórez, Félix Ramiro",2009,"Historias, mitos y leyendas colombianos",,,,,,,,,,,,,No verificado externamente,,"Lozada Flórez, Félix Ramiro. (2009). Historias, mitos y leyendas colombianos."
BIB-L-0849,Libro,"Medina Sierra, Abel Antonio",2009,Relatos de las pampas Wayuú : la voz de los arcanos,Magisterio Editorial,,,,"Bogotá, D.C., Colombia",,,,,,,,No verificado externamente,,"Medina Sierra, Abel Antonio. (2009). Relatos de las pampas Wayuú : la voz de los arcanos. Magisterio Editorial."
BIB-L-0850,Libro,"Paternina, Jorge Martínez",2009,"Sucre naturaleza, cultura y folclor",Gobernación de Sucre,,,,"Sincelejo, Sucre, Colombia",,,,,,,,No verificado externamente,,"Paternina, Jorge Martínez. (2009). Sucre naturaleza, cultura y folclor. Gobernación de Sucre."
BIB-L-0851,Libro,"Zuleta Jaramillo, Alejandro.",2009,Antología Kodály colombiana,"Pontificia Universidad Javeriana,",,,,Bogotá,,,,,,,,No verificado externamente,,"Zuleta Jaramillo, Alejandro.. (2009). Antología Kodály colombiana. Pontificia Universidad Javeriana,."
BIB-L-0852,Libro,"Alfonso Rodríguez, Diana",2010,"Jiménez Meneses, Orián. El frenesí del vulgo. Fiestas, juegos y bailes en la sociedad colonial",Universidad de Antioquia,,,,Medellín,,,,,,,,No verificado externamente,,"Alfonso Rodríguez, Diana. (2010). Jiménez Meneses, Orián. El frenesí del vulgo. Fiestas, juegos y bailes en la sociedad colonial. Universidad de Antioquia."
BIB-L-0853,Libro,"Arango Melo, Ana María",2010,Músicas y prácticas sonoras en el Pacífico afrocolombiano,"Editorial ponticia Universidad Javeriana,",,,,Bogotá,,,,,,,,No verificado externamente,,"Arango Melo, Ana María. (2010). Músicas y prácticas sonoras en el Pacífico afrocolombiano. Editorial ponticia Universidad Javeriana,."
BIB-L-0854,Libro,Calidad & Punto),2010,La Guajira : su folclor y el liderazgo de su gente,[publisher not identified],,,,[Colombia],,,,,,,,No verificado externamente,,Calidad & Punto). (2010). La Guajira : su folclor y el liderazgo de su gente. [publisher not identified].
BIB-L-0855,Libro,"Castillo Mendoza, Jorge.",2010,La Guajira : su folclor y el liderazgo de su gente,[publisher not identified],,,,[Colombia],,,,,,,,No verificado externamente,,"Castillo Mendoza, Jorge.. (2010). La Guajira : su folclor y el liderazgo de su gente. [publisher not identified]."
BIB-L-0856,Libro,"Castillo, Jesús.",2010,"Mitos, narraciones y leyendas de las étnias",Litografía Prenobel,,,,Dosquebradas [Colombia],,,,,,,,No verificado externamente,,"Castillo, Jesús.. (2010). Mitos, narraciones y leyendas de las étnias. Litografía Prenobel."
BIB-L-0857,Libro,Colombia. Ministerio de Educación Nacional.,2010,Manual de rondas y juegos infantiles de Colombia.,"Colegio Máximo de las Academias Colombianas, Patronato Colombiano de Artes y Ciencias, Fundación Joaquín Piñeros Corpas, Junta Nacional de Folclor",,,,Bogotá,,,,,,,,No verificado externamente,,"Colombia. Ministerio de Educación Nacional.. (2010). Manual de rondas y juegos infantiles de Colombia.. Colegio Máximo de las Academias Colombianas, Patronato Colombiano de Artes y Ciencias, Fundación Joaquín Piñeros Corpas, Junta Nacional de Folclor."
BIB-L-0858,Libro,"Cortés de Piñeros, María.",2010,Manual de rondas y juegos infantiles de Colombia.,"Colegio Máximo de las Academias Colombianas, Patronato Colombiano de Artes y Ciencias, Fundación Joaquín Piñeros Corpas, Junta Nacional de Folclor",,,,Bogotá,,,,,,,,No verificado externamente,,"Cortés de Piñeros, María.. (2010). Manual de rondas y juegos infantiles de Colombia.. Colegio Máximo de las Academias Colombianas, Patronato Colombiano de Artes y Ciencias, Fundación Joaquín Piñeros Corpas, Junta Nacional de Folclor."
BIB-L-0859,Libro,"Crooke Ellison, Isabel",2010,¿Has visto el amanecer? : mitos y leyendas del sol y la luna de los pueblos indígenas colombianos,,,,,,,,,,,,,No verificado externamente,,"Crooke Ellison, Isabel. (2010). ¿Has visto el amanecer? : mitos y leyendas del sol y la luna de los pueblos indígenas colombianos."
BIB-L-0860,Libro,"Da̕z p., Edwin.",2010,Mitos y leyendas de mi tierra,Mundo Litogrf̀ico,,,,Bogot,,,,,,,,No verificado externamente,,"Da̕z p., Edwin.. (2010). Mitos y leyendas de mi tierra. Mundo Litogrf̀ico."
BIB-L-0861,Libro,El Peregrino Ediciones.,2010,¿Has visto el amanecer? : mitos y leyendas del sol y la luna de los pueblos indígenas colombianos,,,,,,,,,,,,,No verificado externamente,,El Peregrino Ediciones.. (2010). ¿Has visto el amanecer? : mitos y leyendas del sol y la luna de los pueblos indígenas colombianos.
BIB-L-0862,Libro,"El, Espirando",2010,Respirando el Caribe,Observatorio del Caribe Colombiano,,,,Cartagena de Indias,,,,,,,,No verificado externamente,,"El, Espirando. (2010). Respirando el Caribe. Observatorio del Caribe Colombiano."
BIB-L-0863,Libro,"Ferro Medina, Germán",2010,APUNTES - Journal of Cultural Heritage Studies.,,,,,,,,,,,,,No verificado externamente,,"Ferro Medina, Germán. (2010). APUNTES - Journal of Cultural Heritage Studies.."
BIB-L-0864,Libro,Givi Productions,2010,Músicas y prácticas sonoras en el Pacífico afrocolombiano,"Editorial ponticia Universidad Javeriana,",,,,Bogotá,,,,,,,,No verificado externamente,,"Givi Productions. (2010). Músicas y prácticas sonoras en el Pacífico afrocolombiano. Editorial ponticia Universidad Javeriana,."
BIB-L-0865,Libro,"Gutiérez Oropeza, Marlene.",2010,"Cora y Tadeo, amantes del agua : tradición oral de los Llanos del Orinoco",Cooperativa Editorial Magisterio,,,,Bogotá,,,,,,,,No verificado externamente,,"Gutiérez Oropeza, Marlene.. (2010). Cora y Tadeo, amantes del agua : tradición oral de los Llanos del Orinoco. Cooperativa Editorial Magisterio."
BIB-L-0866,Libro,"Herrera C, J Noé",2010,La música en Colombia : diccionario bio-bibliográfico de la música y el folclor musical en Colombia,"Libros de Colombia,",,,,Bogotá,,,,,,,,No verificado externamente,,"Herrera C, J Noé. (2010). La música en Colombia : diccionario bio-bibliográfico de la música y el folclor musical en Colombia. Libros de Colombia,."
BIB-L-0867,Libro,Libros de Colombia (Firm),2010,La música en Colombia : diccionario bio-bibliográfico de la música y el folclor musical en Colombia,"Libros de Colombia,",,,,Bogotá,,,,,,,,No verificado externamente,,"Libros de Colombia (Firm). (2010). La música en Colombia : diccionario bio-bibliográfico de la música y el folclor musical en Colombia. Libros de Colombia,."
BIB-L-0868,Libro,"Mizuno Haydar, Jorge",2010,Carnaval de Barranquilla : patrimonio de la humanidad,Amalfi Editores,,,,Bogotá,,,,,,,,No verificado externamente,,"Mizuno Haydar, Jorge. (2010). Carnaval de Barranquilla : patrimonio de la humanidad. Amalfi Editores."
BIB-L-0869,Libro,"Ochoa, Juan Sebastián",2010,Músicas y prácticas sonoras en el Pacífico afrocolombiano,"Editorial ponticia Universidad Javeriana,",,,,Bogotá,,,,,,,,No verificado externamente,,"Ochoa, Juan Sebastián. (2010). Músicas y prácticas sonoras en el Pacífico afrocolombiano. Editorial ponticia Universidad Javeriana,."
BIB-L-0870,Libro,"Ospina Enciso, Andrés",2010,Margarita Enciso de Rangel : Estudio del folclor. Un proyecto de identidad regional,Caza de Libros Editores,,,,"Ibagué, República de Colombia",,,,,,,,No verificado externamente,,"Ospina Enciso, Andrés. (2010). Margarita Enciso de Rangel : Estudio del folclor. Un proyecto de identidad regional. Caza de Libros Editores."
BIB-L-0871,Libro,"Patiño Ossa, Germán.",2010,Ensayos escogidos,Ministerio de Cultura,,,,Bogotá,,,,,,,,No verificado externamente,,"Patiño Ossa, Germán.. (2010). Ensayos escogidos. Ministerio de Cultura."
BIB-L-0872,Libro,"Rey, Gonzalo.",2010,"Cora y Tadeo, amantes del agua : tradición oral de los Llanos del Orinoco",Cooperativa Editorial Magisterio,,,,Bogotá,,,,,,,,No verificado externamente,,"Rey, Gonzalo.. (2010). Cora y Tadeo, amantes del agua : tradición oral de los Llanos del Orinoco. Cooperativa Editorial Magisterio."
BIB-L-0873,Libro,"Santamaría Delgado, Carolina",2010,Músicas y prácticas sonoras en el Pacífico afrocolombiano,"Editorial ponticia Universidad Javeriana,",,,,Bogotá,,,,,,,,No verificado externamente,,"Santamaría Delgado, Carolina. (2010). Músicas y prácticas sonoras en el Pacífico afrocolombiano. Editorial ponticia Universidad Javeriana,."
BIB-L-0874,Libro,"Sarmiento, Paola.",2010,Mitos y leyendas de mi tierra,Mundo Litogrf̀ico,,,,Bogot,,,,,,,,No verificado externamente,,"Sarmiento, Paola.. (2010). Mitos y leyendas de mi tierra. Mundo Litogrf̀ico."
BIB-L-0875,Libro,"Segovia Mora, Guillermo.",2010,Viva el carnaval!,Fundación Cultura Emprendedora,,,,Pasto (Colombia),,,,,,,,No verificado externamente,,"Segovia Mora, Guillermo.. (2010). Viva el carnaval!. Fundación Cultura Emprendedora."
BIB-L-0876,Libro,"Sevilla Peñuela, Manuel",2010,Músicas y prácticas sonoras en el Pacífico afrocolombiano,"Editorial ponticia Universidad Javeriana,",,,,Bogotá,,,,,,,,No verificado externamente,,"Sevilla Peñuela, Manuel. (2010). Músicas y prácticas sonoras en el Pacífico afrocolombiano. Editorial ponticia Universidad Javeriana,."
BIB-L-0877,Libro,"Torres, José Luís Toro",2010,Como decía mi abuelo dichos y refranes del Valle del Cauca,,,,,,,,,,,,,No verificado externamente,,"Torres, José Luís Toro. (2010). Como decía mi abuelo dichos y refranes del Valle del Cauca."
BIB-L-0878,Libro,Universidad Nacional de Colombia. Departamento de Antropología,2010,Maguaré.,,,,,,,,,,,,,No verificado externamente,,Universidad Nacional de Colombia. Departamento de Antropología. (2010). Maguaré..
BIB-L-0879,Libro,"Vanerian, Gregor",2010,Músicas y prácticas sonoras en el Pacífico afrocolombiano,"Editorial ponticia Universidad Javeriana,",,,,Bogotá,,,,,,,,No verificado externamente,,"Vanerian, Gregor. (2010). Músicas y prácticas sonoras en el Pacífico afrocolombiano. Editorial ponticia Universidad Javeriana,."
BIB-L-0880,Libro,"Velásquez, Rogerio",2010,Ensayos escogidos,Ministerio de Cultura,,,,Bogotá,,,,,,,,No verificado externamente,,"Velásquez, Rogerio. (2010). Ensayos escogidos. Ministerio de Cultura."
BIB-L-0881,Libro,"Bocanumenth, Natalia",2011,"Memorias y conocimientos tradicionales del territorio colectivo afrodecendiente en El Valle, Chocó, Colombia","Universidad de Antioquia, Instituto de Estudios Regionales",,,,"Medellín (Antioquia, Colombia)",,,,,,,,No verificado externamente,,"Bocanumenth, Natalia. (2011). Memorias y conocimientos tradicionales del territorio colectivo afrodecendiente en El Valle, Chocó, Colombia. Universidad de Antioquia, Instituto de Estudios Regionales."
BIB-L-0882,Libro,"Freja de la Hoz, Adrián Farid",2011,La décima espinela en el pacífico colombiano : literatura oral y popular de Colombia,Instituto Distrital de las Artes,,,,Bogotá,,,,,,,,No verificado externamente,,"Freja de la Hoz, Adrián Farid. (2011). La décima espinela en el pacífico colombiano : literatura oral y popular de Colombia. Instituto Distrital de las Artes."
BIB-L-0883,Libro,"Fundación Carnaval de Barranquilla (Barranquilla, Colombia)",2011,Carnaval de Barranquilla : la fiesta sin fin,Fundación Carnaval de Barranquilla,,,,Barranquilla,,,,,,,,No verificado externamente,,"Fundación Carnaval de Barranquilla (Barranquilla, Colombia). (2011). Carnaval de Barranquilla : la fiesta sin fin. Fundación Carnaval de Barranquilla."
BIB-L-0884,Libro,"List, George",2011,Música y poesía en un pueblo colombiano,"Colegio Máximo de las Academias Colombianas, Junta Nacional del Folclor,",,,,Bogotá,,,,,,,,No verificado externamente,,"List, George. (2011). Música y poesía en un pueblo colombiano. Colegio Máximo de las Academias Colombianas, Junta Nacional del Folclor,."
BIB-L-0885,Libro,"Martínez Ruppel, Fernando.",2011,Leyendas de América Latina contadas para niños,Ediciones Lea,,,,Buenos Aires,,,,,,,,No verificado externamente,,"Martínez Ruppel, Fernando.. (2011). Leyendas de América Latina contadas para niños. Ediciones Lea."
BIB-L-0886,Libro,"Montoya, Catalina",2011,"Memorias y conocimientos tradicionales del territorio colectivo afrodecendiente en El Valle, Chocó, Colombia","Universidad de Antioquia, Instituto de Estudios Regionales",,,,"Medellín (Antioquia, Colombia)",,,,,,,,No verificado externamente,,"Montoya, Catalina. (2011). Memorias y conocimientos tradicionales del territorio colectivo afrodecendiente en El Valle, Chocó, Colombia. Universidad de Antioquia, Instituto de Estudios Regionales."
BIB-L-0887,Libro,"Montoya, Vladimir",2011,"Memorias y conocimientos tradicionales del territorio colectivo afrodecendiente en El Valle, Chocó, Colombia","Universidad de Antioquia, Instituto de Estudios Regionales",,,,"Medellín (Antioquia, Colombia)",,,,,,,,No verificado externamente,,"Montoya, Vladimir. (2011). Memorias y conocimientos tradicionales del territorio colectivo afrodecendiente en El Valle, Chocó, Colombia. Universidad de Antioquia, Instituto de Estudios Regionales."
BIB-L-0888,Libro,"Ocampo López, Javier",2011,Manual del folclor colombiano,Plaza y Janés,,,,,,,,,,,,No verificado externamente,,"Ocampo López, Javier. (2011). Manual del folclor colombiano. Plaza y Janés."
BIB-L-0889,Libro,"Palacios Cárdenas, Miguel Alberto",2011,Mitos y leyendas de Norte de Santander,La opinión,,,,"[Erscheinungsort nicht ermittelbar, Colombia]",,,,,,,,No verificado externamente,,"Palacios Cárdenas, Miguel Alberto. (2011). Mitos y leyendas de Norte de Santander. La opinión."
BIB-L-0890,Libro,"Puerta, Claudia",2011,"Memorias y conocimientos tradicionales del territorio colectivo afrodecendiente en El Valle, Chocó, Colombia","Universidad de Antioquia, Instituto de Estudios Regionales",,,,"Medellín (Antioquia, Colombia)",,,,,,,,No verificado externamente,,"Puerta, Claudia. (2011). Memorias y conocimientos tradicionales del territorio colectivo afrodecendiente en El Valle, Chocó, Colombia. Universidad de Antioquia, Instituto de Estudios Regionales."
BIB-L-0891,Libro,"Q., Diego I. Cardona",2011,Refranes que cambian vidas : sabiduría de Dios en los proverbios bíblicos,,,,,,,,,,,,,No verificado externamente,,"Q., Diego I. Cardona. (2011). Refranes que cambian vidas : sabiduría de Dios en los proverbios bíblicos."
BIB-L-0892,Libro,"Remussi, Diego.",2011,Leyendas de América Latina contadas para niños,Ediciones Lea,,,,Buenos Aires,,,,,,,,No verificado externamente,,"Remussi, Diego.. (2011). Leyendas de América Latina contadas para niños. Ediciones Lea."
BIB-L-0893,Libro,"Rey Sinning, Edgar",2011,"Vírgenes, máscaras y tambores : religiosidad popular en el Caribe colombiano",,,,,,,,,,,,,No verificado externamente,,"Rey Sinning, Edgar. (2011). Vírgenes, máscaras y tambores : religiosidad popular en el Caribe colombiano."
BIB-L-0894,Libro,"Rieu, Jean-François.",2011,"Word et les longs documents : concevoir rapport, thèse, roman--",Éditions ENI,,,,,,,,,,,,No verificado externamente,,"Rieu, Jean-François.. (2011). Word et les longs documents : concevoir rapport, thèse, roman--. Éditions ENI."
BIB-L-0895,Libro,"Samper Pizano, Daniel.",2011,Con la música a otras partes : selección de ensayos y reportajes sobre música popular,Ediciones Pluma de Mompox,,,,Cartagena de Indias,,,,,,,,No verificado externamente,,"Samper Pizano, Daniel.. (2011). Con la música a otras partes : selección de ensayos y reportajes sobre música popular. Ediciones Pluma de Mompox."
BIB-L-0896,Libro,"Sepúlveda, Lida",2011,"Memorias y conocimientos tradicionales del territorio colectivo afrodecendiente en El Valle, Chocó, Colombia","Universidad de Antioquia, Instituto de Estudios Regionales",,,,"Medellín (Antioquia, Colombia)",,,,,,,,No verificado externamente,,"Sepúlveda, Lida. (2011). Memorias y conocimientos tradicionales del territorio colectivo afrodecendiente en El Valle, Chocó, Colombia. Universidad de Antioquia, Instituto de Estudios Regionales."
BIB-L-0897,Libro,"Urango Ospina, Juan Carlos",2011,Versos que cuentan : narrativas en la música de acordeón del Caribe colombiano,Ediciones Pluma de Mompox,,,,Cartagena de Indias,,,,,,,,No verificado externamente,,"Urango Ospina, Juan Carlos. (2011). Versos que cuentan : narrativas en la música de acordeón del Caribe colombiano. Ediciones Pluma de Mompox."
BIB-L-0898,Libro,"Velasco Díaz, Carlos Alberto",2011,"Comunidad, cultura y etnoeducación afrocolombiana : cantos ancestrales de jugas, bundes, romances del norte del Cauca y sur del Valle del Cauca","Universidad del Valle, Facultad de Humanidades",,,,Cali [Colombia],,,,,,,,No verificado externamente,,"Velasco Díaz, Carlos Alberto. (2011). Comunidad, cultura y etnoeducación afrocolombiana : cantos ancestrales de jugas, bundes, romances del norte del Cauca y sur del Valle del Cauca. Universidad del Valle, Facultad de Humanidades."
BIB-L-0899,Libro,"Velasco Díaz, Carlos Alberto",2011,"Comunidad, cultura y etnoeducación afrocolombiana : cantos ancestrales de jugas, bundes, romances del norte del Cauca y sur del Valle del Cauca","Universidad del Valle, Facultad de Humanidades",,,,Cali,,,,,,,,No verificado externamente,,"Velasco Díaz, Carlos Alberto. (2011). Comunidad, cultura y etnoeducación afrocolombiana : cantos ancestrales de jugas, bundes, romances del norte del Cauca y sur del Valle del Cauca. Universidad del Valle, Facultad de Humanidades."
BIB-L-0900,Libro,"Amézquita, Carlos Eduardo",2012,Historia comprehensiva de Neiva,,,,,,,,,,,,,No verificado externamente,,"Amézquita, Carlos Eduardo. (2012). Historia comprehensiva de Neiva."
BIB-L-0901,Libro,"Cardona Jaramillo, Antonio",2012,La muerte vuela sobre la piel del agua : (antología de leyendas emberas y afros del golfo de Tribugá-Chocó),,,,,,,,,,,,,No verificado externamente,,"Cardona Jaramillo, Antonio. (2012). La muerte vuela sobre la piel del agua : (antología de leyendas emberas y afros del golfo de Tribugá-Chocó)."
BIB-L-0902,Libro,"Cásseres, Carlos Cassiani",2012,"Saberes y sabores tradicionales asociados a la biodiversidad de San Basilio de Palenque-Bolívar, Colombia : proyecto piloto",,,,,,,,,,,,,No verificado externamente,,"Cásseres, Carlos Cassiani. (2012). Saberes y sabores tradicionales asociados a la biodiversidad de San Basilio de Palenque-Bolívar, Colombia : proyecto piloto."
BIB-L-0903,Libro,David Valenzuela-Peña,2012,Anuario colombiano de historia social y de la cultura.,"Universidad Nacional de Colombia, Facultad de Ciencias Humanas, Departamento Historia",,,,,,,,,,,,No verificado externamente,,"David Valenzuela-Peña. (2012). Anuario colombiano de historia social y de la cultura.. Universidad Nacional de Colombia, Facultad de Ciencias Humanas, Departamento Historia."
BIB-L-0904,Libro,"Peralta A., Jaime Andrés (Peralta Agudelo)",2012,"Memorias del agua : oralidad, naturaleza y cultura en el Pacífico colombiano",Carreta Editores :,,,,Medellín,,,,,,,,No verificado externamente,,"Peralta A., Jaime Andrés (Peralta Agudelo). (2012). Memorias del agua : oralidad, naturaleza y cultura en el Pacífico colombiano. Carreta Editores :."
BIB-L-0905,Libro,"Pineda Buitrago, Sebastián",2012,"Breve historia de la narrativa colombiana, siglos XVI-XX","Bogotá, D. C. - Colombia : Siglo del Hombre Editores, 2012",,,,,,,,,,,,No verificado externamente,,"Pineda Buitrago, Sebastián. (2012). Breve historia de la narrativa colombiana, siglos XVI-XX. Bogotá, D. C. - Colombia : Siglo del Hombre Editores, 2012."
BIB-L-0906,Libro,"Romero, Mauricio",2012,Tolima hechizado,,,,,,,,,,,,,No verificado externamente,,"Romero, Mauricio. (2012). Tolima hechizado."
BIB-L-0907,Libro,"Salas Vargas, Reynel",2012,Historia comprehensiva de Neiva,,,,,,,,,,,,,No verificado externamente,,"Salas Vargas, Reynel. (2012). Historia comprehensiva de Neiva."
BIB-L-0908,Libro,"Soto Hernández, Jairo Enrique",2012,El diablo en la cultura popular del Caribe colombiano : del Corpus Christi al Carnaval de Barranquilla,,,,,,,,,,,,,No verificado externamente,,"Soto Hernández, Jairo Enrique. (2012). El diablo en la cultura popular del Caribe colombiano : del Corpus Christi al Carnaval de Barranquilla."
BIB-L-0909,Libro,"Tovar Zambrano, Bernardo",2012,Historia comprehensiva de Neiva,,,,,,,,,,,,,No verificado externamente,,"Tovar Zambrano, Bernardo. (2012). Historia comprehensiva de Neiva."
BIB-L-0910,Libro,"Álvarez, Alirio",2013,"El hablar de mi Tolima : dichos, anécdotas, leyendas y mucho más",,,,,,,,,,,,,No verificado externamente,,"Álvarez, Alirio. (2013). El hablar de mi Tolima : dichos, anécdotas, leyendas y mucho más."
BIB-L-0911,Libro,Andrezzinho (Illustrator),2013,Los pájaros no tienen fronteras : leyendas y mitos de América Latina,Editorial Santillana,,,,,,,,,,,,No verificado externamente,,Andrezzinho (Illustrator). (2013). Los pájaros no tienen fronteras : leyendas y mitos de América Latina. Editorial Santillana.
BIB-L-0912,Libro,"Andricaín, Sergio",2013,"Hace muchísimo tiempo : cuentos, mitos y leyendas de América Latina",,,,,,,,,,,,,No verificado externamente,,"Andricaín, Sergio. (2013). Hace muchísimo tiempo : cuentos, mitos y leyendas de América Latina."
BIB-L-0913,Libro,"Cruz Peña, Luis Ángel.",2013,"Cuentos, mitos y leyendas del Tolima",,,,,,,,,,,,,No verificado externamente,,"Cruz Peña, Luis Ángel.. (2013). Cuentos, mitos y leyendas del Tolima."
BIB-L-0914,Libro,"Devia Morales, Misael.",2013,Folclor Tolimense,Universidad de Ibagué,,,,Bogotá,,,,,,,,No verificado externamente,,"Devia Morales, Misael.. (2013). Folclor Tolimense. Universidad de Ibagué."
BIB-L-0915,Libro,"Ferro Bayona, Jesús.",2013,Educación y cultura 2,"Barranquilla, Colombia : Editorial Universidad del Norte, 2013",,,,,,,,,,,,No verificado externamente,,"Ferro Bayona, Jesús.. (2013). Educación y cultura 2. Barranquilla, Colombia : Editorial Universidad del Norte, 2013."
BIB-L-0916,Libro,"Grupo Creativo Tinta Negra (Ibagué, Colombia)",2013,Palabra hechizada,,,,,,,,,,,,,No verificado externamente,,"Grupo Creativo Tinta Negra (Ibagué, Colombia). (2013). Palabra hechizada."
BIB-L-0917,Libro,"Homez, Jorge Humberto.",2013,Palabra hechizada,,,,,,,,,,,,,No verificado externamente,,"Homez, Jorge Humberto.. (2013). Palabra hechizada."
BIB-L-0918,Libro,"Iturralde, Edna",2013,Los pájaros no tienen fronteras : leyendas y mitos de América Latina,Editorial Santillana,,,,,,,,,,,,No verificado externamente,,"Iturralde, Edna. (2013). Los pájaros no tienen fronteras : leyendas y mitos de América Latina. Editorial Santillana."
BIB-L-0919,Libro,"Nieves Orozco, José Ceferino",2013,Anecdotario del folclor vallenato,,,,,,,,,,,,,No verificado externamente,,"Nieves Orozco, José Ceferino. (2013). Anecdotario del folclor vallenato."
BIB-L-0920,Libro,"Ocampo López, Javier",2013,Mitos y leyendas indígenas de Colombia,Plaza & Janes,,,,,,,,,,,,No verificado externamente,,"Ocampo López, Javier. (2013). Mitos y leyendas indígenas de Colombia. Plaza & Janes."
BIB-L-0921,Libro,"Vallejo, Esperanza",2013,"Hace muchísimo tiempo : cuentos, mitos y leyendas de América Latina",,,,,,,,,,,,,No verificado externamente,,"Vallejo, Esperanza. (2013). Hace muchísimo tiempo : cuentos, mitos y leyendas de América Latina."
BIB-L-0922,Libro,"Bastidas Padilla, Carlos",2014,Quetzalcóatl y otras leyendas de América,,,,,,,,,,,,,No verificado externamente,,"Bastidas Padilla, Carlos. (2014). Quetzalcóatl y otras leyendas de América."
BIB-L-0923,Libro,"Brugés Carmona, Antonio",2014,Música costeña / realismo mágico : textos primeros (1934-1954),,,,,,,,,,,,,No verificado externamente,,"Brugés Carmona, Antonio. (2014). Música costeña / realismo mágico : textos primeros (1934-1954)."
BIB-L-0924,Libro,"Calderón, Luis Elías",2014,Música costeña / realismo mágico : textos primeros (1934-1954),,,,,,,,,,,,,No verificado externamente,,"Calderón, Luis Elías. (2014). Música costeña / realismo mágico : textos primeros (1934-1954)."
BIB-L-0925,Libro,Comercializadora SIÓN,2014,Mitos y leyendas del Caribe colombiano,,,,,,,,,,,,,No verificado externamente,,Comercializadora SIÓN. (2014). Mitos y leyendas del Caribe colombiano.
BIB-L-0926,Libro,"Franklin, Carolyn",2014,Un mundo de mitos y leyendas,,,,,,,,,,,,,No verificado externamente,,"Franklin, Carolyn. (2014). Un mundo de mitos y leyendas."
BIB-L-0927,Libro,"Hass, Karen",2014,Mitos y leyendas del Caribe colombiano,,,,,,,,,,,,,No verificado externamente,,"Hass, Karen. (2014). Mitos y leyendas del Caribe colombiano."
BIB-L-0928,Libro,"Morley, Jacqueline",2014,Un mundo de mitos y leyendas,,,,,,,,,,,,,No verificado externamente,,"Morley, Jacqueline. (2014). Un mundo de mitos y leyendas."
BIB-L-0929,Libro,"Nicoletti, Diego",2014,Quetzalcóatl y otras leyendas de América,,,,,,,,,,,,,No verificado externamente,,"Nicoletti, Diego. (2014). Quetzalcóatl y otras leyendas de América."
BIB-L-0930,Libro,Pontificia Universidad Javeriana. Facultad de Ciencias Sociales,2014,Universitas humanistica.,,,,,,,,,,,,,No verificado externamente,,Pontificia Universidad Javeriana. Facultad de Ciencias Sociales. (2014). Universitas humanistica..
BIB-L-0931,Libro,"Pontificia Universidad Javeriana. Facultad de Filosofía y Letras, Cecilia",2014,Universitas humanistica.,,,,,,,,,,,,,No verificado externamente,,"Pontificia Universidad Javeriana. Facultad de Filosofía y Letras, Cecilia. (2014). Universitas humanistica.."
BIB-L-0932,Libro,"Revelo Hurtado, Baudilio.",2014,"Entundamientos del Pacífico negro colombiano : mitos, leyendas y curanderismo mágico",Universidad Libre. Seccional Cali,,,,Cali,,,,,,,,No verificado externamente,,"Revelo Hurtado, Baudilio.. (2014). Entundamientos del Pacífico negro colombiano : mitos, leyendas y curanderismo mágico. Universidad Libre. Seccional Cali."
BIB-L-0933,Libro,"Rojas Álvarez, Carlos Enrique",2014,Mitos y leyendas del Caribe colombiano,,,,,,,,,,,,,No verificado externamente,,"Rojas Álvarez, Carlos Enrique. (2014). Mitos y leyendas del Caribe colombiano."
BIB-L-0934,Libro,"Salariya, David",2014,Un mundo de mitos y leyendas,,,,,,,,,,,,,No verificado externamente,,"Salariya, David. (2014). Un mundo de mitos y leyendas."
BIB-L-0935,Libro,"Valencia Calle, Marco Antonio.",2014,Leyendas extraordinarias de Popayán,,,,,,,,,,,,,No verificado externamente,,"Valencia Calle, Marco Antonio.. (2014). Leyendas extraordinarias de Popayán."
BIB-L-0936,Libro,"Cajiao Meneses, Angela",2015,Mitos y leyendas de Samaniego para leer en compania,,,,,,,,,,,,,No verificado externamente,,"Cajiao Meneses, Angela. (2015). Mitos y leyendas de Samaniego para leer en compania."
BIB-L-0937,Libro,"Castro, Chrsitopher Camilo",2015,Mitos y leyendas de Samaniego para leer en compania,,,,,,,,,,,,,No verificado externamente,,"Castro, Chrsitopher Camilo. (2015). Mitos y leyendas de Samaniego para leer en compania."
BIB-L-0938,Libro,"Freja de la Hoz, Adrián Farid",2015,"La literatura oral en Colombia. Romances, coplas y décimas en el Pacífico y el Caribe colombianos",Universidad Nacional de Colombia,,,,Bogotá,,,,,,,,No verificado externamente,,"Freja de la Hoz, Adrián Farid. (2015). La literatura oral en Colombia. Romances, coplas y décimas en el Pacífico y el Caribe colombianos. Universidad Nacional de Colombia."
BIB-L-0939,Libro,"López Marín, Sara",2015,El río que baja cantando : estudio etnomusicológico sobre romances de tradición oral del Atrato medio,,,,,,,,,,,,,No verificado externamente,,"López Marín, Sara. (2015). El río que baja cantando : estudio etnomusicológico sobre romances de tradición oral del Atrato medio."
BIB-L-0940,Libro,"Maglia, Graciela",2015,Kondalo pa bibí mejó = Contarlo para vivir mejor : oratura y oralitura de San Basilio de Palenque (Colombia),,,,,,,,,,,,,No verificado externamente,,"Maglia, Graciela. (2015). Kondalo pa bibí mejó = Contarlo para vivir mejor : oratura y oralitura de San Basilio de Palenque (Colombia)."
BIB-L-0941,Libro,"Moñino, Yves",2015,Kondalo pa bibí mejó = Contarlo para vivir mejor : oratura y oralitura de San Basilio de Palenque (Colombia),,,,,,,,,,,,,No verificado externamente,,"Moñino, Yves. (2015). Kondalo pa bibí mejó = Contarlo para vivir mejor : oratura y oralitura de San Basilio de Palenque (Colombia)."
BIB-L-0942,Libro,"Niño Bolívar, Florencio",2015,1.001 Coplas dende Boyacá pa Colombia,,,,,,,,,,,,,No verificado externamente,,"Niño Bolívar, Florencio. (2015). 1.001 Coplas dende Boyacá pa Colombia."
BIB-L-0943,Libro,"Ochoa Escobar, Federico",2015,El río que baja cantando : estudio etnomusicológico sobre romances de tradición oral del Atrato medio,,,,,,,,,,,,,No verificado externamente,,"Ochoa Escobar, Federico. (2015). El río que baja cantando : estudio etnomusicológico sobre romances de tradición oral del Atrato medio."
BIB-L-0944,Libro,"Ramirez Salazar, Luz Stella",2015,"Momentos aportando a nuestra historia a través de la copla, el poema y la poesía",,,,,,,,,,,,,No verificado externamente,,"Ramirez Salazar, Luz Stella. (2015). Momentos aportando a nuestra historia a través de la copla, el poema y la poesía."
BIB-L-0945,Libro,"Serna Gallego, Julián",2015,El río que baja cantando : estudio etnomusicológico sobre romances de tradición oral del Atrato medio,,,,,,,,,,,,,No verificado externamente,,"Serna Gallego, Julián. (2015). El río que baja cantando : estudio etnomusicológico sobre romances de tradición oral del Atrato medio."
BIB-L-0946,Libro,"Tobón Restrepo, Alejandro",2015,El río que baja cantando : estudio etnomusicológico sobre romances de tradición oral del Atrato medio,,,,,,,,,,,,,No verificado externamente,,"Tobón Restrepo, Alejandro. (2015). El río que baja cantando : estudio etnomusicológico sobre romances de tradición oral del Atrato medio."
BIB-L-0947,Libro,"Álvarez, Alirio",2016,Diccionario de tolimensismos y del folclor : 2.812 acepciones,,,,,,,,,,,,,No verificado externamente,,"Álvarez, Alirio. (2016). Diccionario de tolimensismos y del folclor : 2.812 acepciones."
BIB-L-0948,Libro,"Andricaín, Sergio",2016,"El libro de Antón Pirulero : coplas, nanas, adivinanzas, retahílas",,,,,,,,,,,,,No verificado externamente,,"Andricaín, Sergio. (2016). El libro de Antón Pirulero : coplas, nanas, adivinanzas, retahílas."
BIB-L-0949,Libro,"Buitrago González, Luis Alberto",2016,"El encanto de las plantas : un estudio desde los mitos, ritos, crónicas y leyendas a propósito de su etnobotánica",,,,,,,,,,,,,No verificado externamente,,"Buitrago González, Luis Alberto. (2016). El encanto de las plantas : un estudio desde los mitos, ritos, crónicas y leyendas a propósito de su etnobotánica."
BIB-L-0950,Libro,"Da Coll, Ivar",2016,"El libro de Antón Pirulero : coplas, nanas, adivinanzas, retahílas",,,,,,,,,,,,,No verificado externamente,,"Da Coll, Ivar. (2016). El libro de Antón Pirulero : coplas, nanas, adivinanzas, retahílas."
BIB-L-0951,Libro,"López Cardona, Catherine",2016,"Memoria oral de Caldas : mitos, leyendas, encantos y espantos",,,,,,,,,,,,,No verificado externamente,,"López Cardona, Catherine. (2016). Memoria oral de Caldas : mitos, leyendas, encantos y espantos."
BIB-L-0952,Libro,"Mejía Ayala, Wladimir.",2016,Patrimonio cultural inmaterial recreación y salvaguardia en la plaza de mercado,Corporación Universitaria Unitec,,,,Bogotá,,,,,,,,No verificado externamente,,"Mejía Ayala, Wladimir.. (2016). Patrimonio cultural inmaterial recreación y salvaguardia en la plaza de mercado. Corporación Universitaria Unitec."
BIB-L-0953,Libro,"Nieto Mejía, Alvelayis.",2016,Patrimonio cultural inmaterial recreación y salvaguardia en la plaza de mercado,Corporación Universitaria Unitec,,,,Bogotá,,,,,,,,No verificado externamente,,"Nieto Mejía, Alvelayis.. (2016). Patrimonio cultural inmaterial recreación y salvaguardia en la plaza de mercado. Corporación Universitaria Unitec."
BIB-L-0954,Libro,Nomos Impresores,2016,"Realidades, mitos &amp; leyendas sobre el canal de Panamá = Panama Canal facts, myths &amp; legends",,,,,,,,,,,,,No verificado externamente,,"Nomos Impresores. (2016). Realidades, mitos &amp; leyendas sobre el canal de Panamá = Panama Canal facts, myths &amp; legends."
BIB-L-0955,Libro,"Ocampo López, Javier",2016,Sabiduría popular en Boyacá y el mundo : maś tres mil refranes,,,,,,,,,,,,,No verificado externamente,,"Ocampo López, Javier. (2016). Sabiduría popular en Boyacá y el mundo : maś tres mil refranes."
BIB-L-0956,Libro,"Rivera Castellanos, Carlos Flaminio",2016,Álbum de hechicería : leyendas libanenses,,,,,,,,,,,,,No verificado externamente,,"Rivera Castellanos, Carlos Flaminio. (2016). Álbum de hechicería : leyendas libanenses."
BIB-L-0957,Libro,"Rodríguez, Antonio Orlando",2016,"El libro de Antón Pirulero : coplas, nanas, adivinanzas, retahílas",,,,,,,,,,,,,No verificado externamente,,"Rodríguez, Antonio Orlando. (2016). El libro de Antón Pirulero : coplas, nanas, adivinanzas, retahílas."
BIB-L-0958,Libro,"Tobón Restrepo, Alejandro",2016,Romances del Atrato : cantos de la vida y de la muerte / Alejandro Tobón Restrepo.,Instituto Caro y Cuervo,,,,Bogotá,,,,,,,,No verificado externamente,,"Tobón Restrepo, Alejandro. (2016). Romances del Atrato : cantos de la vida y de la muerte / Alejandro Tobón Restrepo.. Instituto Caro y Cuervo."
BIB-L-0959,Libro,"Troyano, Jaime",2016,"Realidades, mitos &amp; leyendas sobre el canal de Panamá = Panama Canal facts, myths &amp; legends",,,,,,,,,,,,,No verificado externamente,,"Troyano, Jaime. (2016). Realidades, mitos &amp; leyendas sobre el canal de Panamá = Panama Canal facts, myths &amp; legends."
BIB-L-0960,Libro,"Universidad de Ciencias Aplicadas y Ambientales, Andrés",2016,Revista U.D.C.A actualidad &amp; divulgación científica.,,,,,,,,,,,,,No verificado externamente,,"Universidad de Ciencias Aplicadas y Ambientales, Andrés. (2016). Revista U.D.C.A actualidad &amp; divulgación científica.."
BIB-L-0961,Libro,"Uribe Ferrer, René",2016,Antioquia en la Literatura desde la colonia hasta mediados del siglo XX,Herederos René Uribe Ferrer,,,,Bogotá,,,,,,,,No verificado externamente,,"Uribe Ferrer, René. (2016). Antioquia en la Literatura desde la colonia hasta mediados del siglo XX. Herederos René Uribe Ferrer."
BIB-L-0962,Libro,"varón Parra, Silvana.",2016,Patrimonio cultural inmaterial recreación y salvaguardia en la plaza de mercado,Corporación Universitaria Unitec,,,,Bogotá,,,,,,,,No verificado externamente,,"varón Parra, Silvana.. (2016). Patrimonio cultural inmaterial recreación y salvaguardia en la plaza de mercado. Corporación Universitaria Unitec."
BIB-L-0963,Libro,"Fontalvo, Rosni Rosendo Portaccio",2017,El folclor de la cultura afrocolombiana,,,,,,,,,,,,,No verificado externamente,,"Fontalvo, Rosni Rosendo Portaccio. (2017). El folclor de la cultura afrocolombiana."
BIB-L-0964,Libro,"Minski, Samuel",2017,Se acabó el baile : la muerte en la cultura del Caribe colombiano,,,,,,,,,,,,,No verificado externamente,,"Minski, Samuel. (2017). Se acabó el baile : la muerte en la cultura del Caribe colombiano."
BIB-L-0965,Libro,"Crooke Ellison, Isabel",2018,Y de cómo las cosas llegaron a ser : mitos y leyendas indígenas colombianas,,,,,,,,,,,,,No verificado externamente,,"Crooke Ellison, Isabel. (2018). Y de cómo las cosas llegaron a ser : mitos y leyendas indígenas colombianas."
BIB-L-0966,Libro,"De la Hoz, Joaquín Viloria",2018,"Acordeones, cumbiamba y vallenato en el Magdalena Grande: Una historia cultural, económica y política, 1870 - 1960","Colombia : Editorial Unimagdalena, 2018",,,,,,,,,,,,No verificado externamente,,"De la Hoz, Joaquín Viloria. (2018). Acordeones, cumbiamba y vallenato en el Magdalena Grande: Una historia cultural, económica y política, 1870 - 1960. Colombia : Editorial Unimagdalena, 2018."
BIB-L-0967,Libro,"De la Hoz, Joaquín Viloria",2018,"Acordeones, cumbiamba y vallenato en el Magdalena Grande: Una historia cultural, económica y política, 1870 - 1960",,,,,,,,,,,,,No verificado externamente,,"De la Hoz, Joaquín Viloria. (2018). Acordeones, cumbiamba y vallenato en el Magdalena Grande: Una historia cultural, económica y política, 1870 - 1960."
BIB-L-0968,Libro,"Díaz, Gloria Cecilia",2018,Cuentos y leyendas de América Latina,,,,,,,,,,,,,No verificado externamente,,"Díaz, Gloria Cecilia. (2018). Cuentos y leyendas de América Latina."
BIB-L-0969,Libro,"LIST, GEORGE",2018,Animal Tales from the Caribbean,,,,,,,,,,,,,No verificado externamente,,"LIST, GEORGE. (2018). Animal Tales from the Caribbean."
BIB-L-0970,Libro,"Meza, Estelí",2018,Cuentos y leyendas de América Latina,,,,,,,,,,,,,No verificado externamente,,"Meza, Estelí. (2018). Cuentos y leyendas de América Latina."
BIB-L-0971,Libro,"Villar Ustáriz, Elider.",2018,"Crónicas, cuentos y leyendas del sur de La Guajira",[publisher not identified],,,,"Valledupar, Cesar, Colombia",,,,,,,,No verificado externamente,,"Villar Ustáriz, Elider.. (2018). Crónicas, cuentos y leyendas del sur de La Guajira. [publisher not identified]."
BIB-L-0972,Libro,"Márquez Arbeláez, Hernando",?,Folclor del Tolima,Editorial Cromos,,,,Bogotá,,,,,,,,No verificado externamente,,"Márquez Arbeláez, Hernando. (?). Folclor del Tolima. Editorial Cromos."
BIB-L-0973,Libro,"Jaramillo, Euclides",s. f.,Cosas de paisas,Editora Lux,,,,Medellín,,,,,,,,No verificado externamente,,"Jaramillo, Euclides. (s. f.). Cosas de paisas. Editora Lux."
BIB-L-0974,Libro,"Acuña, Luis Alberto",s.f.,Gráfico referente a la habitación popular colombiana,Comisión Nacional de Folclor del Instituto Etnológico Nacional,,,,Bogotá,,,,,,,,No verificado externamente,,"Acuña, Luis Alberto. (s.f.). Gráfico referente a la habitación popular colombiana. Comisión Nacional de Folclor del Instituto Etnológico Nacional."
BIB-L-0975,Libro,Anónimo,s.f.,Cartilla del folclor tolimense,Ministerio de Educación Nacional,,,,Bogotá,,,,,,,,No verificado externamente,,Anónimo. (s.f.). Cartilla del folclor tolimense. Ministerio de Educación Nacional.
BIB-L-0976,Libro,"Castrillón Arboleda, Diego",s.f.,Instrucciones metodológicas para uso de los maestros de escuela en la recopilación del folclor colombiano. Instituto Etnológico Nacional,Comisión Nacional de Folclor,,,,Bogotá,,,,,,,,No verificado externamente,,"Castrillón Arboleda, Diego. (s.f.). Instrucciones metodológicas para uso de los maestros de escuela en la recopilación del folclor colombiano. Instituto Etnológico Nacional. Comisión Nacional de Folclor."
BIB-L-0977,Libro,"Chavez, Álvaro",s.f.,Reseña etnográfica de los Cobarías,Casa Colonial,,,,Pamplona,,,,,,,,No verificado externamente,,"Chavez, Álvaro. (s.f.). Reseña etnográfica de los Cobarías. Casa Colonial."
BIB-L-0978,Libro,"Domínguez, Camilo",s.f.,"Leyendas chocoanas: Citado en Geografía Económica de Colombia, Chocó",Contraloría General de la República,,,,Bogotá,,,,,,,,No verificado externamente,,"Domínguez, Camilo. (s.f.). Leyendas chocoanas: Citado en Geografía Económica de Colombia, Chocó. Contraloría General de la República."
BIB-L-0979,Libro,"Jaramillo, Euclides",s.f.,Cosas de paisas,Editorial Lux,,,,Medellín,,,,,,,,No verificado externamente,,"Jaramillo, Euclides. (s.f.). Cosas de paisas. Editorial Lux."
BIB-L-0980,Libro,"Jaramillo, Jacinto",s.f.,Danzas nativas colombianas,Editorial Voluntad,,,,Bogotá,,,,,,,,No verificado externamente,,"Jaramillo, Jacinto. (s.f.). Danzas nativas colombianas. Editorial Voluntad."
BIB-L-0981,Libro,"Aguirre, Julio Ernesto.",,Coplas y rajaleñas del Huila,"Feria del Libro,",,,,"Neiva [Huila, Colombia]",,,,,,,,No verificado externamente,,"Aguirre, Julio Ernesto.. (s. f.). Coplas y rajaleñas del Huila. Feria del Libro,."
BIB-L-0982,Libro,"Correa, Carmenza. Olano",,Tunja y sus leyendas,"[publisher not identified],",,,,[Colombia?],,,,,,,,No verificado externamente,,"Correa, Carmenza. Olano. (s. f.). Tunja y sus leyendas. [publisher not identified],."
BIB-L-0983,Libro,"Fundación Universidad Central (Bogotá, Colombia)",,Hojas universitarias.,[Fundación Universidad Central],,,,,,,,,,,,No verificado externamente,,"Fundación Universidad Central (Bogotá, Colombia). (s. f.). Hojas universitarias.. [Fundación Universidad Central]."
BIB-L-0984,Libro,Southeastern Council on Latin American Studies,,The Latin Americanist : TLA.,,,,,,,,,,,,,No verificado externamente,,Southeastern Council on Latin American Studies. (s. f.). The Latin Americanist : TLA..
BIB-L-0985,Libro,"Universidad de Medellín., Guillermo. Abadía",,Universidad de Medellín.,Universidad de Medellín,,,,,,,,,,,,No verificado externamente,,"Universidad de Medellín., Guillermo. Abadía. (s. f.). Universidad de Medellín.. Universidad de Medellín."
BIB-L-0986,Libro,"Universidad Nacional de Colombia. Departamento de Antropología, Óscar Javier. Barrera",,Maguaré.,,,,,,,,,,,,,No verificado externamente,,"Universidad Nacional de Colombia. Departamento de Antropología, Óscar Javier. Barrera. (s. f.). Maguaré.."
BIB-A-0001,Artículo,"Cullen, Edward",1866,The Darien's indians,Transactions of the Ethnological Society of London,,4 / 6,264 / 150-268 / 175,,,,,,,,,No verificado externamente,,"Cullen, Edward. (1866). The Darien's indians. Transactions of the Ethnological Society of London."
BIB-A-0002,Artículo,"Posada Arango, Andrés",1871,Memoire sur le poison de rainette des sauvages du Chocó,Archives de Médecine Navale,,16,203-313,,,,,,,,,No verificado externamente,,"Posada Arango, Andrés. (1871). Memoire sur le poison de rainette des sauvages du Chocó. Archives de Médecine Navale."
BIB-A-0003,Artículo,"Posada, Andrés",1873,Essai ethnographique sur les aborigines de l'état d' Antioquia en Colombie,Memoires de la Société des Américanistes,2,1,200-231,,,,,,,,,No verificado externamente,,"Posada, Andrés. (1873). Essai ethnographique sur les aborigines de l'état d' Antioquia en Colombie. Memoires de la Société des Américanistes."
BIB-A-0004,Artículo,"Cullen, Edward",1875,Description of the Chocó Indians,New York Herald Tribune,,,167-171,,,,,,,,,No verificado externamente,,"Cullen, Edward. (1875). Description of the Chocó Indians. New York Herald Tribune."
BIB-A-0005,Artículo,"Revollo, Pedro Ma.",1876,Apuntaciones al lenguaje costeño: Introducción,Repertorio colombiano,,3,14-21,,,,,,,,,No verificado externamente,,"Revollo, Pedro Ma.. (1876). Apuntaciones al lenguaje costeño: Introducción. Repertorio colombiano."
BIB-A-0006,Artículo,"Simson, Alfred",1879,Notes on the Piojós of the Putumayo,Journal of the Anthropological Institute of Great Britain and Ireland,,8,210-222,,,,,,,,,No verificado externamente,,"Simson, Alfred. (1879). Notes on the Piojós of the Putumayo. Journal of the Anthropological Institute of Great Britain and Ireland."
BIB-A-0007,Artículo,"andino, Wenceslao",1882,Plantas americanas y sus nombres vulgares,Repertorio colombiano,9,53,36-67,,,,,,,,,No verificado externamente,,"andino, Wenceslao. (1882). Plantas americanas y sus nombres vulgares. Repertorio colombiano."
BIB-A-0008,Artículo,"Sandino, Wenceslao",1882,Plantas americanas y sus nombres vulgares,Repertorio Colombiano,9,53,36-67,,,,,,,,,No verificado externamente,,"Sandino, Wenceslao. (1882). Plantas americanas y sus nombres vulgares. Repertorio Colombiano."
BIB-A-0009,Artículo,"Schwake, W.",1884,Bereitung des Curare Pfeilgütes bei den Ticuna Indianern,Jahrbuch Bot. Gart,,3,,,,,,,,,,No verificado externamente,,"Schwake, W.. (1884). Bereitung des Curare Pfeilgütes bei den Ticuna Indianern. Jahrbuch Bot. Gart."
BIB-A-0010,Artículo,"Sievers, Wilhelm",1886,Die Arhuaco Indianer in der Sierra Nevada de Santa Marta,Zeitschrift der Gessellschaft fur Erdkunde,,21,378-400,,,,,,,,,No verificado externamente,,"Sievers, Wilhelm. (1886). Die Arhuaco Indianer in der Sierra Nevada de Santa Marta. Zeitschrift der Gessellschaft fur Erdkunde."
BIB-A-0011,Artículo,Anónimo,1888,The Guahibo Indians,American Anthropologist,,1,,,,,,,,,,No verificado externamente,,Anónimo. (1888). The Guahibo Indians. American Anthropologist.
BIB-A-0012,Artículo,"Barbosa Rodríguez, Jono",1890,Cantigas dos Tapuyos da Amazonia,Anais da biblioteca do Rio de Janeiro,,14,275-334,,,,,,,,,No verificado externamente,,"Barbosa Rodríguez, Jono. (1890). Cantigas dos Tapuyos da Amazonia. Anais da biblioteca do Rio de Janeiro."
BIB-A-0013,Artículo,"Douay, León",1890,Contribution a l'américanisme du Cauca (Colombie),Congrès International des Américanistes,,7,753-786,,,,,,,,,No verificado externamente,,"Douay, León. (1890). Contribution a l'américanisme du Cauca (Colombie). Congrès International des Américanistes."
BIB-A-0014,Artículo,"Stradelli, Hermano",1890,Leggenda del Jurupary,Bolletina della Società Geografica Italiana,3,27,659-689,,,,,,,,,No verificado externamente,,"Stradelli, Hermano. (1890). Leggenda del Jurupary. Bolletina della Società Geografica Italiana."
BIB-A-0015,Artículo,"Stradelli, Hermano",1890,Leggenda del Jurupary,Bolletina della Società Geografica Italiana,3,27,798-835,,,,,,,,,No verificado externamente,,"Stradelli, Hermano. (1890). Leggenda del Jurupary. Bolletina della Società Geografica Italiana."
BIB-A-0016,Artículo,"Brettes, Joseph de",1898,Chez les indienes du Nord de la Colombie,Tour du Monde,61-96,4,433-480,,,,,,,,,No verificado externamente,,"Brettes, Joseph de. (1898). Chez les indienes du Nord de la Colombie. Tour du Monde."
BIB-A-0017,Artículo,"Brettes, Joseph de",1903,Les indiens Arhouaques-Kággabas,Bulletin de la Société d'Anthropologie de Paris,4,5,318-357,,,,,,,,,No verificado externamente,,"Brettes, Joseph de. (1903). Les indiens Arhouaques-Kággabas. Bulletin de la Société d'Anthropologie de Paris."
BIB-A-0018,Artículo,"Zaldarriaga, Rafael",1905,La virgen de las Mercedes,Temas,,,,,,,,,,,,No verificado externamente,,"Zaldarriaga, Rafael. (1905). La virgen de las Mercedes. Temas."
BIB-A-0019,Artículo,"KochGrünberg, Theodor",1906,Die maskentanze der indianer des oberon Río Negro und Yapurá.,Archiv fur anthropologie,,4,293-298,,,,,,,,,No verificado externamente,,"KochGrünberg, Theodor. (1906). Die maskentanze der indianer des oberon Río Negro und Yapurá.. Archiv fur anthropologie."
BIB-A-0020,Artículo,"Rosales, José Miguel",1906,Costumbres de tierra caliente,Revista del Colegio Mayor de Nuestra Señora del Rosario,,2,101-106,,,,,,,,,No verificado externamente,,"Rosales, José Miguel. (1906). Costumbres de tierra caliente. Revista del Colegio Mayor de Nuestra Señora del Rosario."
BIB-A-0021,Artículo,"Pittier de Fábrega, H.",1907,"Ethnographic and linguistic notes of the Paez Indians of Tierra dentro, Cauca, Colombia",Memoirs of the American Anthropological Association,,1,301-356,,,,,,,,,No verificado externamente,,"Pittier de Fábrega, H.. (1907). Ethnographic and linguistic notes of the Paez Indians of Tierra dentro, Cauca, Colombia. Memoirs of the American Anthropological Association."
BIB-A-0022,Artículo,"Koch-Grünberg, Theodor",1908,Das Haus bei den Indianern Nordwestbraziliens,Archiv fur Anthropologie,,7,37-50,,,,,,,,,No verificado externamente,,"Koch-Grünberg, Theodor. (1908). Das Haus bei den Indianern Nordwestbraziliens. Archiv fur Anthropologie."
BIB-A-0023,Artículo,"Koch-Grünberg, Theodor",1908,Der Fischlang der Indianern Nordwestbraziliens,Globus,,93,"1-6, 21-28",,,,,,,,,No verificado externamente,,"Koch-Grünberg, Theodor. (1908). Der Fischlang der Indianern Nordwestbraziliens. Globus."
BIB-A-0024,Artículo,"Hardenburg, Walter",1910,"The indians of the Putumayo, Upper Amazonas",Man,,10,134-138,,,,,,,,,No verificado externamente,,"Hardenburg, Walter. (1910). The indians of the Putumayo, Upper Amazonas. Man."
BIB-A-0025,Artículo,"Koch -Grünberg, Theodor",1910,"Die Miranha (Río Yapurá, Amazonas)",Zeitschrift fur Etnologie,,42,896-914,,,,,,,,,No verificado externamente,,"Koch -Grünberg, Theodor. (1910). Die Miranha (Río Yapurá, Amazonas). Zeitschrift fur Etnologie."
BIB-A-0026,Artículo,"Koch -Grünberg, Theodor",1913,Abschluss meiner reise durch Nordbrazilien zum Orinoco. Mit besonderer Berücksichtigung der von mirbesuchten Indianers-tamme,Zeitschrift fur Ethnologie,,45,448-474,,,,,,,,,No verificado externamente,,"Koch -Grünberg, Theodor. (1913). Abschluss meiner reise durch Nordbrazilien zum Orinoco. Mit besonderer Berücksichtigung der von mirbesuchten Indianers-tamme. Zeitschrift fur Ethnologie."
BIB-A-0027,Artículo,"Jahn, Alfredo",1914,Parahuanos und Guajiros und die Pfalbauten am See von Maracaibo,Zeitschrift fur Ethnologie,,46,267-283,,,,,,,,,No verificado externamente,,"Jahn, Alfredo. (1914). Parahuanos und Guajiros und die Pfalbauten am See von Maracaibo. Zeitschrift fur Ethnologie."
BIB-A-0028,Artículo,"Manjarrés, José Manuel",1914,Sobre el habla del bajo pueblo,Revista del Colegio Mayor de Nuestra Señora del Rosario,,10,392-405,,,,,,,,,No verificado externamente,,"Manjarrés, José Manuel. (1914). Sobre el habla del bajo pueblo. Revista del Colegio Mayor de Nuestra Señora del Rosario."
BIB-A-0029,Artículo,"Rochereau, Henri",1914,Los indios Tunebos,Boletín de la Sociedad de Ciencias Naturales,2,7,195-197,,,,,,,,,No verificado externamente,,"Rochereau, Henri. (1914). Los indios Tunebos. Boletín de la Sociedad de Ciencias Naturales."
BIB-A-0030,Artículo,"Ramírez, Cristóbal",1916,Muerte de un Goajiro,Boletín Historial,2,13,29-30,,,,,,,,,No verificado externamente,,"Ramírez, Cristóbal. (1916). Muerte de un Goajiro. Boletín Historial."
BIB-A-0031,Artículo,"Sánchez Montenegro, Víctor",1916,La superstición de la sangre (del folclor nariñense),Revista de las Indias,,92 - 93,335-342,,,,,,,,,No verificado externamente,,"Sánchez Montenegro, Víctor. (1916). La superstición de la sangre (del folclor nariñense). Revista de las Indias."
BIB-A-0032,Artículo,"Belinder, Gustaf",1917,"Einiges über die Motilon indianer der Sierra de Perijá, Kolumbien, Sudamerika",Zeitschrift für Etnologie,,49,21-51,,,,,,,,,No verificado externamente,,"Belinder, Gustaf. (1917). Einiges über die Motilon indianer der Sierra de Perijá, Kolumbien, Sudamerika. Zeitschrift für Etnologie."
BIB-A-0033,Artículo,"Bolinder, Gusta v.",1917,Busintana - indianerna musikbage,Ymer,300,37,308-,,,,,,,,,No verificado externamente,,"Bolinder, Gusta v.. (1917). Busintana - indianerna musikbage. Ymer."
BIB-A-0034,Artículo,"Safford, William",1917,Narcotic plants and stimulants of Ancient America,Annual report of the Board of Regents of the Smithsonian Institution,,,387-424,,,,,,,,,No verificado externamente,,"Safford, William. (1917). Narcotic plants and stimulants of Ancient America. Annual report of the Board of Regents of the Smithsonian Institution."
BIB-A-0035,Artículo,Anónimo,1919,Las ferias (Feria de Magangué),Boletín Historial,4,45 - 46,372-376,,,,,,,,,No verificado externamente,,Anónimo. (1919). Las ferias (Feria de Magangué). Boletín Historial.
BIB-A-0036,Artículo,"Rochereau, Henri",1919,Les indiens Tunebos et Pedrazas,Journal de la Société des Américanistes,,11,513-524,,,,,,,,,No verificado externamente,,"Rochereau, Henri. (1919). Les indiens Tunebos et Pedrazas. Journal de la Société des Américanistes."
BIB-A-0037,Artículo,"Fabo, Pedro",1920,"Etnografía y lingüística de Casanare (Colombia, América Meridional)",Anthropos,,14-15,21-32,,,,,,,,,No verificado externamente,,"Fabo, Pedro. (1920). Etnografía y lingüística de Casanare (Colombia, América Meridional). Anthropos."
BIB-A-0038,Artículo,"Reinburg, P.",1921,"Contribution á l'étude des boissons toxiques des indiens du NordOuest de l'Amazon. L'ayahuasca, le yagé, le huanto",Journal de la Société des Américanistes,,13,197-216,,,,,,,,,No verificado externamente,,"Reinburg, P.. (1921). Contribution á l'étude des boissons toxiques des indiens du NordOuest de l'Amazon. L'ayahuasca, le yagé, le huanto. Journal de la Société des Américanistes."
BIB-A-0039,Artículo,"Reinburg, P.",1921,"Contribution á l'étude des boissons toxiques des indiens du NordOuest de l'Amazon. L'ayahuasca, le yagé, le huanto",Journal de la Société des Américanistes,,13,25-54,,,,,,,,,No verificado externamente,,"Reinburg, P.. (1921). Contribution á l'étude des boissons toxiques des indiens du NordOuest de l'Amazon. L'ayahuasca, le yagé, le huanto. Journal de la Société des Américanistes."
BIB-A-0040,Artículo,"Leointe, Paul",1922,La culture et la préparation du manhioc en Amazonie,Revue de Botanique Appliquée et d'Agriculture Tropicale,,,331-337,,,,,,,,,No verificado externamente,,"Leointe, Paul. (1922). La culture et la préparation du manhioc en Amazonie. Revue de Botanique Appliquée et d'Agriculture Tropicale."
BIB-A-0041,Artículo,"Preuss, Konrad Theodor",1922,Flutmyten der Huitoto und ihre Erklárung,"Festchrift E., Seler, Strecker and Schroeder",,,385-400,,,,,,,,,No verificado externamente,,"Preuss, Konrad Theodor. (1922). Flutmyten der Huitoto und ihre Erklárung. Festchrift E., Seler, Strecker and Schroeder."
BIB-A-0042,Artículo,Anónimo,1923,Música colombiana,Eco de oriente,8,748,,,,,,,,,,No verificado externamente,,Anónimo. (1923). Música colombiana. Eco de oriente.
BIB-A-0043,Artículo,"Chacón, Luis F.",1923,La música popular colombiana,Colombia,,4,96-99,,,,,,,,,No verificado externamente,,"Chacón, Luis F.. (1923). La música popular colombiana. Colombia."
BIB-A-0044,Artículo,"Chacón, Luis F.",1923,La música popular colombiana,Colombia,,3,67-69,,,,,,,,,No verificado externamente,,"Chacón, Luis F.. (1923). La música popular colombiana. Colombia."
BIB-A-0045,Artículo,"D'Espinay, Fernand",1923,La musiquecdombienne,La Geographie,,11,475-479,,,,,,,,,No verificado externamente,,"D'Espinay, Fernand. (1923). La musiquecdombienne. La Geographie."
BIB-A-0046,Artículo,Madre Laura,1923,Nociones sobre usos y costumbres de los Catíos en el Departamento de Antioquia,Repertorio Histórico,5,2020-01-05 00:00:00,,,,,,,,,,No verificado externamente,,Madre Laura. (1923). Nociones sobre usos y costumbres de los Catíos en el Departamento de Antioquia. Repertorio Histórico.
BIB-A-0047,Artículo,"Preuss, Konrad Theodor",1923,"Vorlag einerethnographischen Sammlung von der Kágaba, Ui toto, Tama und Koreguaje",Zeitschrift fut Ethnologie,,55,91-93,,,,,,,,,No verificado externamente,,"Preuss, Konrad Theodor. (1923). Vorlag einerethnographischen Sammlung von der Kágaba, Ui toto, Tama und Koreguaje. Zeitschrift fut Ethnologie."
BIB-A-0048,Artículo,"Tastevin, C.",1923,Les Makú de Japurá,Journal de la Société des Américanistes,,15,99-108,,,,,,,,,No verificado externamente,,"Tastevin, C.. (1923). Les Makú de Japurá. Journal de la Société des Américanistes."
BIB-A-0049,Artículo,"Belinder, Gustaf",1924,Die Letzten Chimila,"IMER, Estocolmo",,44,200-280,,,,,,,,,No verificado externamente,,"Belinder, Gustaf. (1924). Die Letzten Chimila. IMER, Estocolmo."
BIB-A-0050,Artículo,"Forero, Manuel José",1924,Apuntes sobre el folclor de Colombia,Santafé y Bogotá,2,10,,,,,,,,,,No verificado externamente,,"Forero, Manuel José. (1924). Apuntes sobre el folclor de Colombia. Santafé y Bogotá."
BIB-A-0051,Artículo,"García, Juan Crisóstomo",1924,Folclor colombiano (fragmento),Santa Fe y Bogotá,3,17,283-288,,,,,,,,,No verificado externamente,,"García, Juan Crisóstomo. (1924). Folclor colombiano (fragmento). Santa Fe y Bogotá."
BIB-A-0052,Artículo,"García, Juan Crisóstomo",1924,Folclor colombiano,Santa Fe y Bogotá,3,17,283-288,,,,,,,,,No verificado externamente,,"García, Juan Crisóstomo. (1924). Folclor colombiano. Santa Fe y Bogotá."
BIB-A-0053,Artículo,"Jiménez, S.",1924,Bemerkungen über den Stamm der Bora oder Meanuyna am Putumayo,Zeitschrift fur Ethnologie,,56,,,,,,,,,,No verificado externamente,,"Jiménez, S.. (1924). Bemerkungen über den Stamm der Bora oder Meanuyna am Putumayo. Zeitschrift fur Ethnologie."
BIB-A-0054,Artículo,Lenoir. Raymond,1925,Les fetes de boisson en Amerique du Sud,Journal de la sociéte de Américanites,,17,125-,,,,,,,,,No verificado externamente,,Lenoir. Raymond. (1925). Les fetes de boisson en Amerique du Sud. Journal de la sociéte de Américanites.
BIB-A-0055,Artículo,"Otero D'Costa, Enrique",1925,Apuntes sobre demosofía colombiana,Santa Fe y Bogotá,5,30,297-307,,,,,,,,,No verificado externamente,,"Otero D'Costa, Enrique. (1925). Apuntes sobre demosofía colombiana. Santa Fe y Bogotá."
BIB-A-0056,Artículo,"Kok, P.",1926,Quelques notices ethnographiques sur les indiens du Río Papurí,Anthropos,,20 / 21,624 / 921-627 / 937,,,,,,,,,No verificado externamente,,"Kok, P.. (1926). Quelques notices ethnographiques sur les indiens du Río Papurí. Anthropos."
BIB-A-0057,Artículo,"Schilling, Josef María",1926,Religion und soziale Vernaltnisse der indianes Catio in Kolumbien,Archiv fur Religiouswissenschaft,,23,278-297,,,,,,,,,No verificado externamente,,"Schilling, Josef María. (1926). Religion und soziale Vernaltnisse der indianes Catio in Kolumbien. Archiv fur Religiouswissenschaft."
BIB-A-0058,Artículo,"Calella, Plácido de",1927,Excursión al Guamués. Els indis Cofanes,Catalunya Franciscana,,5,130-135,,,,,,,,,No verificado externamente,,"Calella, Plácido de. (1927). Excursión al Guamués. Els indis Cofanes. Catalunya Franciscana."
BIB-A-0059,Artículo,"Metraux, Alfred",1928,Une découverte biologique des indiens de l' Amérique du Sud: La décoloration artificielle des plumes sur les oiseaux vivants,Journal de la Société Des Américanistes,,20,181-192,,,,,,,,,No verificado externamente,,"Metraux, Alfred. (1928). Une découverte biologique des indiens de l' Amérique du Sud: La décoloration artificielle des plumes sur les oiseaux vivants. Journal de la Société Des Américanistes."
BIB-A-0060,Artículo,"Nordenskióld, Erland",1928,"Les rapports entre l ́art, la religion et la magie chez les indiens Cuna et Chocó",Journal de la Société des Americanites,,21,141-148,,,,,,,,,No verificado externamente,,"Nordenskióld, Erland. (1928). Les rapports entre l ́art, la religion et la magie chez les indiens Cuna et Chocó. Journal de la Société des Americanites."
BIB-A-0061,Artículo,"Nordenskióld, Erland",1928,"La conception de l ́áme chez les indiens Cuna de l ́Isthme de Panamá. La signification de trois mots Cuna: Purba. niga, kurgin",Journal de la Société des Américanites,,24,5-30,,,,,,,,,No verificado externamente,,"Nordenskióld, Erland. (1928). La conception de l ́áme chez les indiens Cuna de l ́Isthme de Panamá. La signification de trois mots Cuna: Purba. niga, kurgin. Journal de la Société des Américanites."
BIB-A-0062,Artículo,"Rochereau, Henri",1928,Algunos vestigios de las mitologías andinas entre las tribus de los Tunebos,Boletín de historia y antiguedades,,17,412-418,,,,,,,,,No verificado externamente,,"Rochereau, Henri. (1928). Algunos vestigios de las mitologías andinas entre las tribus de los Tunebos. Boletín de historia y antiguedades."
BIB-A-0063,Artículo,Anónimo,1929,"Nociones sobre creencias, usos y creencias de los Catíos del Occidente de Antioquia",Journal de la Societé des Américanistes,,21,71-105,,,,,,,,,No verificado externamente,,"Anónimo. (1929). Nociones sobre creencias, usos y creencias de los Catíos del Occidente de Antioquia. Journal de la Societé des Américanistes."
BIB-A-0064,Artículo,Anónimo,1929,"Nociones sobre creencias, usos y costumbres de los Catíos del Occidente de Antioquia",Journal de la Société des Américanistes,,21,71-105,,,,,,,,,No verificado externamente,,"Anónimo. (1929). Nociones sobre creencias, usos y costumbres de los Catíos del Occidente de Antioquia. Journal de la Société des Américanistes."
BIB-A-0065,Artículo,"Barriga Villalba, A. M.",1929,Estudio sobre una bebida popular,Revista del Colegio Mayor de Nuestra Señora del Rosario,24,234,196-199,,,,,,,,,No verificado externamente,,"Barriga Villalba, A. M.. (1929). Estudio sobre una bebida popular. Revista del Colegio Mayor de Nuestra Señora del Rosario."
BIB-A-0066,Artículo,"Hammerman, A. F.",1929,"Yagé, a narcotic of the indians in the Amazon region","Materials for the Study of Narcotics in Southern Countries. Bulletin of Applied Botany, Genetics and Plant Breeding",,22,165-208,,,,,,,,,No verificado externamente,,"Hammerman, A. F.. (1929). Yagé, a narcotic of the indians in the Amazon region. Materials for the Study of Narcotics in Southern Countries. Bulletin of Applied Botany, Genetics and Plant Breeding."
BIB-A-0067,Artículo,"Nordenskiold, Erland",1929,"Les rapports entre l'art, la religion etla magie chez les indiens Cuna et Chocó",Journal de la Société des Américanistes,,21,141-158,,,,,,,,,No verificado externamente,,"Nordenskiold, Erland. (1929). Les rapports entre l'art, la religion etla magie chez les indiens Cuna et Chocó. Journal de la Société des Américanistes."
BIB-A-0068,Artículo,"Olot, Ricardo de",1929,Costums indis del Caquetá,Catalunya Franciscana,,7,160-163,,,,,,,,,No verificado externamente,,"Olot, Ricardo de. (1929). Costums indis del Caquetá. Catalunya Franciscana."
BIB-A-0069,Artículo,"Rivet, Paul (Ed.)",1929,"Nociones sobre creencias, usos y costumbres de los Catíos del Occidente de Antioquia",Journal de la Société des Américanistes,,31,71-105,,,,,,,,,No verificado externamente,,"Rivet, Paul (Ed.). (1929). Nociones sobre creencias, usos y costumbres de los Catíos del Occidente de Antioquia. Journal de la Société des Américanistes."
BIB-A-0070,Artículo,"Rochereau, Henri",1929,Algunos vestigios de las mitologías andinas entre las tribus de los Tunebos,Boletín de Historia y antigüedades,17,199,412-418,,,,,,,,,No verificado externamente,,"Rochereau, Henri. (1929). Algunos vestigios de las mitologías andinas entre las tribus de los Tunebos. Boletín de Historia y antigüedades."
BIB-A-0071,Artículo,"Vargas, Martín de",1929,Costumbres de los indios Cuaiqueres,Revista de Misiones,,5,9-13,,,,,,,,,No verificado externamente,,"Vargas, Martín de. (1929). Costumbres de los indios Cuaiqueres. Revista de Misiones."
BIB-A-0072,Artículo,"Karsten, Rafael",1930,Ceremonial games of the South American Indians,Societas scientarum fennica comentations humanarum litterarum,3,2,,,,,,,,,,No verificado externamente,,"Karsten, Rafael. (1930). Ceremonial games of the South American Indians. Societas scientarum fennica comentations humanarum litterarum."
BIB-A-0073,Artículo,"Santa Teresa, Severino de",1930,Costumbres de los negros de Urabá,Revista de Misiones,,6,405-410,,,,,,,,,No verificado externamente,,"Santa Teresa, Severino de. (1930). Costumbres de los negros de Urabá. Revista de Misiones."
BIB-A-0074,Artículo,Anónimo,1931,Crónica del Vaupés,Revista de Misiones,,7,314-316,,,,,,,,,No verificado externamente,,Anónimo. (1931). Crónica del Vaupés. Revista de Misiones.
BIB-A-0075,Artículo,Anónimo,1931,Vida y costumbres de los Indios Catíos,Revista de Misiones,,7,406-411,,,,,,,,,No verificado externamente,,Anónimo. (1931). Vida y costumbres de los Indios Catíos. Revista de Misiones.
BIB-A-0076,Artículo,"Banet, M.",1931,Le Yagé,Journal de la Société des Américanistes,,24,309-310,,,,,,,,,No verificado externamente,,"Banet, M.. (1931). Le Yagé. Journal de la Société des Américanistes."
BIB-A-0077,Artículo,"Claes, Florent",1931,Quelques resignements sur les costumes des Huitoto et des Coreguajes de la Colombie,Bulletin de la Société des Américanistes de Belgique,,,22-39,,,,,,,,,No verificado externamente,,"Claes, Florent. (1931). Quelques resignements sur les costumes des Huitoto et des Coreguajes de la Colombie. Bulletin de la Société des Américanistes de Belgique."
BIB-A-0078,Artículo,"Pérez Arbeláez, Enrique",1931,Plantas venenosas de Colombía,Revista de Medicina Veterinaria,3,23,189-198,,,,,,,,,No verificado externamente,,"Pérez Arbeláez, Enrique. (1931). Plantas venenosas de Colombía. Revista de Medicina Veterinaria."
BIB-A-0079,Artículo,"Santensson, C. C.",1931,Ein Starkes Forfkurare von den Tukuna (Ticuna) indianern des oberen Amazonas,Acta Médica Scandinavica,75,2020-01-02 00:00:00,,,,,,,,,,No verificado externamente,,"Santensson, C. C.. (1931). Ein Starkes Forfkurare von den Tukuna (Ticuna) indianern des oberen Amazonas. Acta Médica Scandinavica."
BIB-A-0080,Artículo,"Santesson, C. G.",1931,An arrow poison with cardiac effect from the New World,Comparative Ethnological Studies,,9,155-187,,,,,,,,,No verificado externamente,,"Santesson, C. G.. (1931). An arrow poison with cardiac effect from the New World. Comparative Ethnological Studies."
BIB-A-0081,Artículo,"Baldus, Herbert",1932,La mére commune dans la religion et mythologie de deux tribus sudaméricaines (Kágaba et Tumerehá),Revista del Instituto de Etnología de la Universidad Nacional de Tucuman,,2,471-479,,,,,,,,,No verificado externamente,,"Baldus, Herbert. (1932). La mére commune dans la religion et mythologie de deux tribus sudaméricaines (Kágaba et Tumerehá). Revista del Instituto de Etnología de la Universidad Nacional de Tucuman."
BIB-A-0082,Artículo,"Claes, Florent",1932,Chez les indiens Huitotos et Coreguajes,Bulletin de la Société Royale Belge de Géographie,,55 / 56,88 / 27-106 / 51,,,,,,,,,No verificado externamente,,"Claes, Florent. (1932). Chez les indiens Huitotos et Coreguajes. Bulletin de la Société Royale Belge de Géographie."
BIB-A-0083,Artículo,"Nordenskióld, Erland",1932,Faiseurs de miracles et voyants chez les indiens Cuna,Revista del Instituto de Etnología de la Universidad Nacional de Tucumán,2,2,459-469,,,,,,,,,No verificado externamente,,"Nordenskióld, Erland. (1932). Faiseurs de miracles et voyants chez les indiens Cuna. Revista del Instituto de Etnología de la Universidad Nacional de Tucumán."
BIB-A-0084,Artículo,"Rochereau, Henri",1932,La poesía y los cantos mágicos de los Tunebos del Sarare,Revista de Misiones,,8,404-413,,,,,,,,,No verificado externamente,,"Rochereau, Henri. (1932). La poesía y los cantos mágicos de los Tunebos del Sarare. Revista de Misiones."
BIB-A-0085,Artículo,Rochereau. Henri,1932,La poesía y los cantos mágicos de los Tunebos del Sarare,Revista de Misiones,,8,404-413,,,,,,,,,No verificado externamente,,Rochereau. Henri. (1932). La poesía y los cantos mágicos de los Tunebos del Sarare. Revista de Misiones.
BIB-A-0086,Artículo,"Soratá, Luis",1932,Las campanas de Zoque,Revista del Colegio Mayor de Nuestra Señora del Rosario,,27,281-290,,,,,,,,,No verificado externamente,,"Soratá, Luis. (1932). Las campanas de Zoque. Revista del Colegio Mayor de Nuestra Señora del Rosario."
BIB-A-0087,Artículo,"Wavrin, Marqués de",1932,Folk-lore du haut Amazon,Journal de la Société des Américanites,,24,121-146,,,,,,,,,No verificado externamente,,"Wavrin, Marqués de. (1932). Folk-lore du haut Amazon. Journal de la Société des Américanites."
BIB-A-0088,Artículo,"Wavrin, Marqués de",1932,Folklore du Haute Amazone,Journal de la sociéte de Américanites,,24,121-146,,,,,,,,,No verificado externamente,,"Wavrin, Marqués de. (1932). Folklore du Haute Amazone. Journal de la sociéte de Américanites."
BIB-A-0089,Artículo,Anónimo,1933,La Kabira,Revista de Misiones,,9,10-17,,,,,,,,,No verificado externamente,,Anónimo. (1933). La Kabira. Revista de Misiones.
BIB-A-0090,Artículo,"Luna, E.",1933,La copla en el oriente de Colombia,"Revista hispanoamericana de ciencias, letras y artes",,117,,,,,,,,,,No verificado externamente,,"Luna, E.. (1933). La copla en el oriente de Colombia. Revista hispanoamericana de ciencias, letras y artes."
BIB-A-0091,Artículo,"Santa Teresa, Severino de",1933,Ritos funerarios de los indios Caribe Kunas de Urabá,Revista de Misiones,,9,402-402,,,,,,,,,No verificado externamente,,"Santa Teresa, Severino de. (1933). Ritos funerarios de los indios Caribe Kunas de Urabá. Revista de Misiones."
BIB-A-0092,Artículo,"Wassen, Henry",1933,Cuentos de los indios Chocó recogidos por Erland Nordenskiold durante su expedición al istmo de Panamá en 1927,Journal de la sociéte de Américanites,,25,103-137,,,,,,,,,No verificado externamente,,"Wassen, Henry. (1933). Cuentos de los indios Chocó recogidos por Erland Nordenskiold durante su expedición al istmo de Panamá en 1927. Journal de la sociéte de Américanites."
BIB-A-0093,Artículo,Anónimo,1934,Costumbres de Antaño,Boletín Histórico del Valle,2,19,342-344,,,,,,,,,No verificado externamente,,Anónimo. (1934). Costumbres de Antaño. Boletín Histórico del Valle.
BIB-A-0094,Artículo,"Archer, Andrew",1934,The dental plant of the Citará (Chokó) indians in Colombia,Journal of the Washington Academy of Sciences,24,9,402-404,,,,,,,,,No verificado externamente,,"Archer, Andrew. (1934). The dental plant of the Citará (Chokó) indians in Colombia. Journal of the Washington Academy of Sciences."
BIB-A-0095,Artículo,"Archer, Andrew",1934,The dental plant of the Citará (Chocó) indians in Colombia,Journal of the Washington Academy of Sciences,24,9,402-404,,,,,,,,,No verificado externamente,,"Archer, Andrew. (1934). The dental plant of the Citará (Chocó) indians in Colombia. Journal of the Washington Academy of Sciences."
BIB-A-0096,Artículo,"Bose, Fritz",1934,Die Musik der Uitoto,Zeitschrift fur vergl Musik - wissenschaft,2,1,114-,,,,,,,,,No verificado externamente,,"Bose, Fritz. (1934). Die Musik der Uitoto. Zeitschrift fur vergl Musik - wissenschaft."
BIB-A-0097,Artículo,"Bose, Fritz",1934,Die Musik der Uitoto,Zeitschrift fur vergl Musik - wissenschaft,2,4,5-23,,,,,,,,,No verificado externamente,,"Bose, Fritz. (1934). Die Musik der Uitoto. Zeitschrift fur vergl Musik - wissenschaft."
BIB-A-0098,Artículo,"Castellví, Marcelino de",1934,Notas a los Apuntes para el folklore de los indios de Mocoa,Boletín de Estudios Históricos,,5,383-386,,,,,,,,,No verificado externamente,,"Castellví, Marcelino de. (1934). Notas a los Apuntes para el folklore de los indios de Mocoa. Boletín de Estudios Históricos."
BIB-A-0099,Artículo,"Castellví, Marcelino de",1934,"Cómo se divierten los jóvenes en el Caquetá, Putumayo y Amazonas colombiana.",Revista de Misiones,,10,471-475,,,,,,,,,No verificado externamente,,"Castellví, Marcelino de. (1934). Cómo se divierten los jóvenes en el Caquetá, Putumayo y Amazonas colombiana.. Revista de Misiones."
BIB-A-0100,Artículo,"Forero, Manuel José",1934,Para el folclor colombiano (9 coplas de nuestros valles y llanuras),Senderos,,1,190-,,,,,,,,,No verificado externamente,,"Forero, Manuel José. (1934). Para el folclor colombiano (9 coplas de nuestros valles y llanuras). Senderos."
BIB-A-0101,Artículo,"Hernández de Alba, Gregorio",1934,En una noche de aquellas,Senderos,,2,170-171,,,,,,,,,No verificado externamente,,"Hernández de Alba, Gregorio. (1934). En una noche de aquellas. Senderos."
BIB-A-0102,Artículo,"Naranjo, Enrique",1934,Demosofía colombiana,Senderos,,2,237-239,,,,,,,,,No verificado externamente,,"Naranjo, Enrique. (1934). Demosofía colombiana. Senderos."
BIB-A-0103,Artículo,"Olaeta, Yon de",1934,"Cómo se divierten los jóvenes y los niños en las regiones del Caquetá, Putumayo y Amazonas",Revista de Misiones,,10,471-475,,,,,,,,,No verificado externamente,,"Olaeta, Yon de. (1934). Cómo se divierten los jóvenes y los niños en las regiones del Caquetá, Putumayo y Amazonas. Revista de Misiones."
BIB-A-0104,Artículo,"Pérez Arbeláez, Enrique",1934,Plantas medicinales más usadas en Bogotá,Suplemento al Boletín de Agricultura,,31,,,,,,,,,,No verificado externamente,,"Pérez Arbeláez, Enrique. (1934). Plantas medicinales más usadas en Bogotá. Suplemento al Boletín de Agricultura."
BIB-A-0105,Artículo,"Robledo, Emilio",1934,Un millar de papeletas lexicográficas relativas a los Departamentos de Antioquia y Caldas,Repertorio histórico,13,135,11-65,,,,,,,,,No verificado externamente,,"Robledo, Emilio. (1934). Un millar de papeletas lexicográficas relativas a los Departamentos de Antioquia y Caldas. Repertorio histórico."
BIB-A-0106,Artículo,"Serrano, Antonio",1934,El uso del tabaco y vegetales narcotizantes entre los indígenas de América,Revista Geográfica Americana,,2,415-429,,,,,,,,,No verificado externamente,,"Serrano, Antonio. (1934). El uso del tabaco y vegetales narcotizantes entre los indígenas de América. Revista Geográfica Americana."
BIB-A-0107,Artículo,"Tulcán, Idelfonso de",1934,Apuntes para el folclor de los indios de Mocoa,Boletín de Estudios Históricos,,5,379-383,,,,,,,,,No verificado externamente,,"Tulcán, Idelfonso de. (1934). Apuntes para el folclor de los indios de Mocoa. Boletín de Estudios Históricos."
BIB-A-0108,Artículo,"Tulcán, Idelfonso de",1934,Folclor de las aves de Mocoa,Boletín de Estudios Históricos,5,59-60,379-386,,,,,,,,,No verificado externamente,,"Tulcán, Idelfonso de. (1934). Folclor de las aves de Mocoa. Boletín de Estudios Históricos."
BIB-A-0109,Artículo,"Wassen, Henry",1934,Mitos y cuentos de los indios Cunas,Journal de la Société des Américanites,,26,1-35,,,,,,,,,No verificado externamente,,"Wassen, Henry. (1934). Mitos y cuentos de los indios Cunas. Journal de la Société des Américanites."
BIB-A-0110,Artículo,"Wassen, Henry",1934,Mitos y cuentos de los indios Cuna,Journal de la sociéte de Américanites,,26,1-35,,,,,,,,,No verificado externamente,,"Wassen, Henry. (1934). Mitos y cuentos de los indios Cuna. Journal de la sociéte de Américanites."
BIB-A-0111,Artículo,"Calella, Plácido de",1935,Materiales para la ciencia comparada de las religiones. Dios y los espíritus de los indios Sionas.,Boletín de estudiosHistóricos,,6,292-297,,,,,,,,,No verificado externamente,,"Calella, Plácido de. (1935). Materiales para la ciencia comparada de las religiones. Dios y los espíritus de los indios Sionas.. Boletín de estudiosHistóricos."
BIB-A-0112,Artículo,"Calella, Plácido de",1935,Los indios Sionas del Putumayo. Apuntes etnográficos sobre el Curaca y el yagé,Boletín de Estudios Históricos,7,73 - 74,104-110,,,,,,,,,No verificado externamente,,"Calella, Plácido de. (1935). Los indios Sionas del Putumayo. Apuntes etnográficos sobre el Curaca y el yagé. Boletín de Estudios Históricos."
BIB-A-0113,Artículo,"Calella, Plácido de",1935,Los indios Sionas del Puturnayo: Apuntes etnográficos sobre el Curaca y el yagé,Boletín de Estudios Históricos,7,73-74,104-110,,,,,,,,,No verificado externamente,,"Calella, Plácido de. (1935). Los indios Sionas del Puturnayo: Apuntes etnográficos sobre el Curaca y el yagé. Boletín de Estudios Históricos."
BIB-A-0114,Artículo,"Les Corts, Estanislao",1935,"Datos etnográficos de los indios Huitotos, Boras, Nonuyas, Muinanes y Ocainas de la región de La Chorrera, Amazonas",Revista de Misiones,,2020-10-11 00:00:00,46-48; 88-93; 107-112; 170-172; 566-569,,,,,,,,,No verificado externamente,,"Les Corts, Estanislao. (1935). Datos etnográficos de los indios Huitotos, Boras, Nonuyas, Muinanes y Ocainas de la región de La Chorrera, Amazonas. Revista de Misiones."
BIB-A-0115,Artículo,"Lima, Emirto de",1935,Del folclor colombiano,Boletín latinoamericano de música,,1,47-77,,,,,,,,,No verificado externamente,,"Lima, Emirto de. (1935). Del folclor colombiano. Boletín latinoamericano de música."
BIB-A-0116,Artículo,"Olaeta, Yon de",1935,Ritos fúnebres de los indios Karibe-Kunas de Urabá,Revista de Misiones,,9,160-164,,,,,,,,,No verificado externamente,,"Olaeta, Yon de. (1935). Ritos fúnebres de los indios Karibe-Kunas de Urabá. Revista de Misiones."
BIB-A-0117,Artículo,"Olaeta, Yon de",1935,Las fiestas de Navidad entre los Paeces,Revista de Misiones,,9,203-206,,,,,,,,,No verificado externamente,,"Olaeta, Yon de. (1935). Las fiestas de Navidad entre los Paeces. Revista de Misiones."
BIB-A-0118,Artículo,"Quito, Jacinto de",1935,Resabios de paganismo de los Ingas de Sibundoy,Revista de Misiones,,9,207-209,,,,,,,,,No verificado externamente,,"Quito, Jacinto de. (1935). Resabios de paganismo de los Ingas de Sibundoy. Revista de Misiones."
BIB-A-0119,Artículo,"Santesson, C. G.",1935,A report in brief on an examination of Chocó indian poisons,Etnologiska Studier,,1,105-107,,,,,,,,,No verificado externamente,,"Santesson, C. G.. (1935). A report in brief on an examination of Chocó indian poisons. Etnologiska Studier."
BIB-A-0120,Artículo,"Wassen, Henry",1935,Notes on southern groups of Chocó indians in Colombia,Ethnologiska Studier,,1,35-182,,,,,,,,,No verificado externamente,,"Wassen, Henry. (1935). Notes on southern groups of Chocó indians in Colombia. Ethnologiska Studier."
BIB-A-0121,Artículo,"Hernández de Alba, Gregorio",1936,Historia y etnología de las tribus Guajiras,Boletín de Historia y Antigüedades,23,257,9-44,,,,,,,,,No verificado externamente,,"Hernández de Alba, Gregorio. (1936). Historia y etnología de las tribus Guajiras. Boletín de Historia y Antigüedades."
BIB-A-0122,Artículo,"Karsten, Rafael",1936,Arrow-poissons and narcotics in Western Amazonas. (A reply to Dr. Henry Wassen),Etnologiska Studier,,2,68-77,,,,,,,,,No verificado externamente,,"Karsten, Rafael. (1936). Arrow-poissons and narcotics in Western Amazonas. (A reply to Dr. Henry Wassen). Etnologiska Studier."
BIB-A-0123,Artículo,"Monsalve Martínez, Manuel",1936,El Tolima y su poesía popular,Revista Universidad de Antioquia,3,10,237-239,,,,,,,,,No verificado externamente,,"Monsalve Martínez, Manuel. (1936). El Tolima y su poesía popular. Revista Universidad de Antioquia."
BIB-A-0124,Artículo,"Ortiz, Sergio Elías",1936,Notas sobre los indios Coaiqueres,América Española,,5,88-96,,,,,,,,,No verificado externamente,,"Ortiz, Sergio Elías. (1936). Notas sobre los indios Coaiqueres. América Española."
BIB-A-0125,Artículo,"Santesson, C.G. and Wassen, Henry",1936,Sorne observations on South American arrow poisons and narcotics,Etnologiska Studier,,3,330-358,,,,,,,,,No verificado externamente,,"Santesson, C.G. and Wassen, Henry. (1936). Sorne observations on South American arrow poisons and narcotics. Etnologiska Studier."
BIB-A-0126,Artículo,"Valencia, Reinaldo",1936,La música popular del Chocó,Revista de las Indias,1,4,45-56,,,,,,,,,No verificado externamente,,"Valencia, Reinaldo. (1936). La música popular del Chocó. Revista de las Indias."
BIB-A-0127,Artículo,"Walder Waldegg, Herman Von",1936,Notes on the Indians of the Casanare and San Martín of the Llanos (Colombia),Primitive Man,9,3,38-45,,,,,,,,,No verificado externamente,,"Walder Waldegg, Herman Von. (1936). Notes on the Indians of the Casanare and San Martín of the Llanos (Colombia). Primitive Man."
BIB-A-0128,Artículo,Anónimo,1937,Procesos seguidos actualmente en la elaboración de la chicha,Revista de Higiene,18,2020-03-04 00:00:00,53-,,,,,,,,,No verificado externamente,,Anónimo. (1937). Procesos seguidos actualmente en la elaboración de la chicha. Revista de Higiene.
BIB-A-0129,Artículo,"Calella, Plácido de",1937,Los indios Sionas del Putumayo.,Boletín de Estudios Históricos,7,78 - 80,177-183,,,,,,,,,No verificado externamente,,"Calella, Plácido de. (1937). Los indios Sionas del Putumayo.. Boletín de Estudios Históricos."
BIB-A-0130,Artículo,Didobetel,1937,Tradiciones y mitologías Katías,Almas,,,,,,,,,,,,No verificado externamente,,Didobetel. (1937). Tradiciones y mitologías Katías. Almas.
BIB-A-0131,Artículo,"Gómez, A. R.",1937,Costumbres de indios: Recuerdos del Putumayo,Boletín de Estudios Históricos,,7,183-204,,,,,,,,,No verificado externamente,,"Gómez, A. R.. (1937). Costumbres de indios: Recuerdos del Putumayo. Boletín de Estudios Históricos."
BIB-A-0132,Artículo,"Gómez, Ricardo",1937,Recuerdos del Putumayo,Boletín de Estudios Históricos,7,78-80,183-204,,,,,,,,,No verificado externamente,,"Gómez, Ricardo. (1937). Recuerdos del Putumayo. Boletín de Estudios Históricos."
BIB-A-0133,Artículo,"Ortiz, Sergio Elías",1937,Notas sobre los indios Koaikeres,Idearium,1,1,24-33,,,,,,,,,No verificado externamente,,"Ortiz, Sergio Elías. (1937). Notas sobre los indios Koaikeres. Idearium."
BIB-A-0134,Artículo,"Rocha Castilla, Cesareo",1937,El San Juan en el Tolima,Idearium,1,8,367-374,,,,,,,,,No verificado externamente,,"Rocha Castilla, Cesareo. (1937). El San Juan en el Tolima. Idearium."
BIB-A-0135,Artículo,"Rocha Castilla, Cesáreo",1937,El San Juan en el Tolima,Idearium,1,8,367-374,,,,,,,,,No verificado externamente,,"Rocha Castilla, Cesáreo. (1937). El San Juan en el Tolima. Idearium."
BIB-A-0136,Artículo,"Wassen, Henry",1937,some cuna indian animal stories with original texts,Etnologiska Studier,,4,12-34,,,,,,,,,No verificado externamente,,"Wassen, Henry. (1937). some cuna indian animal stories with original texts. Etnologiska Studier."
BIB-A-0137,Artículo,Anónimo,1938,Decreto para establecer riñas de gallos,Boletín de la Academia de Historia del Valle,5,49 - 53,167-171,,,,,,,,,No verificado externamente,,Anónimo. (1938). Decreto para establecer riñas de gallos. Boletín de la Academia de Historia del Valle.
BIB-A-0138,Artículo,"Arcos, Doctor",1938,"Historias, tradiciones y leyendas de Cartagena",Revista Universidad de Antioquia,,27-28,463-,,,,,,,,,No verificado externamente,,"Arcos, Doctor. (1938). Historias, tradiciones y leyendas de Cartagena. Revista Universidad de Antioquia."
BIB-A-0139,Artículo,"Arcos, Doctor",1938,"Historias, Tradiciones y leyendas de Cartagena",Revista Universidad de Antioquia,,27 - 28,463-,,,,,,,,,No verificado externamente,,"Arcos, Doctor. (1938). Historias, Tradiciones y leyendas de Cartagena. Revista Universidad de Antioquia."
BIB-A-0140,Artículo,"Arévalo, Jorge E.",1938,La Ñapanga y su papel social,Idearium,1,10,479-481,,,,,,,,,No verificado externamente,,"Arévalo, Jorge E.. (1938). La Ñapanga y su papel social. Idearium."
BIB-A-0141,Artículo,"Bonilla, Jorge",1938,Del folclor colombiano,El Siglo,,20,8-,,,,,,,,,No verificado externamente,,"Bonilla, Jorge. (1938). Del folclor colombiano. El Siglo."
BIB-A-0142,Artículo,"David y Villota, F.",1938,Costumbres indígenas: Ritos fúnebres de los indios,Idearium,1,10,475-478,,,,,,,,,No verificado externamente,,"David y Villota, F.. (1938). Costumbres indígenas: Ritos fúnebres de los indios. Idearium."
BIB-A-0143,Artículo,"Igualada, Bartolomé de",1938,Descubrimientos de nuevas tribus indígenas: Tres emocionan tes exploraciones misionales en el río Cahuinarí,Boletín de Estudios Históricos,7,83,297-346,,,,,,,,,No verificado externamente,,"Igualada, Bartolomé de. (1938). Descubrimientos de nuevas tribus indígenas: Tres emocionan tes exploraciones misionales en el río Cahuinarí. Boletín de Estudios Históricos."
BIB-A-0144,Artículo,"Igualada, Francisco de",1938,Música colombiana indígena de la Amazonia colombiana,Boletín latinoamericano de música,,4,675-708,,,,,,,,,No verificado externamente,,"Igualada, Francisco de. (1938). Música colombiana indígena de la Amazonia colombiana. Boletín latinoamericano de música."
BIB-A-0145,Artículo,"Murillo, Emilio",1938,Autografía de la música folclórica. Motivos de música tomados de una banda típica de Santander,Pan,,24,42-,,,,,,,,,No verificado externamente,,"Murillo, Emilio. (1938). Autografía de la música folclórica. Motivos de música tomados de una banda típica de Santander. Pan."
BIB-A-0146,Artículo,"Ortíz, Sergio Elías",1938,"Antroponimia, toponimia y dialectología indígenas del suroeste de Colombia",Idearium,,11 - 12,539-599,,,,,,,,,No verificado externamente,,"Ortíz, Sergio Elías. (1938). Antroponimia, toponimia y dialectología indígenas del suroeste de Colombia. Idearium."
BIB-A-0147,Artículo,"Ortíz, Sergio Elías",1938,"Antroponimia, toponimia y dialectología indígenas del suroeste de Colombia",Idearium,,14,88-98,,,,,,,,,No verificado externamente,,"Ortíz, Sergio Elías. (1938). Antroponimia, toponimia y dialectología indígenas del suroeste de Colombia. Idearium."
BIB-A-0148,Artículo,"Ortíz, Sergio Elías",1938,"Antroponimia, toponimia y dialectología indígenas del suroeste de Colombia",Idearium,,15,140-150,,,,,,,,,No verificado externamente,,"Ortíz, Sergio Elías. (1938). Antroponimia, toponimia y dialectología indígenas del suroeste de Colombia. Idearium."
BIB-A-0149,Artículo,"Ortíz, Sergio Elías",1938,"Antroponimia, toponimia y dialectología indígenas del suroeste de Colombia",Idearium,,16,195-216,,,,,,,,,No verificado externamente,,"Ortíz, Sergio Elías. (1938). Antroponimia, toponimia y dialectología indígenas del suroeste de Colombia. Idearium."
BIB-A-0150,Artículo,"Santesson, C. G.",1938,Kurze notiz über den Pakurú-Baum in Columbien (SudAmerika),Archiv For Botanik,29,2,1-3,,,,,,,,,No verificado externamente,,"Santesson, C. G.. (1938). Kurze notiz über den Pakurú-Baum in Columbien (SudAmerika). Archiv For Botanik."
BIB-A-0151,Artículo,"Wassen, Henry",1938,"Original documents from the Cuna indians of San Blás, Panamá",Ethnologiska Studier,,6,1-178,,,,,,,,,No verificado externamente,,"Wassen, Henry. (1938). Original documents from the Cuna indians of San Blás, Panamá. Ethnologiska Studier."
BIB-A-0152,Artículo,"Barrios, Luis A.",1939,El hombre del Chocó,Idearium,2,19-20,394-408,,,,,,,,,No verificado externamente,,"Barrios, Luis A.. (1939). El hombre del Chocó. Idearium."
BIB-A-0153,Artículo,"Canyes, Manuel",1939,El yagé y sus relaciones con la americanística,Actas del 2 Congreso Interamericano de Bibliografía y Bibliotecas,,2,301-317,,,,,,,,,No verificado externamente,,"Canyes, Manuel. (1939). El yagé y sus relaciones con la americanística. Actas del 2 Congreso Interamericano de Bibliografía y Bibliotecas."
BIB-A-0154,Artículo,"Ortiz, Sergio Elías",1939,Nombres indígenas de plantas y animales del Suroeste de Colombia,Anales de la Universidad de Nariño,,2,265-286,,,,,,,,,No verificado externamente,,"Ortiz, Sergio Elías. (1939). Nombres indígenas de plantas y animales del Suroeste de Colombia. Anales de la Universidad de Nariño."
BIB-A-0155,Artículo,"Rojas, Alfonso Ma.",1939,Coplas populares colombianas,El obrero católico,,11,7-,,,,,,,,,No verificado externamente,,"Rojas, Alfonso Ma.. (1939). Coplas populares colombianas. El obrero católico."
BIB-A-0156,Artículo,"Rojas, Alfonso Ma.",1939,Coplas populares colombianas,El obrero católico,,12,6-,,,,,,,,,No verificado externamente,,"Rojas, Alfonso Ma.. (1939). Coplas populares colombianas. El obrero católico."
BIB-A-0157,Artículo,"Rojas, Alfonso Ma.",1939,Coplas populares colombianas,El obrero católico,,28,6-,,,,,,,,,No verificado externamente,,"Rojas, Alfonso Ma.. (1939). Coplas populares colombianas. El obrero católico."
BIB-A-0158,Artículo,"Socarrás, José Francisco",1939,Alimentación de la clase obrera en Bogotá,Anales de Economía y Estadística,2,5,1-17,,,,,,,,,No verificado externamente,,"Socarrás, José Francisco. (1939). Alimentación de la clase obrera en Bogotá. Anales de Economía y Estadística."
BIB-A-0159,Artículo,"Wilches, Gustavo",1939,Las melcochas,Rumbos,,4,303-304,,,,,,,,,No verificado externamente,,"Wilches, Gustavo. (1939). Las melcochas. Rumbos."
BIB-A-0160,Artículo,"Arévalo Torrealba, Alberto",1940,Leyendas de la llanura,Revista nacional de cultura,2,13,183-188,,,,,,,,,No verificado externamente,,"Arévalo Torrealba, Alberto. (1940). Leyendas de la llanura. Revista nacional de cultura."
BIB-A-0161,Artículo,"Echeverry Mejía, Osear",1940,"En torno a la palabra ""cachaco""",Mercurio Peruano,,22,378-384,,,,,,,,,No verificado externamente,,"Echeverry Mejía, Osear. (1940). En torno a la palabra ""cachaco"". Mercurio Peruano."
BIB-A-0162,Artículo,"Giovanni, Félix de",1940,Los indios Guahibos,Educación,1,5,26-36,,,,,,,,,No verificado externamente,,"Giovanni, Félix de. (1940). Los indios Guahibos. Educación."
BIB-A-0163,Artículo,"Goldman, Irving",1940,Cosmological beliefs of the Cubeo Indians,Journal of American Folclor,,53,242-247,,,,,,,,,No verificado externamente,,"Goldman, Irving. (1940). Cosmological beliefs of the Cubeo Indians. Journal of American Folclor."
BIB-A-0164,Artículo,"Pérez de Barradas, José",1940,Antigüedad del uso de la coca en Colombia,"Revista de la Academia de Ciencias Exactas, Físicas y Naturales",,11,323-326,,,,,,,,,No verificado externamente,,"Pérez de Barradas, José. (1940). Antigüedad del uso de la coca en Colombia. Revista de la Academia de Ciencias Exactas, Físicas y Naturales."
BIB-A-0165,Artículo,"Robledo, Emilio",1940,De nuestro folclor,Revista Javeriana,,14,266-269,,,,,,,,,No verificado externamente,,"Robledo, Emilio. (1940). De nuestro folclor. Revista Javeriana."
BIB-A-0166,Artículo,"Socarrás, José Francisco",1940,"Alimentación de los campesinos de Moniquirá, Boyacá",Anales de Economía y Estadística,3,6,16-24,,,,,,,,,No verificado externamente,,"Socarrás, José Francisco. (1940). Alimentación de los campesinos de Moniquirá, Boyacá. Anales de Economía y Estadística."
BIB-A-0167,Artículo,"Wassen, Henry",1940,An analogy between a South american and an oceanic myth motif,Ethnologiska Studier,,10,69-79,,,,,,,,,No verificado externamente,,"Wassen, Henry. (1940). An analogy between a South american and an oceanic myth motif. Ethnologiska Studier."
BIB-A-0168,Artículo,"Calella, Plácido de",1941,Apuntes sobre los indios Siona del Putumayo,Anthropos,,35-36,737-759,,,,,,,,,No verificado externamente,,"Calella, Plácido de. (1941). Apuntes sobre los indios Siona del Putumayo. Anthropos."
BIB-A-0169,Artículo,"Castellví, Marcelino de",1941,Metodología de las encuestas folclóricas,Universidad Católica Bolivariana,,6,25-27,,,,,,,,,No verificado externamente,,"Castellví, Marcelino de. (1941). Metodología de las encuestas folclóricas. Universidad Católica Bolivariana."
BIB-A-0170,Artículo,"García, Juan Crisóstomo",1941,Folclor colombiano,Boletín de Historia y Antigüedades,,28,315-316,,,,,,,,,No verificado externamente,,"García, Juan Crisóstomo. (1941). Folclor colombiano. Boletín de Historia y Antigüedades."
BIB-A-0171,Artículo,"García, Juan Crisóstomo",1941,Folclor colombiano,Boletín de Historia y Antiguedades,,28,315-316,,,,,,,,,No verificado externamente,,"García, Juan Crisóstomo. (1941). Folclor colombiano. Boletín de Historia y Antiguedades."
BIB-A-0172,Artículo,"García, Juan Crisóstomo",1941,Folclor colombiano,Boletín de Historia y antigüedades,,9,153-161,,,,,,,,,No verificado externamente,,"García, Juan Crisóstomo. (1941). Folclor colombiano. Boletín de Historia y antigüedades."
BIB-A-0173,Artículo,"Giraldo Jaramillo, Gabriel",1941,Historia de las diversiones en Bogotá,Revista de las Indias,,11,210-233,,,,,,,,,No verificado externamente,,"Giraldo Jaramillo, Gabriel. (1941). Historia de las diversiones en Bogotá. Revista de las Indias."
BIB-A-0174,Artículo,"Lima, Emirto de",1941,La copla popular colombiana,Anuario de la Sociedad Folclórica de México,,2,243-247,,,,,,,,,No verificado externamente,,"Lima, Emirto de. (1941). La copla popular colombiana. Anuario de la Sociedad Folclórica de México."
BIB-A-0175,Artículo,"Serrano, Antonio",1941,Los recipientes para Paricá en América del Sud,Revista Geográfica Americana,,Abril,251-257,,,,,,,,,No verificado externamente,,"Serrano, Antonio. (1941). Los recipientes para Paricá en América del Sud. Revista Geográfica Americana."
BIB-A-0176,Artículo,"Aguilera, Miguel",1942,Algunos dichos bogotanos y la historia,Boletín de Historia y Antiguedades,,29,606-624,,,,,,,,,No verificado externamente,,"Aguilera, Miguel. (1942). Algunos dichos bogotanos y la historia. Boletín de Historia y Antiguedades."
BIB-A-0177,Artículo,"Castro T., Pedro",1942,Estudio de la nación motilona,Hacaritama,6,89,232-234,,,,,,,,,No verificado externamente,,"Castro T., Pedro. (1942). Estudio de la nación motilona. Hacaritama."
BIB-A-0178,Artículo,"De Garganta, Miguel",1942,Noticia sobre la coca en el occidente colombiano,Revista de Historia,,2,215-232,,,,,,,,,No verificado externamente,,"De Garganta, Miguel. (1942). Noticia sobre la coca en el occidente colombiano. Revista de Historia."
BIB-A-0179,Artículo,"Franco, Horacio",1942,Sinópsis de Antioquia. La ruana en la vida de Antioquia,Revista Universidad de Antioquia,,55,183-196,,,,,,,,,No verificado externamente,,"Franco, Horacio. (1942). Sinópsis de Antioquia. La ruana en la vida de Antioquia. Revista Universidad de Antioquia."
BIB-A-0180,Artículo,"Galindo, Julio Roberto",1942,Leyendas indígenas de Ramiriquí,Repertorio Boyacense,,126,731-739,,,,,,,,,No verificado externamente,,"Galindo, Julio Roberto. (1942). Leyendas indígenas de Ramiriquí. Repertorio Boyacense."
BIB-A-0181,Artículo,"León Rey, José Antonio",1942,A través del Huila,Revista Javeriana,18,87,74-78,,,,,,,,,No verificado externamente,,"León Rey, José Antonio. (1942). A través del Huila. Revista Javeriana."
BIB-A-0182,Artículo,"Mosquera Wallis, Enrique",1942,Barniz de Pasto,Revista de Historia,1,2,232-236,,,,,,,,,No verificado externamente,,"Mosquera Wallis, Enrique. (1942). Barniz de Pasto. Revista de Historia."
BIB-A-0183,Artículo,"Paez, Justiniano",1942,Algo más sobre la nación Motilona,Hacaritama,,86,89-98,,,,,,,,,No verificado externamente,,"Paez, Justiniano. (1942). Algo más sobre la nación Motilona. Hacaritama."
BIB-A-0184,Artículo,"Robledo, Emilio",1942,Anuario del refranero antioqueño,Anuario de la Academia Colombiana,,9,439-455,,,,,,,,,No verificado externamente,,"Robledo, Emilio. (1942). Anuario del refranero antioqueño. Anuario de la Academia Colombiana."
BIB-A-0185,Artículo,"Uribe Piedrahíta, César",1942,Esquema para un estudio de la patología indígena en Colombia,América Indígena,,2,67-74,,,,,,,,,No verificado externamente,,"Uribe Piedrahíta, César. (1942). Esquema para un estudio de la patología indígena en Colombia. América Indígena."
BIB-A-0186,Artículo,"Walder Waldegg, Herman Von",1942,Indians of the Upper Orinoco,Proceedings of the 8th American Scientific Congress,,2,189-197,,,,,,,,,No verificado externamente,,"Walder Waldegg, Herman Von. (1942). Indians of the Upper Orinoco. Proceedings of the 8th American Scientific Congress."
BIB-A-0187,Artículo,"Arias, Juan de Dios",1943,Romances y dichos santandereanos,Revista Javeriana,,20,116-156,,,,,,,,,No verificado externamente,,"Arias, Juan de Dios. (1943). Romances y dichos santandereanos. Revista Javeriana."
BIB-A-0188,Artículo,"Carvajal, Luis Gonzalo",1943,Folclore santandereano,El Siglo,,6,3-,,,,,,,,,No verificado externamente,,"Carvajal, Luis Gonzalo. (1943). Folclore santandereano. El Siglo."
BIB-A-0189,Artículo,"Carvajal, Luis Gonzalo",1943,El velorio,El Siglo,,2,1-,,,,,,,,,No verificado externamente,,"Carvajal, Luis Gonzalo. (1943). El velorio. El Siglo."
BIB-A-0190,Artículo,"Carvajal, Luis Gonzalo",1943,Noches Navideñas,El Siglo,,18,3-,,,,,,,,,No verificado externamente,,"Carvajal, Luis Gonzalo. (1943). Noches Navideñas. El Siglo."
BIB-A-0191,Artículo,"Carvajal, Luis Gonzalo",1943,Noches navideñas,EL SIGLO,,,,,,,,,,,,No verificado externamente,,"Carvajal, Luis Gonzalo. (1943). Noches navideñas. EL SIGLO."
BIB-A-0192,Artículo,"Figueira, Gastón",1943,Los mitos de la Amazonía,Revista Universidad de Antioquia,,56,399-404,,,,,,,,,No verificado externamente,,"Figueira, Gastón. (1943). Los mitos de la Amazonía. Revista Universidad de Antioquia."
BIB-A-0193,Artículo,"León Rey, José Antonio",1943,Noche Buena en Oriente,El Siglo,,,,,,,,,,,,No verificado externamente,,"León Rey, José Antonio. (1943). Noche Buena en Oriente. El Siglo."
BIB-A-0194,Artículo,"Barcelona, Javier",1944,"Huma, el Tesmóforo Huitoto.",Amazonia Colombiana Americanista,2,2020-04-08 00:00:00,41-42,,,,,,,,,No verificado externamente,,"Barcelona, Javier. (1944). Huma, el Tesmóforo Huitoto.. Amazonia Colombiana Americanista."
BIB-A-0195,Artículo,"Barcelona, Javier de",1944,Cuento Huitoto Juasigüere,Amazonía Colombiana Americanista,2,4 - 8,43-47,,,,,,,,,No verificado externamente,,"Barcelona, Javier de. (1944). Cuento Huitoto Juasigüere. Amazonía Colombiana Americanista."
BIB-A-0196,Artículo,"Batet, Lucas de",1944,Cuento de la víspera de San Juan,Amazonía Colombiana Americanista,2,2020-04-08 00:00:00,81-,,,,,,,,,No verificado externamente,,"Batet, Lucas de. (1944). Cuento de la víspera de San Juan. Amazonía Colombiana Americanista."
BIB-A-0197,Artículo,"Batet, Lucas de",1944,La tradición del Gran Puma,Amazonía Colombiana Americanista,2,2020-04-08 00:00:00,64-,,,,,,,,,No verificado externamente,,"Batet, Lucas de. (1944). La tradición del Gran Puma. Amazonía Colombiana Americanista."
BIB-A-0198,Artículo,"Batet, Lucas de",1944,Cuento de la víspera del San Juan,Amazonía Colombiana Americanista,2,4 - 8,81-,,,,,,,,,No verificado externamente,,"Batet, Lucas de. (1944). Cuento de la víspera del San Juan. Amazonía Colombiana Americanista."
BIB-A-0199,Artículo,"Batet, Lucas de",1944,Texto de las coplas,Amazonía Colombiana Americanista,2,4 - 8,133-136,,,,,,,,,No verificado externamente,,"Batet, Lucas de. (1944). Texto de las coplas. Amazonía Colombiana Americanista."
BIB-A-0200,Artículo,"Calderón, Daniel",1944,"Yagé, planta misteriosa y sugestiva",Colombia,1,2020-06-07 00:00:00,,,,,,,,,,No verificado externamente,,"Calderón, Daniel. (1944). Yagé, planta misteriosa y sugestiva. Colombia."
BIB-A-0201,Artículo,"Calella, Plácido de",1944,Datos mitológicos de los Huitoto de La Chorrera.,Amazonía Colombiana Americanista,2,4 - 8,33-37,,,,,,,,,No verificado externamente,,"Calella, Plácido de. (1944). Datos mitológicos de los Huitoto de La Chorrera.. Amazonía Colombiana Americanista."
BIB-A-0202,Artículo,"Calella, Plácido de",1944,Breves notas mitológicas de los Huitoto de Santa Clara,Amazonía Colombiana Americanista,2,4 - 8,38-40,,,,,,,,,No verificado externamente,,"Calella, Plácido de. (1944). Breves notas mitológicas de los Huitoto de Santa Clara. Amazonía Colombiana Americanista."
BIB-A-0203,Artículo,"Carvajal, Luis Gonzalo",1944,La fiesta de San Benito en Girón,El Siglo,,8,3-,,,,,,,,,No verificado externamente,,"Carvajal, Luis Gonzalo. (1944). La fiesta de San Benito en Girón. El Siglo."
BIB-A-0204,Artículo,"Castellví, Marcelino",1944,Materiales etnobotánicos sobre el tabaco y la coca: Sus nuevas áreas,Amazonía Colombiana Americanista,2,2020-04-08 00:00:00,161-164,,,,,,,,,No verificado externamente,,"Castellví, Marcelino. (1944). Materiales etnobotánicos sobre el tabaco y la coca: Sus nuevas áreas. Amazonía Colombiana Americanista."
BIB-A-0205,Artículo,"Castellví, Marcelino de",1944,Algunos datos sobre la bibliografía y folcloristas colombianos,Amazonía Colombiana Americanista,2,2020-04-08 00:00:00,21-23,,,,,,,,,No verificado externamente,,"Castellví, Marcelino de. (1944). Algunos datos sobre la bibliografía y folcloristas colombianos. Amazonía Colombiana Americanista."
BIB-A-0206,Artículo,"Castellví, Marcelino de",1944,Organización de la investigación folclórica nacional,Amazonía Colombiana Americanista,2,2020-04-08 00:00:00,24-32,,,,,,,,,No verificado externamente,,"Castellví, Marcelino de. (1944). Organización de la investigación folclórica nacional. Amazonía Colombiana Americanista."
BIB-A-0207,Artículo,"Castellví, Marcelino de",1944,Análisis provisional de la leyenda Encanaña,Amazonía Colombiana Americanista,2,4 - 8,,,,,,,,,,No verificado externamente,,"Castellví, Marcelino de. (1944). Análisis provisional de la leyenda Encanaña. Amazonía Colombiana Americanista."
BIB-A-0208,Artículo,"Costa Rica, Gabriel San José de",1944,Los indios Kaimito (Huitoto): Datos mito-relacionados con el tabaco; algunas épocas de la vida entre dichos indios,Amazonía Colombiana Americanista,2,4 - 8,56-58,,,,,,,,,No verificado externamente,,"Costa Rica, Gabriel San José de. (1944). Los indios Kaimito (Huitoto): Datos mito-relacionados con el tabaco; algunas épocas de la vida entre dichos indios. Amazonía Colombiana Americanista."
BIB-A-0209,Artículo,"Costa Rica, Gabriel San José de",1944,"La casa del Yagé y otros datos de un viaje a los Sionas de Orito, afluente del Putumayo",El Heraldo Gráfico,,267,100-102,,,,,,,,,No verificado externamente,,"Costa Rica, Gabriel San José de. (1944). La casa del Yagé y otros datos de un viaje a los Sionas de Orito, afluente del Putumayo. El Heraldo Gráfico."
BIB-A-0210,Artículo,"Costa Rica, Gabriel San José de",1944,Los indios Kaimito (Witoto): Datos mito-relacionados con el tabaco; algunas épocas de la vida entre dichos indios,Amazonía Colombiana Americanista,2,48,56-58,,,,,,,,,No verificado externamente,,"Costa Rica, Gabriel San José de. (1944). Los indios Kaimito (Witoto): Datos mito-relacionados con el tabaco; algunas épocas de la vida entre dichos indios. Amazonía Colombiana Americanista."
BIB-A-0211,Artículo,"DomÍnguez Muñoz, M. A.",1944,"Negritos y reyes, bambucos y chirimías en Popayán",Viajes,,82,23-25,,,,,,,,,No verificado externamente,,"DomÍnguez Muñoz, M. A.. (1944). Negritos y reyes, bambucos y chirimías en Popayán. Viajes."
BIB-A-0212,Artículo,"DomÍnguez Muñoz, M.A.",1944,Negritos y reyes; bambucos y chirimías en Popayán,Viajes,,82,23-25,,,,,,,,,No verificado externamente,,"DomÍnguez Muñoz, M.A.. (1944). Negritos y reyes; bambucos y chirimías en Popayán. Viajes."
BIB-A-0213,Artículo,"Enríquez Córdoba, Gerardo",1944,Materiales para sicodemología nariñense: Supersticiones acerca de la calavera de un angelito,Amazonía Colombiana Americanista,2,4 - 8,87-93,,,,,,,,,No verificado externamente,,"Enríquez Córdoba, Gerardo. (1944). Materiales para sicodemología nariñense: Supersticiones acerca de la calavera de un angelito. Amazonía Colombiana Americanista."
BIB-A-0214,Artículo,"Enriquez Córdoba, Gerardo y Castellví, Marcelino de",1944,Contribución a la bibliografía etnoornitológica colombiana,Amazonía Colombiana Americanista,2,48,137-140,,,,,,,,,No verificado externamente,,"Enriquez Córdoba, Gerardo y Castellví, Marcelino de. (1944). Contribución a la bibliografía etnoornitológica colombiana. Amazonía Colombiana Americanista."
BIB-A-0215,Artículo,"Enríquez Córdoba, Gerardo; Delgado, Jorge y Castellví, Marcelino",1944,Supersticiones de la mitad meridional de Colombia,Amazonía Colombiana Americanista,2,4 - 8,94-116,,,,,,,,,No verificado externamente,,"Enríquez Córdoba, Gerardo; Delgado, Jorge y Castellví, Marcelino. (1944). Supersticiones de la mitad meridional de Colombia. Amazonía Colombiana Americanista."
BIB-A-0216,Artículo,"Genaro, Hermano",1944,Tradiciones de los terremotos en Santiago,Amazonía Colombiana Americanista,2,2020-04-08 00:00:00,82-83,,,,,,,,,No verificado externamente,,"Genaro, Hermano. (1944). Tradiciones de los terremotos en Santiago. Amazonía Colombiana Americanista."
BIB-A-0217,Artículo,"Igualada, Bartolomé de",1944,"Brujerías y épocas de la vida Huitoto, especialmente de la tribu Jairuya",Amazonía Colombiana Americanista,2,48,51-56,,,,,,,,,No verificado externamente,,"Igualada, Bartolomé de. (1944). Brujerías y épocas de la vida Huitoto, especialmente de la tribu Jairuya. Amazonía Colombiana Americanista."
BIB-A-0218,Artículo,"Knowlton, E.",1944,The Arhuaco Indians twenty years after,American Anthropologist,,46,263-266,,,,,,,,,No verificado externamente,,"Knowlton, E.. (1944). The Arhuaco Indians twenty years after. American Anthropologist."
BIB-A-0219,Artículo,"Manresa, Fructuoso de",1944,Cuento lngano del venado Turukapa parlo,Amazonía Colombiana Americanista,2,4 - 8,65-66,,,,,,,,,No verificado externamente,,"Manresa, Fructuoso de. (1944). Cuento lngano del venado Turukapa parlo. Amazonía Colombiana Americanista."
BIB-A-0220,Artículo,"Márquez, Esaú",1944,La brujeada (cuento folclórico). Muestra típica de la credulidad y exageraciones populares respecto al maleficio de los bebedizos,Amazonía Colombiana Americanista,2,4 - 8,85-86,,,,,,,,,No verificado externamente,,"Márquez, Esaú. (1944). La brujeada (cuento folclórico). Muestra típica de la credulidad y exageraciones populares respecto al maleficio de los bebedizos. Amazonía Colombiana Americanista."
BIB-A-0221,Artículo,"Márquez, Esaú",1944,La brujeada (Cuento folclórico). Muestra típica de la credulidad y exageraciones populares respecto al maleficio de los hechizos,Amazonía Colombiana Americanista,2,4 - 8,85-86,,,,,,,,,No verificado externamente,,"Márquez, Esaú. (1944). La brujeada (Cuento folclórico). Muestra típica de la credulidad y exageraciones populares respecto al maleficio de los hechizos. Amazonía Colombiana Americanista."
BIB-A-0222,Artículo,"Metraux, Alfred",1944,Le shamanisme chez les indiens de l ́Amerique du Sud Tropicale,Acta Americana,2 / 2,3 / 4,197 / 320-219 / 341,,,,,,,,,No verificado externamente,,"Metraux, Alfred. (1944). Le shamanisme chez les indiens de l ́Amerique du Sud Tropicale. Acta Americana."
BIB-A-0223,Artículo,"Ortiz, Sergio Elías",1944,"The modern Quillacinga, Pasto and Coaiquer",Handbook of South American Indians,,2,961-968,,,,,,,,,No verificado externamente,,"Ortiz, Sergio Elías. (1944). The modern Quillacinga, Pasto and Coaiquer. Handbook of South American Indians."
BIB-A-0224,Artículo,"Peña, Luis David",1944,La danza en Colombia,Revista de las Indias,,64,375-381,,,,,,,,,No verificado externamente,,"Peña, Luis David. (1944). La danza en Colombia. Revista de las Indias."
BIB-A-0225,Artículo,"Pupiales, Mateo de",1944,Las subtribus Huitoto de Tarapacá y Piñuña Negra en la mitología y en las épocas de la vida,Amazonía Colombiana Americanista,2,4 - 8,59-63,,,,,,,,,No verificado externamente,,"Pupiales, Mateo de. (1944). Las subtribus Huitoto de Tarapacá y Piñuña Negra en la mitología y en las épocas de la vida. Amazonía Colombiana Americanista."
BIB-A-0226,Artículo,"Pupiales, Mateo de",1944,Las subtribus huitoto de Tarapacá y Piñuña Negra en la mitología y en las épocas de la vida,Amazonía Colombiana Americanista,2,4-8,59-63,,,,,,,,,No verificado externamente,,"Pupiales, Mateo de. (1944). Las subtribus huitoto de Tarapacá y Piñuña Negra en la mitología y en las épocas de la vida. Amazonía Colombiana Americanista."
BIB-A-0227,Artículo,"Quito, Jacinto de",1944,Dos mitos de la tribu Jidua (Familia lingüística Huitoto),Amazonía Colombiana Americanista,2,4 - 8,48-50,,,,,,,,,No verificado externamente,,"Quito, Jacinto de. (1944). Dos mitos de la tribu Jidua (Familia lingüística Huitoto). Amazonía Colombiana Americanista."
BIB-A-0228,Artículo,"Reichel-Dolmatoff, Gerardo",1944,La cultura material de los indios Guahibos,Revista del Instituto Etnológico Nacional,1,2,437-506,,,,,,,,,No verificado externamente,,"Reichel-Dolmatoff, Gerardo. (1944). La cultura material de los indios Guahibos. Revista del Instituto Etnológico Nacional."
BIB-A-0229,Artículo,"Restrepo Olano, Pedro",1944,"Del folclor antioqueño: De la verdadera Historia del ""cachuchero""",Revista Universidad de Antioquia,,63,327-332,,,,,,,,,No verificado externamente,,"Restrepo Olano, Pedro. (1944). Del folclor antioqueño: De la verdadera Historia del ""cachuchero"". Revista Universidad de Antioquia."
BIB-A-0230,Artículo,"Socarrás, José Francisco",1944,Alimentación en Bolívar,Colombia,1,5,203-221,,,,,,,,,No verificado externamente,,"Socarrás, José Francisco. (1944). Alimentación en Bolívar. Colombia."
BIB-A-0231,Artículo,"Vilanesa, José de",1944,"Etnología de los Bintukuas, Sierra Nevada de Santa Marta",Colombia,1,12,66-76,,,,,,,,,No verificado externamente,,"Vilanesa, José de. (1944). Etnología de los Bintukuas, Sierra Nevada de Santa Marta. Colombia."
BIB-A-0232,Artículo,"Acuña, Luis Alberto",1945,El refrán en Colombia,Revista de las Indias,,80,221-234,,,,,,,,,No verificado externamente,,"Acuña, Luis Alberto. (1945). El refrán en Colombia. Revista de las Indias."
BIB-A-0233,Artículo,"Ayerbe, J. M.",1945,Tradiciones indígenas de Tierradentro,Revista de la Universidad del Cauca,,5,,,,,,,,,,No verificado externamente,,"Ayerbe, J. M.. (1945). Tradiciones indígenas de Tierradentro. Revista de la Universidad del Cauca."
BIB-A-0234,Artículo,"Azael, Hermano",1945,Dialectología estudiantil del juego del trompo,Amazonía Colombiana Americanista,3,9 - 10,61-66,,,,,,,,,No verificado externamente,,"Azael, Hermano. (1945). Dialectología estudiantil del juego del trompo. Amazonía Colombiana Americanista."
BIB-A-0235,Artículo,"Benitez, Leopoldo",1945,Escenas en el descubrimiento del Amazonas,Revista de América,,7,59-64,,,,,,,,,No verificado externamente,,"Benitez, Leopoldo. (1945). Escenas en el descubrimiento del Amazonas. Revista de América."
BIB-A-0236,Artículo,"Calella, Plácido de",1945,Tabaco en las tribus Sionas,Amazonía Colombiana Americanista,3,2020-09-10 00:00:00,39-,,,,,,,,,No verificado externamente,,"Calella, Plácido de. (1945). Tabaco en las tribus Sionas. Amazonía Colombiana Americanista."
BIB-A-0237,Artículo,"Cartagena, Alberto de",1945,Datos preliminares sobre el tabaco entre las tribus Yukuna y Miraña,Amazonía Colombiana Americanista,3,9-10,39-41,,,,,,,,,No verificado externamente,,"Cartagena, Alberto de. (1945). Datos preliminares sobre el tabaco entre las tribus Yukuna y Miraña. Amazonía Colombiana Americanista."
BIB-A-0238,Artículo,"Castellví, Marcelino de",1945,El cancionero del Padre Lucas de Batet y la etnoornitología,Amazonía Colombiana Americanista,2,4 - 8,145-159,,,,,,,,,No verificado externamente,,"Castellví, Marcelino de. (1945). El cancionero del Padre Lucas de Batet y la etnoornitología. Amazonía Colombiana Americanista."
BIB-A-0239,Artículo,"Castellví, Marcelino de",1945,El cancionero del Padre Lucas de Batet y la etnoornitología,Amazonía Colombiana Americanista,3,9 - 10,5-34,,,,,,,,,No verificado externamente,,"Castellví, Marcelino de. (1945). El cancionero del Padre Lucas de Batet y la etnoornitología. Amazonía Colombiana Americanista."
BIB-A-0240,Artículo,"Castellví, Marcelino y otros (Eds.)",1945,El cancionero del Padre Lucas de Batet y la etnoornitología,Amazonía Colombiana Americanista,3,9-10,5-34,,,,,,,,,No verificado externamente,,"Castellví, Marcelino y otros (Eds.). (1945). El cancionero del Padre Lucas de Batet y la etnoornitología. Amazonía Colombiana Americanista."
BIB-A-0241,Artículo,Centro de Investigaciones Lingüísticas y Etnográficas de la Amazonía Colombiana,1945,Contribución provisional a la bibliografía etnobotánica,Amazonía Colombiana Americanista,3,9-10,48-52,,,,,,,,,No verificado externamente,,Centro de Investigaciones Lingüísticas y Etnográficas de la Amazonía Colombiana. (1945). Contribución provisional a la bibliografía etnobotánica. Amazonía Colombiana Americanista.
BIB-A-0242,Artículo,"Chavez, Milciades",1945,"Mitos, tradiciones y cuentos de los indios Chamí",Boletín de Arqueología,1,2,133-159,,,,,,,,,No verificado externamente,,"Chavez, Milciades. (1945). Mitos, tradiciones y cuentos de los indios Chamí. Boletín de Arqueología."
BIB-A-0243,Artículo,"Cornejo, Justino",1945,"Folclor, ciencia y emoción",Revista Universidad de Antioquia,,71-72,497-508,,,,,,,,,No verificado externamente,,"Cornejo, Justino. (1945). Folclor, ciencia y emoción. Revista Universidad de Antioquia."
BIB-A-0244,Artículo,"Duque Gómez, Luis",1945,Notas sobre el cocaismo en Colombia,Boletín de Arqueología,,1,445-451,,,,,,,,,No verificado externamente,,"Duque Gómez, Luis. (1945). Notas sobre el cocaismo en Colombia. Boletín de Arqueología."
BIB-A-0245,Artículo,"Efrén, Hermano",1945,Colección de cuentos folclóricos,Amazonía Colombiana Americanista,3,9 - 10,,,,,,,,,,No verificado externamente,,"Efrén, Hermano. (1945). Colección de cuentos folclóricos. Amazonía Colombiana Americanista."
BIB-A-0246,Artículo,"Flórez, Luis",1945,El habla popular en la literatura colombiana,Boletín del Instituto Caro y Cuervo,,1,318-361,,,,,,,,,No verificado externamente,,"Flórez, Luis. (1945). El habla popular en la literatura colombiana. Boletín del Instituto Caro y Cuervo."
BIB-A-0247,Artículo,"Friede, Juan",1945,Leyendas de Nuestro Señor de Sibundoy y el Santo Carlos Tamabioy,Boletín de Arqueología,,1,315-318,,,,,,,,,No verificado externamente,,"Friede, Juan. (1945). Leyendas de Nuestro Señor de Sibundoy y el Santo Carlos Tamabioy. Boletín de Arqueología."
BIB-A-0248,Artículo,"Friede, Juan",1945,Resrña etnográfica de los Macaguajes de San Joaquín sobre el Putumayo,Boletín de Arqueología,,1,553-566,,,,,,,,,No verificado externamente,,"Friede, Juan. (1945). Resrña etnográfica de los Macaguajes de San Joaquín sobre el Putumayo. Boletín de Arqueología."
BIB-A-0249,Artículo,"Galindo, Julio Roberto",1945,Furatena o las esmeraldas de Muzo,Repertorio Boyacense,33,136 - 137,1297-1299,,,,,,,,,No verificado externamente,,"Galindo, Julio Roberto. (1945). Furatena o las esmeraldas de Muzo. Repertorio Boyacense."
BIB-A-0250,Artículo,"Imelda, Sor",1945,Colección de cuentos folclóricos,Amazonía Colombiana Americanista,,3,35-58,,,,,,,,,No verificado externamente,,"Imelda, Sor. (1945). Colección de cuentos folclóricos. Amazonía Colombiana Americanista."
BIB-A-0251,Artículo,"Imelda, Sor",1945,No es gusano sino culebra y león. Cuentos de los antiguos Sibundoyes,Amazonía Colombiana Americanista,,3,37-38,,,,,,,,,No verificado externamente,,"Imelda, Sor. (1945). No es gusano sino culebra y león. Cuentos de los antiguos Sibundoyes. Amazonía Colombiana Americanista."
BIB-A-0252,Artículo,"Lehmann, Henry",1945,"Vétement et tissage des indiens de la Cordillére Centrale dans la région de Popayán, Colombie",Revue de l'Institut Français de l'Amérique Latine,,1,,,,,,,,,,No verificado externamente,,"Lehmann, Henry. (1945). Vétement et tissage des indiens de la Cordillére Centrale dans la région de Popayán, Colombie. Revue de l'Institut Français de l'Amérique Latine."
BIB-A-0253,Artículo,"López de Meza, Luis",1945,Origen del vocablo Tusa,Revista de las Indias,,81,465-466,,,,,,,,,No verificado externamente,,"López de Meza, Luis. (1945). Origen del vocablo Tusa. Revista de las Indias."
BIB-A-0254,Artículo,"López Ramírez, T.",1945,"Algunos datos sobre la menstruación, preñez, aborto y parto entre los indígenas venezolanos",Acta Venezolana,,1,34-43,,,,,,,,,No verificado externamente,,"López Ramírez, T.. (1945). Algunos datos sobre la menstruación, preñez, aborto y parto entre los indígenas venezolanos. Acta Venezolana."
BIB-A-0255,Artículo,"Monconil, Gaspar de",1945,Preparación del tabaco entre los Huitoto,Amazonía Colombiana Americanista,3,9-10,,,,,,,,,,No verificado externamente,,"Monconil, Gaspar de. (1945). Preparación del tabaco entre los Huitoto. Amazonía Colombiana Americanista."
BIB-A-0256,Artículo,"Monconil, Gaspar de",1945,Manera como preparan la coca los indios Huitoto en general,Amazonía Colombiana Americanista,3,9-10,41-43,,,,,,,,,No verificado externamente,,"Monconil, Gaspar de. (1945). Manera como preparan la coca los indios Huitoto en general. Amazonía Colombiana Americanista."
BIB-A-0257,Artículo,"Ortíz, Sergio Elías y Laurencio",1945,Cantares de Sandoná,Revista de historia,2,5 - 6,37-41,,,,,,,,,No verificado externamente,,"Ortíz, Sergio Elías y Laurencio. (1945). Cantares de Sandoná. Revista de historia."
BIB-A-0258,Artículo,"Pineda Giraldo, Roberto",1945,Los Motilones,Boletín de Arqueología,,1,349-367,,,,,,,,,No verificado externamente,,"Pineda Giraldo, Roberto. (1945). Los Motilones. Boletín de Arqueología."
BIB-A-0259,Artículo,"Pupiales, Mateo de",1945,La coca entre la tribu Huitoto de Tarapacá y Piñuña Negro,Amazonía Colombiana Americanista,3,9-10,43-44,,,,,,,,,No verificado externamente,,"Pupiales, Mateo de. (1945). La coca entre la tribu Huitoto de Tarapacá y Piñuña Negro. Amazonía Colombiana Americanista."
BIB-A-0260,Artículo,"Quevedo, Leandro Miguel",1945,Nombres indígenas de algunas plantas,Repertorio Boyacense,,134-135,1203-1206,,,,,,,,,No verificado externamente,,"Quevedo, Leandro Miguel. (1945). Nombres indígenas de algunas plantas. Repertorio Boyacense."
BIB-A-0261,Artículo,"Reichel-Dolmatoff, Gerardo",1945,Los indios Motilones. Etnografía y lingüística,Revista del Instituto Etnológico Nacional,2,1,15-115,,,,,,,,,No verificado externamente,,"Reichel-Dolmatoff, Gerardo. (1945). Los indios Motilones. Etnografía y lingüística. Revista del Instituto Etnológico Nacional."
BIB-A-0262,Artículo,"Reichel-Dolmatoff, Gerardo",1945,La manufactura de cerámica entre los Chamí,Boletín de Arqueología,1,5,425-430,,,,,,,,,No verificado externamente,,"Reichel-Dolmatoff, Gerardo. (1945). La manufactura de cerámica entre los Chamí. Boletín de Arqueología."
BIB-A-0263,Artículo,"Reichel-Dolmatoff, Gerardo",1945,Mitos y cuentos de los indios Chimila,Boletín de Arqueología,1,1,3-29,,,,,,,,,No verificado externamente,,"Reichel-Dolmatoff, Gerardo. (1945). Mitos y cuentos de los indios Chimila. Boletín de Arqueología."
BIB-A-0264,Artículo,"Rozo, José Ma.",1945,La fiesta del diablo entre los Puinave,Boletín de Arqueología,,1,241-247,,,,,,,,,No verificado externamente,,"Rozo, José Ma.. (1945). La fiesta del diablo entre los Puinave. Boletín de Arqueología."
BIB-A-0265,Artículo,"Rozo, José María",1945,La fiesta del Diablo entre los Puinave,Boletín de Arqueología,,1,241-247,,,,,,,,,No verificado externamente,,"Rozo, José María. (1945). La fiesta del Diablo entre los Puinave. Boletín de Arqueología."
BIB-A-0266,Artículo,"Samper, Darío",1945,Semana Santa en el pueblo,Revista de América,,4,145-147,,,,,,,,,No verificado externamente,,"Samper, Darío. (1945). Semana Santa en el pueblo. Revista de América."
BIB-A-0267,Artículo,"Tobón, Julio",1945,Introducción a un estudio sobre colombianismos,Revista Universidad de Antioquia,,69,97-102,,,,,,,,,No verificado externamente,,"Tobón, Julio. (1945). Introducción a un estudio sobre colombianismos. Revista Universidad de Antioquia."
BIB-A-0268,Artículo,"Torre, Lola",1945,Canciones de cuna,Revista de Historia,,71,309-312,,,,,,,,,No verificado externamente,,"Torre, Lola. (1945). Canciones de cuna. Revista de Historia."
BIB-A-0269,Artículo,"Tulcán, Idelfonso de",1945,Datos sobre el uso de la coca entre las tribus Huitoto del Pereyra y algunos indios caucanos,Amazonía Colombiana Americanista,3,9-10,45-47,,,,,,,,,No verificado externamente,,"Tulcán, Idelfonso de. (1945). Datos sobre el uso de la coca entre las tribus Huitoto del Pereyra y algunos indios caucanos. Amazonía Colombiana Americanista."
BIB-A-0270,Artículo,"Castrillón Arboleda, Diego",1946,El arte popular anónimo,Revista de América,,14,285-289,,,,,,,,,No verificado externamente,,"Castrillón Arboleda, Diego. (1946). El arte popular anónimo. Revista de América."
BIB-A-0271,Artículo,"Chavez, Milciades",1946,"Mitos, leyendas y cuentos de la Guajira",Boletín de Arqueología,2,4,305-331,,,,,,,,,No verificado externamente,,"Chavez, Milciades. (1946). Mitos, leyendas y cuentos de la Guajira. Boletín de Arqueología."
BIB-A-0272,Artículo,"Galindo, Julio Roberto",1946,Yo quiero una santa. Poesía folclórica,Revista de las Indias,30,94,127-129,,,,,,,,,No verificado externamente,,"Galindo, Julio Roberto. (1946). Yo quiero una santa. Poesía folclórica. Revista de las Indias."
BIB-A-0273,Artículo,"Henriquez, Demetrio",1946,Tradiciones y leyendas al pie del Páramo,Repertorio Boyacense,,138 - 139,1386-1388,,,,,,,,,No verificado externamente,,"Henriquez, Demetrio. (1946). Tradiciones y leyendas al pie del Páramo. Repertorio Boyacense."
BIB-A-0274,Artículo,"Hernández de Alba, Gregorio",1946,The Highland tribes of Southern Colombia,Handbook of South American Indians,,2,915-960,,,,,,,,,No verificado externamente,,"Hernández de Alba, Gregorio. (1946). The Highland tribes of Southern Colombia. Handbook of South American Indians."
BIB-A-0275,Artículo,"Juan Crisóstomo y Arias, Juan de Dios",1946,"Del folclor Santandereano: La manca rita, interpretación del mito",Estudio,15,174 - 176,106-111,,,,,,,,,No verificado externamente,,"Juan Crisóstomo y Arias, Juan de Dios. (1946). Del folclor Santandereano: La manca rita, interpretación del mito. Estudio."
BIB-A-0276,Artículo,"Lehman, Henri",1946,Los indios de la región de Popayán. Grupo Guambiano-Koko-nuko,Acta Venezolana,,2,129-140,,,,,,,,,No verificado externamente,,"Lehman, Henri. (1946). Los indios de la región de Popayán. Grupo Guambiano-Koko-nuko. Acta Venezolana."
BIB-A-0277,Artículo,"Lehman, Henri",1946,The Moguex Coconuco,Handbook of South American Indians,,2,969-974,,,,,,,,,No verificado externamente,,"Lehman, Henri. (1946). The Moguex Coconuco. Handbook of South American Indians."
BIB-A-0278,Artículo,"León Rey, José Antonio",1946,El San Juan en Oriente,Revista de las Indias,,92 - 93,349-359,,,,,,,,,No verificado externamente,,"León Rey, José Antonio. (1946). El San Juan en Oriente. Revista de las Indias."
BIB-A-0279,Artículo,"Lira Espejo, Eduardo",1946,Crónica del cantar colombiano,Revista de las Indias,,92 - 93,299-312,,,,,,,,,No verificado externamente,,"Lira Espejo, Eduardo. (1946). Crónica del cantar colombiano. Revista de las Indias."
BIB-A-0280,Artículo,"Márquez Arbeláez, Hernando",1946,Introducción al estudio del folclor colombiano,Revista de las Indias,,92-93,321-333,,,,,,,,,No verificado externamente,,"Márquez Arbeláez, Hernando. (1946). Introducción al estudio del folclor colombiano. Revista de las Indias."
BIB-A-0281,Artículo,"Ortíz, Sergio Elías y Laurencio",1946,Otros cantares de Sandoná,Revista de historia,2,9 - 11,244-248,,,,,,,,,No verificado externamente,,"Ortíz, Sergio Elías y Laurencio. (1946). Otros cantares de Sandoná. Revista de historia."
BIB-A-0282,Artículo,"Ortíz, Sergio Elías y Laurencio",1946,Cantares de Ricaurte,Revista de historia,2,7 - 8,167-168,,,,,,,,,No verificado externamente,,"Ortíz, Sergio Elías y Laurencio. (1946). Cantares de Ricaurte. Revista de historia."
BIB-A-0283,Artículo,"Ortíz, Sergio Elías y Laurencio",1946,Cantares de Túquerres,Revista de historia,3,12 - 14,36-40,,,,,,,,,No verificado externamente,,"Ortíz, Sergio Elías y Laurencio. (1946). Cantares de Túquerres. Revista de historia."
BIB-A-0284,Artículo,"Pabón Núñez, Lucio",1946,Del folclor nortesantandereano: Los procedimientos de la adivinación,Revista de las Indias,,92 - 93,313-320,,,,,,,,,No verificado externamente,,"Pabón Núñez, Lucio. (1946). Del folclor nortesantandereano: Los procedimientos de la adivinación. Revista de las Indias."
BIB-A-0285,Artículo,"Park, Willard",1946,"Tribes of the Sierra Nevada de Santa Marta, Colombia",Handbook of South American Indians,,2,865-886,,,,,,,,,No verificado externamente,,"Park, Willard. (1946). Tribes of the Sierra Nevada de Santa Marta, Colombia. Handbook of South American Indians."
BIB-A-0286,Artículo,"Quiñones Pardo, Octavio",1946,Defensa del patrimonio folclórico de Colombia,Revista de las Indias,,94,87-104,,,,,,,,,No verificado externamente,,"Quiñones Pardo, Octavio. (1946). Defensa del patrimonio folclórico de Colombia. Revista de las Indias."
BIB-A-0287,Artículo,"Quiñones Pardo, Octavio",1946,Espejo de Nochebuena colombiana,Revista de América,,13,33-42,,,,,,,,,No verificado externamente,,"Quiñones Pardo, Octavio. (1946). Espejo de Nochebuena colombiana. Revista de América."
BIB-A-0288,Artículo,"Quiñones Pardo, Octavio",1946,En el centenario del folclor. El cancionero colombiano,Revista de América,,22,104-107,,,,,,,,,No verificado externamente,,"Quiñones Pardo, Octavio. (1946). En el centenario del folclor. El cancionero colombiano. Revista de América."
BIB-A-0289,Artículo,"Reichel-Dolmatoff, Gerardo",1946,Etnografía Chimila,Boletín de Arqueología,2,2,95-155,,,,,,,,,No verificado externamente,,"Reichel-Dolmatoff, Gerardo. (1946). Etnografía Chimila. Boletín de Arqueología."
BIB-A-0290,Artículo,"Serrano Garzón, Miguel",1946,Un hallazgo indigenista: las canciones de los indios Kofanes,Revista de América,,16,255-263,,,,,,,,,No verificado externamente,,"Serrano Garzón, Miguel. (1946). Un hallazgo indigenista: las canciones de los indios Kofanes. Revista de América."
BIB-A-0291,Artículo,"Turrado Moreno, Ángel",1946,La manta de los indios Guajiros,Venezuela Misionera,,86,84-85,,,,,,,,,No verificado externamente,,"Turrado Moreno, Ángel. (1946). La manta de los indios Guajiros. Venezuela Misionera."
BIB-A-0292,Artículo,"Vellard, J. A.",1946,La investigación folclórica en América y en Colombia,Revista de Las Indias,,92-93,343-347,,,,,,,,,No verificado externamente,,"Vellard, J. A.. (1946). La investigación folclórica en América y en Colombia. Revista de Las Indias."
BIB-A-0293,Artículo,"Acuña, Luis Alberto",1947,La influencia del folklore en la pintura,Revista de Folklore,1,1,29-34,,,,,,,,,No verificado externamente,,"Acuña, Luis Alberto. (1947). La influencia del folklore en la pintura. Revista de Folklore."
BIB-A-0294,Artículo,"Amaya Valencia, E. y Flórez, Luis",1947,Transporte y elaboración de la sal en Zipaquirá. Estudio lingüístico,Boletín del Instituto Caro y Cuervo,,3,171-227,,,,,,,,,No verificado externamente,,"Amaya Valencia, E. y Flórez, Luis. (1947). Transporte y elaboración de la sal en Zipaquirá. Estudio lingüístico. Boletín del Instituto Caro y Cuervo."
BIB-A-0295,Artículo,"Amaya Valencia, Eduardo",1947,Problemas de paremiología,Revista de Folclor,1,2,107-111,,,,,,,,,No verificado externamente,,"Amaya Valencia, Eduardo. (1947). Problemas de paremiología. Revista de Folclor."
BIB-A-0296,Artículo,"Angulo Valdés, Carlos",1947,Las leyendas de la Costa,Revista de Folclor,1,3,259-163,,,,,,,,,No verificado externamente,,"Angulo Valdés, Carlos. (1947). Las leyendas de la Costa. Revista de Folclor."
BIB-A-0297,Artículo,Anónimo,1947,Folklore,Semana,,58,,,,,,,,,,No verificado externamente,,Anónimo. (1947). Folklore. Semana.
BIB-A-0298,Artículo,Anónimo,1947,Quién es quién en el folklore colombiano,Revista de Folklore,1,1,93-94,,,,,,,,,No verificado externamente,,Anónimo. (1947). Quién es quién en el folklore colombiano. Revista de Folklore.
BIB-A-0299,Artículo,Anónimo,1947,Quién es quién en el folklore colombiano,Revista de Folklore,1,3,279-281,,,,,,,,,No verificado externamente,,Anónimo. (1947). Quién es quién en el folklore colombiano. Revista de Folklore.
BIB-A-0300,Artículo,"Arias, Juan de Dios",1947,Del folclor santandereano: Supersticiones populares,Revista de las Indias,,95,255-260,,,,,,,,,No verificado externamente,,"Arias, Juan de Dios. (1947). Del folclor santandereano: Supersticiones populares. Revista de las Indias."
BIB-A-0301,Artículo,"Arnaya Valencia, Eduardo y Flórez, Luis",1947,Transporte y elaboración de la sal en Zipaquirá. Estudio lingüístico,Boletín del Instituto Caro y Cuervo,,3,171-227,,,,,,,,,No verificado externamente,,"Arnaya Valencia, Eduardo y Flórez, Luis. (1947). Transporte y elaboración de la sal en Zipaquirá. Estudio lingüístico. Boletín del Instituto Caro y Cuervo."
BIB-A-0302,Artículo,"Castrillón Arboleda, Diego",1947,La verdad es lo popular,Revista de Folklore,,1,79-87,,,,,,,,,No verificado externamente,,"Castrillón Arboleda, Diego. (1947). La verdad es lo popular. Revista de Folklore."
BIB-A-0303,Artículo,"Castrillón, Diego",1947,La verdad es lo popular,Revista de Folclor,1,1,78-87,,,,,,,,,No verificado externamente,,"Castrillón, Diego. (1947). La verdad es lo popular. Revista de Folclor."
BIB-A-0304,Artículo,"Chavez, Milciades",1947,Mitología Kággaba,Boletín de Arqueología,2,5 - 6,423-520,,,,,,,,,No verificado externamente,,"Chavez, Milciades. (1947). Mitología Kággaba. Boletín de Arqueología."
BIB-A-0305,Artículo,"Duque Gómez, Luis",1947,La Comisión Nacional de Folklore,Revista de Folklore,1,1,95-96,,,,,,,,,No verificado externamente,,"Duque Gómez, Luis. (1947). La Comisión Nacional de Folklore. Revista de Folklore."
BIB-A-0306,Artículo,"Estudio, I Viajes Material D E",1947,Palmas oleaginosas de la costa colombiana del pacifico,Nueva Revista Colombiana de Folclor (Bogota),,,,,,,,,,,,No verificado externamente,,"Estudio, I Viajes Material D E. (1947). Palmas oleaginosas de la costa colombiana del pacifico. Nueva Revista Colombiana de Folclor (Bogota)."
BIB-A-0307,Artículo,"Exbrayat, Jaime",1947,Del folclor sinuano y bolivarense,Revista de Folclor,1,1,49-60,,,,,,,,,No verificado externamente,,"Exbrayat, Jaime. (1947). Del folclor sinuano y bolivarense. Revista de Folclor."
BIB-A-0308,Artículo,"Flórez, Luis",1947,Folklore y lenguaje,Revista de Folklore,1,1,5-9,,,,,,,,,No verificado externamente,,"Flórez, Luis. (1947). Folklore y lenguaje. Revista de Folklore."
BIB-A-0309,Artículo,"Flórez, Luis",1947,Folclor y lenguaje,Revista de Folclor,,1,79-,,,,,,,,,No verificado externamente,,"Flórez, Luis. (1947). Folclor y lenguaje. Revista de Folclor."
BIB-A-0310,Artículo,"Fornaguera, Miguel",1947,El folklore y el renacimiento cultural y nacional,Revista de Folklore,1,1,89-92,,,,,,,,,No verificado externamente,,"Fornaguera, Miguel. (1947). El folklore y el renacimiento cultural y nacional. Revista de Folklore."
BIB-A-0311,Artículo,"Hernández, Juan C.",1947,Introducción al folclor boyacense,Revista de América,,25,118-25,,,,,,,,,No verificado externamente,,"Hernández, Juan C.. (1947). Introducción al folclor boyacense. Revista de América."
BIB-A-0312,Artículo,"Hernández, Juan C.",1947,El peñón de los muertos,Revista de las Indias,,95,261-271,,,,,,,,,No verificado externamente,,"Hernández, Juan C.. (1947). El peñón de los muertos. Revista de las Indias."
BIB-A-0313,Artículo,"Holder, P.",1947,The Motilones,Journal of the Washington Academy of Sciences,,37,,,,,,,,,,No verificado externamente,,"Holder, P.. (1947). The Motilones. Journal of the Washington Academy of Sciences."
BIB-A-0314,Artículo,"Lima, Emirto de",1947,Las riñas de gallos en la Costa Atlántica colombiana,Revista de las Indias,1,2,137-145,,,,,,,,,No verificado externamente,,"Lima, Emirto de. (1947). Las riñas de gallos en la Costa Atlántica colombiana. Revista de las Indias."
BIB-A-0315,Artículo,"Muñoz Obando, G.",1947,Con el duende,Revista de Folclor,1,2,159-162,,,,,,,,,No verificado externamente,,"Muñoz Obando, G.. (1947). Con el duende. Revista de Folclor."
BIB-A-0316,Artículo,"Ortíz, Sergio Elías",1947,Cantares de la ciudad de Pasto,Revista de Historia,4,23 - 25,241-247,,,,,,,,,No verificado externamente,,"Ortíz, Sergio Elías. (1947). Cantares de la ciudad de Pasto. Revista de Historia."
BIB-A-0317,Artículo,"Otero D'Costa, Enrique",1947,El patio de las Brujas ... y algunos duendes. Orígenes de un cuento popular,Revista de las Indias,,95,229-253,,,,,,,,,No verificado externamente,,"Otero D'Costa, Enrique. (1947). El patio de las Brujas ... y algunos duendes. Orígenes de un cuento popular. Revista de las Indias."
BIB-A-0318,Artículo,"Pabón Nuñez, Lucio",1947,Folclor nortesantandereano,Revista de Folclor,1,2,127-135,,,,,,,,,No verificado externamente,,"Pabón Nuñez, Lucio. (1947). Folclor nortesantandereano. Revista de Folclor."
BIB-A-0319,Artículo,"Paez, Justiniano",1947,Algo más sobre la nación Motilona,Hacaritama,,83,485-506,,,,,,,,,No verificado externamente,,"Paez, Justiniano. (1947). Algo más sobre la nación Motilona. Hacaritama."
BIB-A-0320,Artículo,"Pardo, Aristóbulo",1947,Folklore y cultura colombianos,Revista de Folklore,1,1,21-28,,,,,,,,,No verificado externamente,,"Pardo, Aristóbulo. (1947). Folklore y cultura colombianos. Revista de Folklore."
BIB-A-0321,Artículo,"Pardo, Aristóbulo",1947,La leyenda de Juan Díaz o el Mohán del Tequendama,Revista de Folclor,,2,97-106,,,,,,,,,No verificado externamente,,"Pardo, Aristóbulo. (1947). La leyenda de Juan Díaz o el Mohán del Tequendama. Revista de Folclor."
BIB-A-0322,Artículo,"Patifro, Manuel",1947,Palmas oleaginosas de la costa colombiana del pacifico,Nueva Revista Colombiana de Folclor (Bogota),,,,,,,,,,,,No verificado externamente,,"Patifro, Manuel. (1947). Palmas oleaginosas de la costa colombiana del pacifico. Nueva Revista Colombiana de Folclor (Bogota)."
BIB-A-0323,Artículo,"Perez Arbeláez, Enrique",1947,Folklore del Departamento del Magdalena,Revista de Folklore,,1 / 2,43 / 163-47/ 165,,,,,,,,,No verificado externamente,,"Perez Arbeláez, Enrique. (1947). Folklore del Departamento del Magdalena. Revista de Folklore."
BIB-A-0324,Artículo,"Pérez Arbeláez, Enrique",1947,Folclor del Departamento del Magdalena: La expresión religiosa,Revista de Folclor,1,1,43-47,,,,,,,,,No verificado externamente,,"Pérez Arbeláez, Enrique. (1947). Folclor del Departamento del Magdalena: La expresión religiosa. Revista de Folclor."
BIB-A-0325,Artículo,"Pérez Arbeláez, Enrique",1947,"Folclor del Departamento del Magdalena. Galga de la piedad, la superstición",Revista de Folclor,1,2,163-165,,,,,,,,,No verificado externamente,,"Pérez Arbeláez, Enrique. (1947). Folclor del Departamento del Magdalena. Galga de la piedad, la superstición. Revista de Folclor."
BIB-A-0326,Artículo,"Pérez Ramírez, Elías",1947,Del folklore ocañero,Revista de Folklore,1,1,61-77,,,,,,,,,No verificado externamente,,"Pérez Ramírez, Elías. (1947). Del folklore ocañero. Revista de Folklore."
BIB-A-0327,Artículo,"Pineda Giraldo, Roberto",1947,Folklore y etnología,Revista de Folklore,1,1,11-19,,,,,,,,,No verificado externamente,,"Pineda Giraldo, Roberto. (1947). Folklore y etnología. Revista de Folklore."
BIB-A-0328,Artículo,"Pineda, Roberto",1947,Aspectos de la magia en la Guajira,Revista del Instituto Etnológico Nacional,3,1,,,,,,,,,,No verificado externamente,,"Pineda, Roberto. (1947). Aspectos de la magia en la Guajira. Revista del Instituto Etnológico Nacional."
BIB-A-0329,Artículo,"Pineda, Roberto",1947,"La Chama, un mito Guajiro",Revista de Folclor,1,2,113-126,,,,,,,,,No verificado externamente,,"Pineda, Roberto. (1947). La Chama, un mito Guajiro. Revista de Folclor."
BIB-A-0330,Artículo,"Quiñones Pardo, Octavio",1947,Diez coplas y un proyecto de ley,Revista de Folklore,1,1,35-47,,,,,,,,,No verificado externamente,,"Quiñones Pardo, Octavio. (1947). Diez coplas y un proyecto de ley. Revista de Folklore."
BIB-A-0331,Artículo,"Quiñones Pardo, Octavio",1947,Botiquín folklórico de Boyacá,Revista de Folklore,1,2,147-151,,,,,,,,,No verificado externamente,,"Quiñones Pardo, Octavio. (1947). Botiquín folklórico de Boyacá. Revista de Folklore."
BIB-A-0332,Artículo,"Ramóny Rivera, Luis Felipe",1947,Consideracíones sobre un instrumento y música de los indios Guajiros,Acta Venezolana,,2,104-115,,,,,,,,,No verificado externamente,,"Ramóny Rivera, Luis Felipe. (1947). Consideracíones sobre un instrumento y música de los indios Guajiros. Acta Venezolana."
BIB-A-0333,Artículo,"Victor, Por",1947,Palmas oleaginosas de la costa colombiana del pacifico,Nueva Revista Colombiana de Folclor (Bogota),,,,,,,,,,,,No verificado externamente,,"Victor, Por. (1947). Palmas oleaginosas de la costa colombiana del pacifico. Nueva Revista Colombiana de Folclor (Bogota)."
BIB-A-0334,Artículo,"Angulo Valdés, Carlos",1948,Las leyendas de la costa,Revista de Folklore,1,3,259-262,,,,,,,,,No verificado externamente,,"Angulo Valdés, Carlos. (1948). Las leyendas de la costa. Revista de Folklore."
BIB-A-0335,Artículo,"Armstrong, John y Metraux, Alfred",1948,The Guajiro,Handbook of South American Indians,,4,368-383,,,,,,,,,No verificado externamente,,"Armstrong, John y Metraux, Alfred. (1948). The Guajiro. Handbook of South American Indians."
BIB-A-0336,Artículo,"Carreña, Francisco",1948,El joropo venezolano en la actualidad,Acta Venezolana,3,14,104-111,,,,,,,,,No verificado externamente,,"Carreña, Francisco. (1948). El joropo venezolano en la actualidad. Acta Venezolana."
BIB-A-0337,Artículo,"Flórez, Luis",1948,"Alimentación en Coyaima, Tolima",Revista de Folklore,1,3,173-229,,,,,,,,,No verificado externamente,,"Flórez, Luis. (1948). Alimentación en Coyaima, Tolima. Revista de Folklore."
BIB-A-0338,Artículo,"Fornaguera, Miguel",1948,Aguafuertes y hojas de diario,Revista de Folclor,1,3,249-253,,,,,,,,,No verificado externamente,,"Fornaguera, Miguel. (1948). Aguafuertes y hojas de diario. Revista de Folclor."
BIB-A-0339,Artículo,Friede Juan,1948,Los indios Andakí y el folclor del Alto Magdalena,Revista de las Indias,,106,46-58,,,,,,,,,No verificado externamente,,Friede Juan. (1948). Los indios Andakí y el folclor del Alto Magdalena. Revista de las Indias.
BIB-A-0340,Artículo,"Friede, Juan",1948,Los indios Andakí y el folclor del Alto Magdalena,Revista de Las Indias,,106,43-58,,,,,,,,,No verificado externamente,,"Friede, Juan. (1948). Los indios Andakí y el folclor del Alto Magdalena. Revista de Las Indias."
BIB-A-0341,Artículo,"Friede, Juan",1948,Algunos apuntes sobre los Karixona-Hauque del Caquetá,Acte du 38 Congress Internatíonal des Américanistes,,,,,,,,,,,,No verificado externamente,,"Friede, Juan. (1948). Algunos apuntes sobre los Karixona-Hauque del Caquetá. Acte du 38 Congress Internatíonal des Américanistes."
BIB-A-0342,Artículo,"Friede, Juan",1948,Evolución del folclor del Alto Magdalena desde los tiempos de la Conquista,Revista de las Indias,9,36,16-,,,,,,,,,No verificado externamente,,"Friede, Juan. (1948). Evolución del folclor del Alto Magdalena desde los tiempos de la Conquista. Revista de las Indias."
BIB-A-0343,Artículo,"García, Julio César",1948,Contribución al refranero colombiano,Revista de las Indias,1,3,231-247,,,,,,,,,No verificado externamente,,"García, Julio César. (1948). Contribución al refranero colombiano. Revista de las Indias."
BIB-A-0344,Artículo,"García, Julio César",1948,Contribución al refranero colombiano,Revista de Folclor,1,3,231-247,,,,,,,,,No verificado externamente,,"García, Julio César. (1948). Contribución al refranero colombiano. Revista de Folclor."
BIB-A-0345,Artículo,"Giese, Wilhelm",1948,Volkskunde der Spanisch und portugiesisch sprechenden Volker Amerikas,Boletín del Instituto Caro y Cuervo,4,3,516-537,,,,,,,,,No verificado externamente,,"Giese, Wilhelm. (1948). Volkskunde der Spanisch und portugiesisch sprechenden Volker Amerikas. Boletín del Instituto Caro y Cuervo."
BIB-A-0346,Artículo,"Goldman, Irving",1948,Tribes of the Uaupés-Caquetá region,Handbook of South American Indians,,3,763-798,,,,,,,,,No verificado externamente,,"Goldman, Irving. (1948). Tribes of the Uaupés-Caquetá region. Handbook of South American Indians."
BIB-A-0347,Artículo,"Gutiérrez de Pineda, Virginia",1948,Organización social en la Guajira,Revista del Instituto Etnológico Nacional,3,2,,,,,,,,,,No verificado externamente,,"Gutiérrez de Pineda, Virginia. (1948). Organización social en la Guajira. Revista del Instituto Etnológico Nacional."
BIB-A-0348,Artículo,"Kirchoff, Paul",1948,The Guahibo and Chiricoa,Handbook of South American Indians,,4,446-455,,,,,,,,,No verificado externamente,,"Kirchoff, Paul. (1948). The Guahibo and Chiricoa. Handbook of South American Indians."
BIB-A-0349,Artículo,"Londoño, Julio",1948,Música folclórica,Revista de las Indias,,103,133-142,,,,,,,,,No verificado externamente,,"Londoño, Julio. (1948). Música folclórica. Revista de las Indias."
BIB-A-0350,Artículo,"Metraux, Alfred",1948,Ritos de tránsito de los indios latinoamericanos,Anales del Instituto de Etnología Americana de la Universidad Nacional de Cuyo,,6,117-128,,,,,,,,,No verificado externamente,,"Metraux, Alfred. (1948). Ritos de tránsito de los indios latinoamericanos. Anales del Instituto de Etnología Americana de la Universidad Nacional de Cuyo."
BIB-A-0351,Artículo,"Metraux, Alfred",1948,Ritos de tránsito de los indios sudamericanos,Anales del Instituto de Etnología Americana de la Universidad Nacional de Cuyo,,6,117-128,,,,,,,,,No verificado externamente,,"Metraux, Alfred. (1948). Ritos de tránsito de los indios sudamericanos. Anales del Instituto de Etnología Americana de la Universidad Nacional de Cuyo."
BIB-A-0352,Artículo,"Montoya, Wenceslao",1948,Colombianismos,Revista Universidad de Antioquia,,84,569-578,,,,,,,,,No verificado externamente,,"Montoya, Wenceslao. (1948). Colombianismos. Revista Universidad de Antioquia."
BIB-A-0353,Artículo,"Montoya, Wenceslao",1948,Colombianismos,Revista Universidad de Antioquia,,85,115-135,,,,,,,,,No verificado externamente,,"Montoya, Wenceslao. (1948). Colombianismos. Revista Universidad de Antioquia."
BIB-A-0354,Artículo,"Montoya, Wenceslao",1948,Colombianismos,Revista Universidad de Antioquia,,86,287-298,,,,,,,,,No verificado externamente,,"Montoya, Wenceslao. (1948). Colombianismos. Revista Universidad de Antioquia."
BIB-A-0355,Artículo,"Navarro, Sofia. Ospina de",1948,La casa antioquena.,"Progreso. Volumen Nos. 01-16, Oct. 1948-Oct. 1951",,,,,,,,,,,,No verificado externamente,,"Navarro, Sofia. Ospina de. (1948). La casa antioquena.. Progreso. Volumen Nos. 01-16, Oct. 1948-Oct. 1951."
BIB-A-0356,Artículo,"Nimuendaju, Curt",1948,The Tucuna,Handbook of South American Indians,,3,713-725,,,,,,,,,No verificado externamente,,"Nimuendaju, Curt. (1948). The Tucuna. Handbook of South American Indians."
BIB-A-0357,Artículo,"Quiñones Pardo, Octavio",1948,El himno folclórico de Boyacá,Revista de América,,34,74-70,,,,,,,,,No verificado externamente,,"Quiñones Pardo, Octavio. (1948). El himno folclórico de Boyacá. Revista de América."
BIB-A-0358,Artículo,"Quiñones Pardo, Octavio",1948,El porro,Revista de América,,37,82-86,,,,,,,,,No verificado externamente,,"Quiñones Pardo, Octavio. (1948). El porro. Revista de América."
BIB-A-0359,Artículo,"ReichelDolmatoff, Gerardo",1948,La marimba atanquera,Revista de Folclor,1,3,255-258,,,,,,,,,No verificado externamente,,"ReichelDolmatoff, Gerardo. (1948). La marimba atanquera. Revista de Folclor."
BIB-A-0360,Artículo,"Restrepo, Álvaro",1948,Apuntes sobre folclor médico antioqueño,Revista Universidad de Antioquia,,88,613-624,,,,,,,,,No verificado externamente,,"Restrepo, Álvaro. (1948). Apuntes sobre folclor médico antioqueño. Revista Universidad de Antioquia."
BIB-A-0361,Artículo,"Steward, Julian",1948,Western Tucanoan tribes,Handbook of South American Indians,,3,737-748,,,,,,,,,No verificado externamente,,"Steward, Julian. (1948). Western Tucanoan tribes. Handbook of South American Indians."
BIB-A-0362,Artículo,"Steward, Julian",1948,The Wititoan tribes,Handbook of South American Indians,,3,749-762,,,,,,,,,No verificado externamente,,"Steward, Julian. (1948). The Wititoan tribes. Handbook of South American Indians."
BIB-A-0363,Artículo,"Stout, David",1948,The Chocó,Handbook of South American Indians,,4,269-276,,,,,,,,,No verificado externamente,,"Stout, David. (1948). The Chocó. Handbook of South American Indians."
BIB-A-0364,Artículo,"Vargas, Martín de",1948,Notas sobre los indios Cuaiqueres del sur de Colombia,Instituto Bernardino Sahagún,,6,117-125,,,,,,,,,No verificado externamente,,"Vargas, Martín de. (1948). Notas sobre los indios Cuaiqueres del sur de Colombia. Instituto Bernardino Sahagún."
BIB-A-0365,Artículo,"Velásquez, Rogelio",1948,Notas sobre el folclor chocoano,Revista de la universidad del Cauca,,12,21-29,,,,,,,,,No verificado externamente,,"Velásquez, Rogelio. (1948). Notas sobre el folclor chocoano. Revista de la universidad del Cauca."
BIB-A-0366,Artículo,"Ackerknecht, E. W.",1949,Medical practices,Handbook of South American Indians,,5,621-643,,,,,,,,,No verificado externamente,,"Ackerknecht, E. W.. (1949). Medical practices. Handbook of South American Indians."
BIB-A-0367,Artículo,"Acuña, Luis Alberto",1949,Folklore del departamento de Santander,Revista de Folklore,,5,95-143,,,,,,,,,No verificado externamente,,"Acuña, Luis Alberto. (1949). Folklore del departamento de Santander. Revista de Folklore."
BIB-A-0368,Artículo,"Acuña, Luis Alberto",1949,Cantas del Valle de Tenza,Revista de América,,52,278-284,,,,,,,,,No verificado externamente,,"Acuña, Luis Alberto. (1949). Cantas del Valle de Tenza. Revista de América."
BIB-A-0369,Artículo,"Acuña, Luis Alberto",1949,Catalogación del material paremiológico,Revista de Folclor,,4,1-11,,,,,,,,,No verificado externamente,,"Acuña, Luis Alberto. (1949). Catalogación del material paremiológico. Revista de Folclor."
BIB-A-0370,Artículo,"Acuña, Luis Alberto",1949,Vocabulario campesino (de Santander),Revista de Folclor,,5,134-143,,,,,,,,,No verificado externamente,,"Acuña, Luis Alberto. (1949). Vocabulario campesino (de Santander). Revista de Folclor."
BIB-A-0371,Artículo,"Besson, Juan",1949,Los Guajiros,Infancia y adolescencia,,2020-01-03 00:00:00,34-35,,,,,,,,,No verificado externamente,,"Besson, Juan. (1949). Los Guajiros. Infancia y adolescencia."
BIB-A-0372,Artículo,"Flórez, Luis",1949,Cuestiones del español hablado en Montería y Sincelejo,Boletín del Instituto Caro y Cuervo,,5,124-162,,,,,,,,,No verificado externamente,,"Flórez, Luis. (1949). Cuestiones del español hablado en Montería y Sincelejo. Boletín del Instituto Caro y Cuervo."
BIB-A-0373,Artículo,"Gómez Leal, Efraín",1949,Divagaciones sobre el folklore,Revista de Folklore,,5,145-151,,,,,,,,,No verificado externamente,,"Gómez Leal, Efraín. (1949). Divagaciones sobre el folklore. Revista de Folklore."
BIB-A-0374,Artículo,"Hernández, Juan C.",1949,Introducción a la poesía popular boyacense,Revista de América,,50 - 51,219-228,,,,,,,,,No verificado externamente,,"Hernández, Juan C.. (1949). Introducción a la poesía popular boyacense. Revista de América."
BIB-A-0375,Artículo,"Ortíz, Sergio Elías y Laurencio",1949,Cantares de Guaitarilla,Revista de historia,4,19 - 22,188-198,,,,,,,,,No verificado externamente,,"Ortíz, Sergio Elías y Laurencio. (1949). Cantares de Guaitarilla. Revista de historia."
BIB-A-0376,Artículo,"Panesso Robledo, Antonio",1949,Del folklore antioqueño,Revista de Folklore,,4,3-45,,,,,,,,,No verificado externamente,,"Panesso Robledo, Antonio. (1949). Del folklore antioqueño. Revista de Folklore."
BIB-A-0377,Artículo,"Patiño, Víctor Manuel",1949,Breves consideraciones sobre la alimentación humana en el litoral Pacífico: el Arapaima,Serie informativa de la Sección de Cultivos Coloniales del Departamento del Valle,2,6,,,,,,,,,,No verificado externamente,,"Patiño, Víctor Manuel. (1949). Breves consideraciones sobre la alimentación humana en el litoral Pacífico: el Arapaima. Serie informativa de la Sección de Cultivos Coloniales del Departamento del Valle."
BIB-A-0378,Artículo,"Patiño, Víctor Manuel",1949,La industria del corozo colorado en el Sinú,Revista Colombiana de Folclor,,5,131-152,,,,,,,,,No verificado externamente,,"Patiño, Víctor Manuel. (1949). La industria del corozo colorado en el Sinú. Revista Colombiana de Folclor."
BIB-A-0379,Artículo,"Patiño, Víctor Manuel",1949,Breves consideraciones sobre la alimentación humana en el li toral Pacífico: El Arapaima,Serie informativa de la Sección de Cultivos Coloniales. Departamento del Valle,2,6,,,,,,,,,,No verificado externamente,,"Patiño, Víctor Manuel. (1949). Breves consideraciones sobre la alimentación humana en el li toral Pacífico: El Arapaima. Serie informativa de la Sección de Cultivos Coloniales. Departamento del Valle."
BIB-A-0380,Artículo,"Quevedo, Leandro Miguel",1949,Una molienda en el Valle de Lengupá,Revista de Folklore,,5,81-93,,,,,,,,,No verificado externamente,,"Quevedo, Leandro Miguel. (1949). Una molienda en el Valle de Lengupá. Revista de Folklore."
BIB-A-0381,Artículo,"Quiñones Pardo, octavio",1949,El folklore en las normas educativas panamericanas para la paz,Revista de Folklore,,5,153-157,,,,,,,,,No verificado externamente,,"Quiñones Pardo, octavio. (1949). El folklore en las normas educativas panamericanas para la paz. Revista de Folklore."
BIB-A-0382,Artículo,"Reichel-Dolmatoff, Gerardo",1949,Tres cerámicas indígenas,PROA,,29,,,,,,,,,,No verificado externamente,,"Reichel-Dolmatoff, Gerardo. (1949). Tres cerámicas indígenas. PROA."
BIB-A-0383,Artículo,"Restrepo, Alfonso",1949,Notas someras sobre nuestro folclor herpetológico,Revista Universidad de Antioquia,,92,473-482,,,,,,,,,No verificado externamente,,"Restrepo, Alfonso. (1949). Notas someras sobre nuestro folclor herpetológico. Revista Universidad de Antioquia."
BIB-A-0384,Artículo,"Restrepo, Alonso",1949,Notas someras sobre nuestro folclor herpetológico,Revista Universidad de Antioquia,,92,473-482,,,,,,,,,No verificado externamente,,"Restrepo, Alonso. (1949). Notas someras sobre nuestro folclor herpetológico. Revista Universidad de Antioquia."
BIB-A-0385,Artículo,"Robledo, Emilio",1949,Orígenes castizos del habla popular de Antioquia y Caldas,Boletín del Instituto Caro y Cuervo,,5,176-191,,,,,,,,,No verificado externamente,,"Robledo, Emilio. (1949). Orígenes castizos del habla popular de Antioquia y Caldas. Boletín del Instituto Caro y Cuervo."
BIB-A-0386,Artículo,"Rueda, Soledad de",1949,Folclor de la Costa del Pacífico en Barbacoas,Revista de Historia,,4,23-25,,,,,,,,,No verificado externamente,,"Rueda, Soledad de. (1949). Folclor de la Costa del Pacífico en Barbacoas. Revista de Historia."
BIB-A-0387,Artículo,"Rueda, Soledad de",1949,Folclor de la costa del Pacífico en Barbacoas,Revista de historia,4,23 - 25,247-259,,,,,,,,,No verificado externamente,,"Rueda, Soledad de. (1949). Folclor de la costa del Pacífico en Barbacoas. Revista de historia."
BIB-A-0388,Artículo,"Sánchez Montenegro, Víctor",1949,Panorama folklórico de Nariño,Revista de Folklore,,4,47-75,,,,,,,,,No verificado externamente,,"Sánchez Montenegro, Víctor. (1949). Panorama folklórico de Nariño. Revista de Folklore."
BIB-A-0389,Artículo,"Sierra, Antonio",1949,Frases del Quijote en el lenguaje antioqueño,Revista Universidad de Antioquia,,23,117-147,,,,,,,,,No verificado externamente,,"Sierra, Antonio. (1949). Frases del Quijote en el lenguaje antioqueño. Revista Universidad de Antioquia."
BIB-A-0390,Artículo,"Zamudio, Daniel",1949,El folclor musical de Colombia,Revista de las Indias,,109,,,,,,,,,,No verificado externamente,,"Zamudio, Daniel. (1949). El folclor musical de Colombia. Revista de las Indias."
BIB-A-0391,Artículo,Anónimo,1950,Coplero nacional,Santanderes,,1,39-,,,,,,,,,No verificado externamente,,Anónimo. (1950). Coplero nacional. Santanderes.
BIB-A-0392,Artículo,"Arcila, Graciliano",1950,"Investigaciones etnológicas en Draba, San Andres de Cuer quia, Ituango Peque",Revista Universidad de Antioquia,,97-98,11-36,,,,,,,,,No verificado externamente,,"Arcila, Graciliano. (1950). Investigaciones etnológicas en Draba, San Andres de Cuer quia, Ituango Peque. Revista Universidad de Antioquia."
BIB-A-0393,Artículo,"Bañares, Jesualdo de",1950,Motilones,Ediciones Guajiro Capuchinas,,3,5-74,,,,,,,,,No verificado externamente,,"Bañares, Jesualdo de. (1950). Motilones. Ediciones Guajiro Capuchinas."
BIB-A-0394,Artículo,"Casas, Roque",1950,La copla tolimense,Boletín de Historia y Antiguedades,37,423 - 425,55-60,,,,,,,,,No verificado externamente,,"Casas, Roque. (1950). La copla tolimense. Boletín de Historia y Antiguedades."
BIB-A-0395,Artículo,"Castillejo, Roberto",1950,Ensayo sobre el desarrollo de la vivienda en los departamentos de la Costa Atlántica,Divulgaciones Etnológicas,1,1,16-62,,,,,,,,,No verificado externamente,,"Castillejo, Roberto. (1950). Ensayo sobre el desarrollo de la vivienda en los departamentos de la Costa Atlántica. Divulgaciones Etnológicas."
BIB-A-0396,Artículo,"Flórez, Luis",1950,El habla del Chocó,Boletín del Instituto Caro y Cuervo,6,1,110-116,,,,,,,,,No verificado externamente,,"Flórez, Luis. (1950). El habla del Chocó. Boletín del Instituto Caro y Cuervo."
BIB-A-0397,Artículo,"Flórez, Luis",1950,El habla del Chocó,Thesaurus,,6,110-116,,,,,,,,,No verificado externamente,,"Flórez, Luis. (1950). El habla del Chocó. Thesaurus."
BIB-A-0398,Artículo,"Gutiérrez, Benigno",1950,Los mitos montañeses,Revista Universidad de Antioquia,25,100,,,,,,,,,,No verificado externamente,,"Gutiérrez, Benigno. (1950). Los mitos montañeses. Revista Universidad de Antioquia."
BIB-A-0399,Artículo,"Holder, P.",1950,Zur Ethnologie der Motilones Indianer in der Sierra de Perijá,Atlantis,12,111,129-,,,,,,,,,No verificado externamente,,"Holder, P.. (1950). Zur Ethnologie der Motilones Indianer in der Sierra de Perijá. Atlantis."
BIB-A-0400,Artículo,"Ortíz, Sergio Elías y Laurencio",1950,Folclor: Otros cantares de Ricaurte,Revista de historia,5,26 - 27,53-57,,,,,,,,,No verificado externamente,,"Ortíz, Sergio Elías y Laurencio. (1950). Folclor: Otros cantares de Ricaurte. Revista de historia."
BIB-A-0401,Artículo,"Otero D'Costa, Enrique",1950,Mestizajes del castellano en Colombia,Boletín del Instituto Caro y Cuervo,6,1,18-80,,,,,,,,,No verificado externamente,,"Otero D'Costa, Enrique. (1950). Mestizajes del castellano en Colombia. Boletín del Instituto Caro y Cuervo."
BIB-A-0402,Artículo,"Restrepo, Alonso",1950,Apuntes sobre danzas macabras,Revista Universidad de Antioquia,,96,473-496,,,,,,,,,No verificado externamente,,"Restrepo, Alonso. (1950). Apuntes sobre danzas macabras. Revista Universidad de Antioquia."
BIB-A-0403,Artículo,"Restrepo, Alonso",1950,Apuntes sobre danzas macabras,Revista Universidad de Antioquia,473,96,496-,,,,,,,,,No verificado externamente,,"Restrepo, Alonso. (1950). Apuntes sobre danzas macabras. Revista Universidad de Antioquia."
BIB-A-0404,Artículo,"Rivas Putnam, Ignacio",1950,Del folclor tolimense,Boletín de Historia y antigüedades,,37,331-337,,,,,,,,,No verificado externamente,,"Rivas Putnam, Ignacio. (1950). Del folclor tolimense. Boletín de Historia y antigüedades."
BIB-A-0405,Artículo,"Rivet, Paul y Armelladav, Cesáreo",1950,Les indiens Motilones,Journal de la Société des Américanistes,,39,15-57,,,,,,,,,No verificado externamente,,"Rivet, Paul y Armelladav, Cesáreo. (1950). Les indiens Motilones. Journal de la Société des Américanistes."
BIB-A-0406,Artículo,"Rowe, John Howland",1950,"The Idabaez, unknown indians of the Chocó coast",Kroeber Anthropogical Society Papers,,1,34-44,,,,,,,,,No verificado externamente,,"Rowe, John Howland. (1950). The Idabaez, unknown indians of the Chocó coast. Kroeber Anthropogical Society Papers."
BIB-A-0407,Artículo,"Serrano, Manuel",1950,Un hallazgo indigenista: Las canciones de los indios Kofanes,Revista de Santander,,10,75-88,,,,,,,,,No verificado externamente,,"Serrano, Manuel. (1950). Un hallazgo indigenista: Las canciones de los indios Kofanes. Revista de Santander."
BIB-A-0408,Artículo,"Vengoechea, R.",1950,Lo popular en el Carnaval de Barranquilla,Divulgaciones Etnológicas,1,2,87-105,,,,,,,,,No verificado externamente,,"Vengoechea, R.. (1950). Lo popular en el Carnaval de Barranquilla. Divulgaciones Etnológicas."
BIB-A-0409,Artículo,"Venturello, B.",1950,El baile funerario en las tribus motilonas,Revista Geográfica Americana,33,261 - 264,,,,,,,,,,No verificado externamente,,"Venturello, B.. (1950). El baile funerario en las tribus motilonas. Revista Geográfica Americana."
BIB-A-0410,Artículo,"Wagner, Max Leopold",1950,Apuntaciones sobre el caló bogotano,Thesaurus,,6,181-213,,,,,,,,,No verificado externamente,,"Wagner, Max Leopold. (1950). Apuntaciones sobre el caló bogotano. Thesaurus."
BIB-A-0411,Artículo,"Acuña, Luis Alberto",1951,Diccionario de Bogotanismos,Revista de Folclor,3,7,5-187,,,,,,,,,No verificado externamente,,"Acuña, Luis Alberto. (1951). Diccionario de Bogotanismos. Revista de Folclor."
BIB-A-0412,Artículo,Anónimo,1951,Quién es quién en el folklore colombiano,Revista de Folklore,1,6,331-333,,,,,,,,,No verificado externamente,,Anónimo. (1951). Quién es quién en el folklore colombiano. Revista de Folklore.
BIB-A-0413,Artículo,"Arcila, Graciliano",1951,Notículas sobre folclor en el Bajo Cauca,Revista Universidad de Antioquia,,101,177-179,,,,,,,,,No verificado externamente,,"Arcila, Graciliano. (1951). Notículas sobre folclor en el Bajo Cauca. Revista Universidad de Antioquia."
BIB-A-0414,Artículo,"Arcila, Graciliano",1951,Aspectos etnológicos del Bajo Cauca,Revista Universidad de Antioquia,,102,367-380,,,,,,,,,No verificado externamente,,"Arcila, Graciliano. (1951). Aspectos etnológicos del Bajo Cauca. Revista Universidad de Antioquia."
BIB-A-0415,Artículo,"Arcila, Graciliano",1951,Informe sobre las investigaciones etnológicas en el Bajo Cauca verificadas por el Servicio Etnológico de la Universidad de Antioquia,Boletín del Instituto Marco Fidel Suárez,,2,251-272,,,,,,,,,No verificado externamente,,"Arcila, Graciliano. (1951). Informe sobre las investigaciones etnológicas en el Bajo Cauca verificadas por el Servicio Etnológico de la Universidad de Antioquia. Boletín del Instituto Marco Fidel Suárez."
BIB-A-0416,Artículo,"Arciniegas, Germán",1951,Los caballitos de Ráquira,Dominical,,149,18-33,,,,,,,,,No verificado externamente,,"Arciniegas, Germán. (1951). Los caballitos de Ráquira. Dominical."
BIB-A-0417,Artículo,"Arias, Juan de Dios",1951,Las fiestas del fique en Mogotes,El Siglo,,,,,,,,,,,,No verificado externamente,,"Arias, Juan de Dios. (1951). Las fiestas del fique en Mogotes. El Siglo."
BIB-A-0418,Artículo,"Florez, Luis",1951,"Medicina, magia y animismo en Segovia de Antioquia",Revista de Folclor,,6,185-236,,,,,,,,,No verificado externamente,,"Florez, Luis. (1951). Medicina, magia y animismo en Segovia de Antioquia. Revista de Folclor."
BIB-A-0419,Artículo,"Flórez, Luis",1951,El español hablado en Segovia y Remedios,Thesaurus,,7,18-110,,,,,,,,,No verificado externamente,,"Flórez, Luis. (1951). El español hablado en Segovia y Remedios. Thesaurus."
BIB-A-0420,Artículo,"Flórez, Luis",1951,El Atlas lingüístico-etnográfico de Colombia (ALEC): Nota informativa,Boletín del Instituto Caro y Cuervo,,16,77-125,,,,,,,,,No verificado externamente,,"Flórez, Luis. (1951). El Atlas lingüístico-etnográfico de Colombia (ALEC): Nota informativa. Boletín del Instituto Caro y Cuervo."
BIB-A-0421,Artículo,"Flórez, Luis",1951,"Medicina, magia y animismo en Segovia de Antioquia",Revista de Folklore,,6,185-286,,,,,,,,,No verificado externamente,,"Flórez, Luis. (1951). Medicina, magia y animismo en Segovia de Antioquia. Revista de Folklore."
BIB-A-0422,Artículo,"García, Abel",1951,"De toponimia, de etnología y de historia",Boletín del Instituto Marco Fidel Suárez,,1,117-118,,,,,,,,,No verificado externamente,,"García, Abel. (1951). De toponimia, de etnología y de historia. Boletín del Instituto Marco Fidel Suárez."
BIB-A-0423,Artículo,"García, Julio César",1951,Otros refranes y modismos colombianos,Revista de Folclor,,6,241-247,,,,,,,,,No verificado externamente,,"García, Julio César. (1951). Otros refranes y modismos colombianos. Revista de Folclor."
BIB-A-0424,Artículo,"Henriquez, Demetrio",1951,Tradiciones y leyendas,Repertorio Boyacense,,161 - 162,2377-2379,,,,,,,,,No verificado externamente,,"Henriquez, Demetrio. (1951). Tradiciones y leyendas. Repertorio Boyacense."
BIB-A-0425,Artículo,"Henriquez, Demetrio",1951,Tradiciones y leyendas,Repertorio Boyacense,,261 - 262,2380-2382,,,,,,,,,No verificado externamente,,"Henriquez, Demetrio. (1951). Tradiciones y leyendas. Repertorio Boyacense."
BIB-A-0426,Artículo,"Holmer, Nils",1951,Cuna Chrestomathy,Etnologiska Studier,,18,,,,,,,,,,No verificado externamente,,"Holmer, Nils. (1951). Cuna Chrestomathy. Etnologiska Studier."
BIB-A-0427,Artículo,"Holmer, Nils",1951,Cuna Chrestomathy,Ethnologiska studier,,18,,,,,,,,,,No verificado externamente,,"Holmer, Nils. (1951). Cuna Chrestomathy. Ethnologiska studier."
BIB-A-0428,Artículo,"León Rey, José Antonio",1951,El Guayabo,Boletín de la Academia Colombiana,,5,153-155,,,,,,,,,No verificado externamente,,"León Rey, José Antonio. (1951). El Guayabo. Boletín de la Academia Colombiana."
BIB-A-0429,Artículo,"Mantilla, Rito",1951,Música y músicos de los Santanderes,Santanderes,,9 - 10,23-39,,,,,,,,,No verificado externamente,,"Mantilla, Rito. (1951). Música y músicos de los Santanderes. Santanderes."
BIB-A-0430,Artículo,"Mesa Bernal, Daniel",1951,"La pucha, una medida universal en Antioquia",Agricultura Tropical,7,4,59-61,,,,,,,,,No verificado externamente,,"Mesa Bernal, Daniel. (1951). La pucha, una medida universal en Antioquia. Agricultura Tropical."
BIB-A-0431,Artículo,"Molina, Hernando",1951,El refrán y el modismo en el habla popular de la montaña antioqueña,Revista de Folclor,,6,305-329,,,,,,,,,No verificado externamente,,"Molina, Hernando. (1951). El refrán y el modismo en el habla popular de la montaña antioqueña. Revista de Folclor."
BIB-A-0432,Artículo,"Ortega Ricaurte, Daniel",1951,Folklore indígena,Revista de Folklore,,6,177-184,,,,,,,,,No verificado externamente,,"Ortega Ricaurte, Daniel. (1951). Folklore indígena. Revista de Folklore."
BIB-A-0433,Artículo,"Otálora de Corsi, Rosa",1951,Datos folclóricos sobre la muerte y el entierro entre nuestros campesino,Repertorio Boyacense,,161 - 162,2398-2406,,,,,,,,,No verificado externamente,,"Otálora de Corsi, Rosa. (1951). Datos folclóricos sobre la muerte y el entierro entre nuestros campesino. Repertorio Boyacense."
BIB-A-0434,Artículo,"Perdomo, José Ignacio",1951,Folclor musical,Hojas de cultura popular colombiana,,8,,,,,,,,,,No verificado externamente,,"Perdomo, José Ignacio. (1951). Folclor musical. Hojas de cultura popular colombiana."
BIB-A-0435,Artículo,"Perdomo, José Ignacio",1951,El villancico en Colombia,Hojas de cultura popular colombiana,,12,,,,,,,,,,No verificado externamente,,"Perdomo, José Ignacio. (1951). El villancico en Colombia. Hojas de cultura popular colombiana."
BIB-A-0436,Artículo,"Quijano Mantilla, Joaquín",1951,Semana Santa en Piedecuesta,El Dominical,,159,13-25,,,,,,,,,No verificado externamente,,"Quijano Mantilla, Joaquín. (1951). Semana Santa en Piedecuesta. El Dominical."
BIB-A-0437,Artículo,"Reichel-Dolmatoff, Gerardo",1951,Notas sobre la alfarería del Bajo Magdalena,Revista de Folklore,,6,169-176,,,,,,,,,No verificado externamente,,"Reichel-Dolmatoff, Gerardo. (1951). Notas sobre la alfarería del Bajo Magdalena. Revista de Folklore."
BIB-A-0438,Artículo,"Reichel-Dolmatoff, Gerardo",1951,Conceptos biológicos de los indios Kogis de la Sierra Nevada de Santa Marta,Anales de la Sociedad de Biología de Bogotá,,4,212-218,,,,,,,,,No verificado externamente,,"Reichel-Dolmatoff, Gerardo. (1951). Conceptos biológicos de los indios Kogis de la Sierra Nevada de Santa Marta. Anales de la Sociedad de Biología de Bogotá."
BIB-A-0439,Artículo,"Reichel-Dolmatoff, Gerardo",1951,Conceptos biológicos de los indios Kogi de la Sierra Nevada de Santa Marta,Anales de la Sociedad de Bología de Bogotá,4,6,212-218,,,,,,,,,No verificado externamente,,"Reichel-Dolmatoff, Gerardo. (1951). Conceptos biológicos de los indios Kogi de la Sierra Nevada de Santa Marta. Anales de la Sociedad de Bología de Bogotá."
BIB-A-0440,Artículo,"Rivas, Ignacio",1951,Una página del folklore tolimense,Revista de Folklore,,6,249-254,,,,,,,,,No verificado externamente,,"Rivas, Ignacio. (1951). Una página del folklore tolimense. Revista de Folklore."
BIB-A-0441,Artículo,"Samper, Darío",1951,Coplas en el Valle de Tenza,Bolívar,,3,479-487,,,,,,,,,No verificado externamente,,"Samper, Darío. (1951). Coplas en el Valle de Tenza. Bolívar."
BIB-A-0442,Artículo,"Samper, Darío",1951,Copla y guabina santandereana,Bolívar,,5,965-974,,,,,,,,,No verificado externamente,,"Samper, Darío. (1951). Copla y guabina santandereana. Bolívar."
BIB-A-0443,Artículo,"Samper, Darío",1951,Copla y guabina santandereanas,Bolívar,,5,965-974,,,,,,,,,No verificado externamente,,"Samper, Darío. (1951). Copla y guabina santandereanas. Bolívar."
BIB-A-0444,Artículo,"Tanner, Hans",1951,Etnologische Beobachtungen in der Guajira Halbinsel,Geographica Helvetica,,6,251-259,,,,,,,,,No verificado externamente,,"Tanner, Hans. (1951). Etnologische Beobachtungen in der Guajira Halbinsel. Geographica Helvetica."
BIB-A-0445,Artículo,"Vargas Tamayo, José",1951,Yo vide al moján,Revista de Folclor,,6,237-239,,,,,,,,,No verificado externamente,,"Vargas Tamayo, José. (1951). Yo vide al moján. Revista de Folclor."
BIB-A-0446,Artículo,"Yepes, Silvio",1951,Adivinanzas con plantas en la hoya del Cauca,Revista de Folklore,,6,255-287,,,,,,,,,No verificado externamente,,"Yepes, Silvio. (1951). Adivinanzas con plantas en la hoya del Cauca. Revista de Folklore."
BIB-A-0447,Artículo,"Yepez, Silvio",1951,Adivinanzas con plantas en la hoya del Cauca,Revista de Folclor,,6,255-287,,,,,,,,,No verificado externamente,,"Yepez, Silvio. (1951). Adivinanzas con plantas en la hoya del Cauca. Revista de Folclor."
BIB-A-0448,Artículo,"Abadía, Guillermo",1952,Glosas para tres danzas típicas colombianas,Arte,,1,21-25,,,,,,,,,No verificado externamente,,"Abadía, Guillermo. (1952). Glosas para tres danzas típicas colombianas. Arte."
BIB-A-0449,Artículo,Anónimo,1952,Los Coreguajes,Territorios nacionales,2,3,20-23,,,,,,,,,No verificado externamente,,Anónimo. (1952). Los Coreguajes. Territorios nacionales.
BIB-A-0450,Artículo,Anónimo,1952,Los Guahibos,Aulas,1,4,,,,,,,,,,No verificado externamente,,Anónimo. (1952). Los Guahibos. Aulas.
BIB-A-0451,Artículo,Anónimo,1952,Los huítotos,Territorios nacionales,2,4,12-13,,,,,,,,,No verificado externamente,,Anónimo. (1952). Los huítotos. Territorios nacionales.
BIB-A-0452,Artículo,"Arboleda Llorente, José Ma",1952,La Semana Santa y las procesiones de Popayán,Bolívar,,8,461-473,,,,,,,,,No verificado externamente,,"Arboleda Llorente, José Ma. (1952). La Semana Santa y las procesiones de Popayán. Bolívar."
BIB-A-0453,Artículo,"Arias, Juan de Dios",1952,Juegos infantiles,Revista Colombiana de Folclor,,1,111-127,,,,,,,,,No verificado externamente,,"Arias, Juan de Dios. (1952). Juegos infantiles. Revista Colombiana de Folclor."
BIB-A-0454,Artículo,"Bernal Villa, Segundo",1952,"Aspectos de la cultura Paez. Mitología y cuentos de la parcialidad de Calderas, Tierradentro",Revista Colombiana de Antropología,1,1,281-309,,,,,,,,,No verificado externamente,,"Bernal Villa, Segundo. (1952). Aspectos de la cultura Paez. Mitología y cuentos de la parcialidad de Calderas, Tierradentro. Revista Colombiana de Antropología."
BIB-A-0455,Artículo,"Brugés, Antonio",1952,Las danzas de Nochebuena,Hojas de cultura popular colombiana,,24,,,,,,,,,,No verificado externamente,,"Brugés, Antonio. (1952). Las danzas de Nochebuena. Hojas de cultura popular colombiana."
BIB-A-0456,Artículo,"Bustamante, José Ignacio",1952,La fiesta de los Reyes Negros en Popayán,Hojas de Cultura Popular Coombiana,,24,,,,,,,,,,No verificado externamente,,"Bustamante, José Ignacio. (1952). La fiesta de los Reyes Negros en Popayán. Hojas de Cultura Popular Coombiana."
BIB-A-0457,Artículo,"Bustamante, José Ignacio",1952,La fiesta de los Reyes Negros en Popayán,Hojas de cultura popular colombiana,,24,,,,,,,,,,No verificado externamente,,"Bustamante, José Ignacio. (1952). La fiesta de los Reyes Negros en Popayán. Hojas de cultura popular colombiana."
BIB-A-0458,Artículo,"Cadavid Uribe, Gonzalo",1952,Oyendo conversar al pueblo,Revista Universidad de Antioquia,,105,113-126,,,,,,,,,No verificado externamente,,"Cadavid Uribe, Gonzalo. (1952). Oyendo conversar al pueblo. Revista Universidad de Antioquia."
BIB-A-0459,Artículo,"Cadavid Uribe, Gonzalo",1952,Oyendo conversar al pueblo,Revista Universidad de Antioquia,,106 - 107,317-330,,,,,,,,,No verificado externamente,,"Cadavid Uribe, Gonzalo. (1952). Oyendo conversar al pueblo. Revista Universidad de Antioquia."
BIB-A-0460,Artículo,"Cadavid Uribe, Gonzalo",1952,Oyendo conversar al pueblo,Revista Universidad de Antioquia,,108,515-522,,,,,,,,,No verificado externamente,,"Cadavid Uribe, Gonzalo. (1952). Oyendo conversar al pueblo. Revista Universidad de Antioquia."
BIB-A-0461,Artículo,"Correa, Ramón",1952,Provincialismos,Repertorio Boyacense,,165 - 166,2599-2606,,,,,,,,,No verificado externamente,,"Correa, Ramón. (1952). Provincialismos. Repertorio Boyacense."
BIB-A-0462,Artículo,"Flórez, Luis",1952,El provincialismo en la literatura colombiana,Educación,,4,357-378,,,,,,,,,No verificado externamente,,"Flórez, Luis. (1952). El provincialismo en la literatura colombiana. Educación."
BIB-A-0463,Artículo,"Friede, Juan",1952,Los Kofán una tribu de la Alta Amazonía Colombiana,International Congress of Americanists,,,202-219,,,,,,,,,No verificado externamente,,"Friede, Juan. (1952). Los Kofán una tribu de la Alta Amazonía Colombiana. International Congress of Americanists."
BIB-A-0464,Artículo,"Ginés, Hermano y Matos, Felipe",1952,Apuntes etnobotánicos de Perijá,Memorias de la Sociedad de Ciencias Naturales La Salle,13,36,287-290,,,,,,,,,No verificado externamente,,"Ginés, Hermano y Matos, Felipe. (1952). Apuntes etnobotánicos de Perijá. Memorias de la Sociedad de Ciencias Naturales La Salle."
BIB-A-0465,Artículo,"Gutiérrez González, Gregorio",1952,Memoria sobre el cultivo del maíz en Antioquia,Hojas de Cultura Popular Colombiana,,14,,,,,,,,,,No verificado externamente,,"Gutiérrez González, Gregorio. (1952). Memoria sobre el cultivo del maíz en Antioquia. Hojas de Cultura Popular Colombiana."
BIB-A-0466,Artículo,"Holmer, Nils",1952,"Inatoipipiler or the adventures of three Cuna boys, according to Meninibigdinapi",Ethnologiska studier,,20,,,,,,,,,,No verificado externamente,,"Holmer, Nils. (1952). Inatoipipiler or the adventures of three Cuna boys, according to Meninibigdinapi. Ethnologiska studier."
BIB-A-0467,Artículo,"López Narváez, Carlos",1952,La copla en el Cauca,Revista Colombiana de Folclor,,1,213-219,,,,,,,,,No verificado externamente,,"López Narváez, Carlos. (1952). La copla en el Cauca. Revista Colombiana de Folclor."
BIB-A-0468,Artículo,"Malaret, Augusto",1952,Correciones al Diccionario de Americanismos y al lexicón de fauna y flora,Universidad Pontificia Bolivariana,,63-64,312-352,,,,,,,,,No verificado externamente,,"Malaret, Augusto. (1952). Correciones al Diccionario de Americanismos y al lexicón de fauna y flora. Universidad Pontificia Bolivariana."
BIB-A-0469,Artículo,"Malaret, Augusto",1952,Correciones al Diccionario de Americanismos y al lexicón de fauna y flora,Universidad Pontificia Bolivariana,,65,470-527,,,,,,,,,No verificado externamente,,"Malaret, Augusto. (1952). Correciones al Diccionario de Americanismos y al lexicón de fauna y flora. Universidad Pontificia Bolivariana."
BIB-A-0470,Artículo,"Malaret, Augusto",1952,Correcciones al Diccionario de Americanismos y al Lexicón de Fauna y Flora,Universidad Pontificia Bolivariana,,63 - 64,312-352,,,,,,,,,No verificado externamente,,"Malaret, Augusto. (1952). Correcciones al Diccionario de Americanismos y al Lexicón de Fauna y Flora. Universidad Pontificia Bolivariana."
BIB-A-0471,Artículo,"Malaret, Augusto",1952,Correcciones al Diccionario de Americanismos y al Lexicón de Fauna y Flora,Universidad Pontificia Bolivariana,,65,470-527,,,,,,,,,No verificado externamente,,"Malaret, Augusto. (1952). Correcciones al Diccionario de Americanismos y al Lexicón de Fauna y Flora. Universidad Pontificia Bolivariana."
BIB-A-0472,Artículo,"Nimuendaju, Curt",1952,The Tukana,American Archaeology and Ethnology,,45,,,,,,,,,,No verificado externamente,,"Nimuendaju, Curt. (1952). The Tukana. American Archaeology and Ethnology."
BIB-A-0473,Artículo,"Perez Arbeláez, Enrique",1952,La Cuna del Porro. Insinuación folclórica del Departamento del Magdalena,Revista Colombiana de Folclor,,1,18-101,,,,,,,,,No verificado externamente,,"Perez Arbeláez, Enrique. (1952). La Cuna del Porro. Insinuación folclórica del Departamento del Magdalena. Revista Colombiana de Folclor."
BIB-A-0474,Artículo,"Sánchez Arévalo, Francisco",1952,Notas sobre el lenguaje de Río de Oro,Boletín del Instituto Caro y Cuervo,6,2,214-252,,,,,,,,,No verificado externamente,,"Sánchez Arévalo, Francisco. (1952). Notas sobre el lenguaje de Río de Oro. Boletín del Instituto Caro y Cuervo."
BIB-A-0475,Artículo,"Santa, Eduardo",1952,La Provincia perdida,Hojas de Cultura Popular Colombiana,,13,,,,,,,,,,No verificado externamente,,"Santa, Eduardo. (1952). La Provincia perdida. Hojas de Cultura Popular Colombiana."
BIB-A-0476,Artículo,"Santa, Eduardo",1952,Una Semana Santa en la aldea,Hojas de cultura popular colombiana.,,14,,,,,,,,,,No verificado externamente,,"Santa, Eduardo. (1952). Una Semana Santa en la aldea. Hojas de cultura popular colombiana.."
BIB-A-0477,Artículo,"Schön, Miguel y Jam, Pedro",1952,Los indios de Perijá,Memorias de la Sociedad de Ciencias Naturales,12,33,249-348,,,,,,,,,No verificado externamente,,"Schön, Miguel y Jam, Pedro. (1952). Los indios de Perijá. Memorias de la Sociedad de Ciencias Naturales."
BIB-A-0478,Artículo,"Sekerj, T.",1952,Pintura facial de la mujer Guajira,Archivos Venezolanos de Folclor,,1,157-158,,,,,,,,,No verificado externamente,,"Sekerj, T.. (1952). Pintura facial de la mujer Guajira. Archivos Venezolanos de Folclor."
BIB-A-0479,Artículo,"Vilanesa, José de",1952,Indios Arhuacos de la Sierra Nevada de Santa Marta,Revista del Instituto Etnológico Nacional,5,1,,,,,,,,,,No verificado externamente,,"Vilanesa, José de. (1952). Indios Arhuacos de la Sierra Nevada de Santa Marta. Revista del Instituto Etnológico Nacional."
BIB-A-0480,Artículo,"Wassen, Henry",1952,New Cuna myths,Ethnologiska Studier,,20,85-106,,,,,,,,,No verificado externamente,,"Wassen, Henry. (1952). New Cuna myths. Ethnologiska Studier."
BIB-A-0481,Artículo,"Aguilera, Miguel",1953,Demonología colombiana,Bolívar,,16,69-95,,,,,,,,,No verificado externamente,,"Aguilera, Miguel. (1953). Demonología colombiana. Bolívar."
BIB-A-0482,Artículo,"Aguilera, Miguel",1953,Demonología americana,Bolívar,,21,25-57,,,,,,,,,No verificado externamente,,"Aguilera, Miguel. (1953). Demonología americana. Bolívar."
BIB-A-0483,Artículo,Anónimo,1953,Cantas del Valle de Tenza,Hojas de Cultura Popular Colombiana,,25,,,,,,,,,,No verificado externamente,,Anónimo. (1953). Cantas del Valle de Tenza. Hojas de Cultura Popular Colombiana.
BIB-A-0484,Artículo,"Aranjuez , Lorenzo de",1953,El velorio entre los Guajiros,Venezuela Misionera,15,173,171-174,,,,,,,,,No verificado externamente,,"Aranjuez , Lorenzo de. (1953). El velorio entre los Guajiros. Venezuela Misionera."
BIB-A-0485,Artículo,"Arias, Juan de Dios",1953,El romance en la tradición santandereana,Bolívar,,16,137-165,,,,,,,,,No verificado externamente,,"Arias, Juan de Dios. (1953). El romance en la tradición santandereana. Bolívar."
BIB-A-0486,Artículo,"Bejarano, Jorge",1953,Nuevos conceptos sobre el cocaismo en Colombia,América Indígena,13,1,15-46,,,,,,,,,No verificado externamente,,"Bejarano, Jorge. (1953). Nuevos conceptos sobre el cocaismo en Colombia. América Indígena."
BIB-A-0487,Artículo,"Bernal Villa, Segundo",1953,"La fiesta de San Juan en Calderas, Tierradentro",Revista Colombiana de Folclor,,2,177-221,,,,,,,,,No verificado externamente,,"Bernal Villa, Segundo. (1953). La fiesta de San Juan en Calderas, Tierradentro. Revista Colombiana de Folclor."
BIB-A-0488,Artículo,"Bernal Villa, Segundo",1953,"Aspectos de la cultura Paez. Mitos y cuentos de la parcialidad de Calderas, Tierradentro",Revista Colombiana de Antropología,1,1,281-309,,,,,,,,,No verificado externamente,,"Bernal Villa, Segundo. (1953). Aspectos de la cultura Paez. Mitos y cuentos de la parcialidad de Calderas, Tierradentro. Revista Colombiana de Antropología."
BIB-A-0489,Artículo,"Bernal, Segundo",1953,"La fiesta de San Juan en Calderas, Tierradentro",Revista Colombiana de Folclor,,2,177-221,,,,,,,,,No verificado externamente,,"Bernal, Segundo. (1953). La fiesta de San Juan en Calderas, Tierradentro. Revista Colombiana de Folclor."
BIB-A-0490,Artículo,"Caneva, Rafael",1953,Apuntes sociológicos alrededor de nuestro folclor,Revista Universidad de Antioquia,,114,341-349,,,,,,,,,No verificado externamente,,"Caneva, Rafael. (1953). Apuntes sociológicos alrededor de nuestro folclor. Revista Universidad de Antioquia."
BIB-A-0491,Artículo,"Cartagena, Alberto de",1953,Apuntes sobre el baile en las tribus de la región suroriental de Colombia,Amazonía Colombiana Americanista,5,17 - 19,,,,,,,,,,No verificado externamente,,"Cartagena, Alberto de. (1953). Apuntes sobre el baile en las tribus de la región suroriental de Colombia. Amazonía Colombiana Americanista."
BIB-A-0492,Artículo,"Cartagena, Alberto de",1953,Cantos indígenas,Amazonía Colombiana Americanista,,5,96-102,,,,,,,,,No verificado externamente,,"Cartagena, Alberto de. (1953). Cantos indígenas. Amazonía Colombiana Americanista."
BIB-A-0493,Artículo,"Cartagena, Alberto de",1953,Apuntes sobre danzas indígenas de algunas tribus de la Amazonia colombiana,Antropología y Etnología,,8,83-113,,,,,,,,,No verificado externamente,,"Cartagena, Alberto de. (1953). Apuntes sobre danzas indígenas de algunas tribus de la Amazonia colombiana. Antropología y Etnología."
BIB-A-0494,Artículo,"Castellví, Marcelino",1953,"La famosa planta de la vida (Paullina Yoco): Iniciales, bibliografía y comentarios",Amazonía Colombiana Americanista,4,2020-12-16 00:00:00,21-27,,,,,,,,,No verificado externamente,,"Castellví, Marcelino. (1953). La famosa planta de la vida (Paullina Yoco): Iniciales, bibliografía y comentarios. Amazonía Colombiana Americanista."
BIB-A-0495,Artículo,"Caudmont, Jean",1953,Cuentos y leyendas de la Guajira,Revista Colombiana de Folclor,,2,167-174,,,,,,,,,No verificado externamente,,"Caudmont, Jean. (1953). Cuentos y leyendas de la Guajira. Revista Colombiana de Folclor."
BIB-A-0496,Artículo,"Caudrnont, Jean",1953,Cuentos y leyendas de la Guajira,Revista Colombiana de Folclor,,2,167-174,,,,,,,,,No verificado externamente,,"Caudrnont, Jean. (1953). Cuentos y leyendas de la Guajira. Revista Colombiana de Folclor."
BIB-A-0497,Artículo,"Chavez, Milciades",1953,La Guajira: Una región y una cultura de Colombia,Revista Colombiana de Antropología,,1,123-195,,,,,,,,,No verificado externamente,,"Chavez, Milciades. (1953). La Guajira: Una región y una cultura de Colombia. Revista Colombiana de Antropología."
BIB-A-0498,Artículo,"Chavez, Milciades",1953,"La Guajira, una región y una cultura de Colombia",Revista Colombiana de Antropología,,1,123-195,,,,,,,,,No verificado externamente,,"Chavez, Milciades. (1953). La Guajira, una región y una cultura de Colombia. Revista Colombiana de Antropología."
BIB-A-0499,Artículo,"Coluccio, Félix",1953,Contribución al Diccionario folclórico Americano,Revista Colombiana de Folclor,,2,17-31,,,,,,,,,No verificado externamente,,"Coluccio, Félix. (1953). Contribución al Diccionario folclórico Americano. Revista Colombiana de Folclor."
BIB-A-0500,Artículo,"De Carvalho Neto, Paulo",1953,El problema del folclor del indio,América Indígena,13,3,175-185,,,,,,,,,No verificado externamente,,"De Carvalho Neto, Paulo. (1953). El problema del folclor del indio. América Indígena."
BIB-A-0501,Artículo,"Dussan de Reichel, Alicia",1953,La repartición de alimentos en una sociedad de transición,Revista Colombiana de Antropología,,1,259-278,,,,,,,,,No verificado externamente,,"Dussan de Reichel, Alicia. (1953). La repartición de alimentos en una sociedad de transición. Revista Colombiana de Antropología."
BIB-A-0502,Artículo,"Dussan de Reichel, Alicia",1953,Prácticas culinarias en una población mestiza de Colombia,Revista Colombiana de Folclor,,2,105-138,,,,,,,,,No verificado externamente,,"Dussan de Reichel, Alicia. (1953). Prácticas culinarias en una población mestiza de Colombia. Revista Colombiana de Folclor."
BIB-A-0503,Artículo,"Fals Borda, Orlando",1953,Notas sobre la evolución del vestido campesino en la Colombia Central,Revista Colombiana de Folclor,,2,139-147,,,,,,,,,No verificado externamente,,"Fals Borda, Orlando. (1953). Notas sobre la evolución del vestido campesino en la Colombia Central. Revista Colombiana de Folclor."
BIB-A-0504,Artículo,"Fulop, Marcos",1953,El cauchero en el Vaupés,Revista Colombiana de Folclor,,2,243-255,,,,,,,,,No verificado externamente,,"Fulop, Marcos. (1953). El cauchero en el Vaupés. Revista Colombiana de Folclor."
BIB-A-0505,Artículo,"Holmer, Nils y Wassen, Henry",1953,The complete Mulgala picture-writing,Etnologiska stu Dier,,21,,,,,,,,,,No verificado externamente,,"Holmer, Nils y Wassen, Henry. (1953). The complete Mulgala picture-writing. Etnologiska stu Dier."
BIB-A-0506,Artículo,"Jaramillo, Samuel",1953,El canto popular en el Magdalena. Folclor del Departamento del Magdalena,Revista Colombiana de Folclor,32,2,53-,,,,,,,,,No verificado externamente,,"Jaramillo, Samuel. (1953). El canto popular en el Magdalena. Folclor del Departamento del Magdalena. Revista Colombiana de Folclor."
BIB-A-0507,Artículo,"León Rey, José Antonio",1953,El folclor nacional,Hojas de Cultura Popular Colombiana,,25,,,,,,,,,,No verificado externamente,,"León Rey, José Antonio. (1953). El folclor nacional. Hojas de Cultura Popular Colombiana."
BIB-A-0508,Artículo,"León Rey, José Antonio",1953,Riñas de gallos y vocabulario de gallística,Revista Colombiana de Folclor,,2,79-96,,,,,,,,,No verificado externamente,,"León Rey, José Antonio. (1953). Riñas de gallos y vocabulario de gallística. Revista Colombiana de Folclor."
BIB-A-0509,Artículo,"Malaret, Augusto",1953,Esculcando yaguas viejas,Universidad Pontificia Bolivariana,,67,228-236,,,,,,,,,No verificado externamente,,"Malaret, Augusto. (1953). Esculcando yaguas viejas. Universidad Pontificia Bolivariana."
BIB-A-0510,Artículo,"Martínez Mutis, Aurelio",1953,Tres cuentos del folclor colombiano,Bolivar,,21,125-130,,,,,,,,,No verificado externamente,,"Martínez Mutis, Aurelio. (1953). Tres cuentos del folclor colombiano. Bolivar."
BIB-A-0511,Artículo,"Nachtigall, Horst",1953,Shamanismo entre los indios Paeces,Revista Colombiana de Folclor,,3,223-241,,,,,,,,,No verificado externamente,,"Nachtigall, Horst. (1953). Shamanismo entre los indios Paeces. Revista Colombiana de Folclor."
BIB-A-0512,Artículo,"Nachtigall, Horst",1953,Shamanismo entre los indios Paeces,Revista Colombiana de Folclor,,2,223-241,,,,,,,,,No verificado externamente,,"Nachtigall, Horst. (1953). Shamanismo entre los indios Paeces. Revista Colombiana de Folclor."
BIB-A-0513,Artículo,"Nachtigall, Horst",1953,Shamanismus bei den Paez-Indianern,Zeitschrift fur Ethnologie,,78,210-223,,,,,,,,,No verificado externamente,,"Nachtigall, Horst. (1953). Shamanismus bei den Paez-Indianern. Zeitschrift fur Ethnologie."
BIB-A-0514,Artículo,"Pardo Umaña, Camilo",1953,Rosa la Momposina,Hojas de cultura popular colombiana,,35,,,,,,,,,,No verificado externamente,,"Pardo Umaña, Camilo. (1953). Rosa la Momposina. Hojas de cultura popular colombiana."
BIB-A-0515,Artículo,"Pardo, Aristóbulo",1953,Los maestros y el folclor,Revista Colombiana de Folclor,,2,54-78,,,,,,,,,No verificado externamente,,"Pardo, Aristóbulo. (1953). Los maestros y el folclor. Revista Colombiana de Folclor."
BIB-A-0516,Artículo,"Piñeros, Alfonso",1953,Estampas provincianas,Revista Colombiana de Folclor,,2,257-263,,,,,,,,,No verificado externamente,,"Piñeros, Alfonso. (1953). Estampas provincianas. Revista Colombiana de Folclor."
BIB-A-0517,Artículo,"Quevedo, Leandro Miguel",1953,El folclor en los juegos escolares,Revista Colombiana de Folclor,,2,97-103,,,,,,,,,No verificado externamente,,"Quevedo, Leandro Miguel. (1953). El folclor en los juegos escolares. Revista Colombiana de Folclor."
BIB-A-0518,Artículo,"Reichel-Dolmatoff, Gerardo",1953,Actitudes hacia el trabajo en una población mestiza do Colombia,América Indígena,13,3,165-174,,,,,,,,,No verificado externamente,,"Reichel-Dolmatoff, Gerardo. (1953). Actitudes hacia el trabajo en una población mestiza do Colombia. América Indígena."
BIB-A-0519,Artículo,"Reichel-Dolmatoff, Gerardo",1953,Algunos mitos de los indios Chamí,Revista Colombiana de Folclor,,2,148-165,,,,,,,,,No verificado externamente,,"Reichel-Dolmatoff, Gerardo. (1953). Algunos mitos de los indios Chamí. Revista Colombiana de Folclor."
BIB-A-0520,Artículo,"Reichel-Dolmatoff, Gerardo",1953,Prácticas obstétricas como un factor de control social en una sociedad de transición,Anales de la Sociedad de Biología de Bogotá,,6,30-37,,,,,,,,,No verificado externamente,,"Reichel-Dolmatoff, Gerardo. (1953). Prácticas obstétricas como un factor de control social en una sociedad de transición. Anales de la Sociedad de Biología de Bogotá."
BIB-A-0521,Artículo,"Rochereau, Henri",1953,Textos Tegrías: Las Nerjayas,Miscellanea Padre Castellvi,4,12 - 16,203-210,,,,,,,,,No verificado externamente,,"Rochereau, Henri. (1953). Textos Tegrías: Las Nerjayas. Miscellanea Padre Castellvi."
BIB-A-0522,Artículo,"Saffray, Charles",1953,Medellín y sus costumbres,Hojas de Cultura Popular Colombiana,,27,,,,,,,,,,No verificado externamente,,"Saffray, Charles. (1953). Medellín y sus costumbres. Hojas de Cultura Popular Colombiana."
BIB-A-0523,Artículo,"Thomas, Rafael",1953,Carta documental de variado contenido folclórico,Amazonía Colombiana Americanista,,5,69-71,,,,,,,,,No verificado externamente,,"Thomas, Rafael. (1953). Carta documental de variado contenido folclórico. Amazonía Colombiana Americanista."
BIB-A-0524,Artículo,"Wassen, Henry",1953,Contribución a la etnografía Cuna,Revista Universidad de Antioquia,,110,351-363,,,,,,,,,No verificado externamente,,"Wassen, Henry. (1953). Contribución a la etnografía Cuna. Revista Universidad de Antioquia."
BIB-A-0525,Artículo,"Wassen, Henry",1953,Contribución a la etnografía Cuna (Urabá),Revista Universidad de Antioquia,,110,353-363,,,,,,,,,No verificado externamente,,"Wassen, Henry. (1953). Contribución a la etnografía Cuna (Urabá). Revista Universidad de Antioquia."
BIB-A-0526,Artículo,"Aguilera, Miguel",1954,Del arcipreste de Hita al Labrador de Cundinamarca. Ensayo sobre el arcaismo,Bolívar,,7,91-117,,,,,,,,,No verificado externamente,,"Aguilera, Miguel. (1954). Del arcipreste de Hita al Labrador de Cundinamarca. Ensayo sobre el arcaismo. Bolívar."
BIB-A-0527,Artículo,Anónimo,1954,Folclor navideño,Hojas de Cultura Popular Colombiana,,48,,,,,,,,,,No verificado externamente,,Anónimo. (1954). Folclor navideño. Hojas de Cultura Popular Colombiana.
BIB-A-0528,Artículo,"Apolinar María, Hermano",1954,Vocabulario de términos populares en Historia Natural Colombiana,"Revista de la Academia de Ciencias Exactas, Físicas y Naturales",,,,,,,,,,,,No verificado externamente,,"Apolinar María, Hermano. (1954). Vocabulario de términos populares en Historia Natural Colombiana. Revista de la Academia de Ciencias Exactas, Físicas y Naturales."
BIB-A-0529,Artículo,"Arcila Robledo, G.",1954,Revaluación de nuestro vocabulario popular,Thesaurus,,10,397-400,,,,,,,,,No verificado externamente,,"Arcila Robledo, G.. (1954). Revaluación de nuestro vocabulario popular. Thesaurus."
BIB-A-0530,Artículo,"Arias Trujillo, Bernardo",1954,La soledad del negro,Hojas de Cultura Popular Colombiana,,48,,,,,,,,,,No verificado externamente,,"Arias Trujillo, Bernardo. (1954). La soledad del negro. Hojas de Cultura Popular Colombiana."
BIB-A-0531,Artículo,"Arias, Juan de Dios",1954,Paisaje y raza santandereanos,Huellas históricas,,11,50-56,,,,,,,,,No verificado externamente,,"Arias, Juan de Dios. (1954). Paisaje y raza santandereanos. Huellas históricas."
BIB-A-0532,Artículo,"Aristizábal, Ramón",1954,Disquisiciones gramaticales: De nuestro lenguaje popular,Revista Javeriana,41,202,105-108,,,,,,,,,No verificado externamente,,"Aristizábal, Ramón. (1954). Disquisiciones gramaticales: De nuestro lenguaje popular. Revista Javeriana."
BIB-A-0533,Artículo,"Baumgartner, Hans",1954,Leyenda Piaroa sobre el Diluvio,Revista de la Misión del Alto Orinoco,1,2,27-29,,,,,,,,,No verificado externamente,,"Baumgartner, Hans. (1954). Leyenda Piaroa sobre el Diluvio. Revista de la Misión del Alto Orinoco."
BIB-A-0534,Artículo,"Bedoya, Víctor A.",1954,Visión geográfica del municipio del Espinal,Revista Colombiana de Antropología,2,2,118-127,,,,,,,,,No verificado externamente,,"Bedoya, Víctor A.. (1954). Visión geográfica del municipio del Espinal. Revista Colombiana de Antropología."
BIB-A-0535,Artículo,"Bernal Villa, Segundo",1954,Medicina y magia entre los Paeces,Revista Colombiana de Antropología,,2,219-254,,,,,,,,,No verificado externamente,,"Bernal Villa, Segundo. (1954). Medicina y magia entre los Paeces. Revista Colombiana de Antropología."
BIB-A-0536,Artículo,"Biocca, Eltore",1954,Pesquisas sobre o método de preparaçao do curare pelos indios,Revista do Museu Paulista,,8,165-226,,,,,,,,,No verificado externamente,,"Biocca, Eltore. (1954). Pesquisas sobre o método de preparaçao do curare pelos indios. Revista do Museu Paulista."
BIB-A-0537,Artículo,"Cartagena, Alberto de",1954,Cantos indígenas,Hojas de cultura popular colombiana,,46,,,,,,,,,,No verificado externamente,,"Cartagena, Alberto de. (1954). Cantos indígenas. Hojas de cultura popular colombiana."
BIB-A-0538,Artículo,"Escalante, Aquiles",1954,"Notas sobre el Palenque de San Basilio, una comunidad negra en Colombia",Divulgaciones Etnológicas,3,5,207-358,,,,,,,,,No verificado externamente,,"Escalante, Aquiles. (1954). Notas sobre el Palenque de San Basilio, una comunidad negra en Colombia. Divulgaciones Etnológicas."
BIB-A-0539,Artículo,"Flórez, Luis",1954,Algunas fórmulas de tratamiento en el español del Departamen to de Antioquia (Colombia),Thesaurus,,10,78-88,,,,,,,,,No verificado externamente,,"Flórez, Luis. (1954). Algunas fórmulas de tratamiento en el español del Departamen to de Antioquia (Colombia). Thesaurus."
BIB-A-0540,Artículo,"Fulop, Marcos",1954,Aspectos de la cultura Tucana: Cosmogonía,Revista Colombiana de Antropología,,3,99-137,,,,,,,,,No verificado externamente,,"Fulop, Marcos. (1954). Aspectos de la cultura Tucana: Cosmogonía. Revista Colombiana de Antropología."
BIB-A-0541,Artículo,"García, Julio César",1954,Colombianismos,Revista de las fuerzas de policía,,29 - 30,48-54,,,,,,,,,No verificado externamente,,"García, Julio César. (1954). Colombianismos. Revista de las fuerzas de policía."
BIB-A-0542,Artículo,"García, Julio César",1954,Colombianismos,Revista de las fuerzas de policía,,31 - 32,73-76,,,,,,,,,No verificado externamente,,"García, Julio César. (1954). Colombianismos. Revista de las fuerzas de policía."
BIB-A-0543,Artículo,Medina. Ismael Enrique,1954,Leyenda Chibcha: La Princesa Anachué,Repertorio Boyacense,11,175 - 176,3043-3049,,,,,,,,,No verificado externamente,,Medina. Ismael Enrique. (1954). Leyenda Chibcha: La Princesa Anachué. Repertorio Boyacense.
BIB-A-0544,Artículo,"Montoya, Wenceslao",1954,Anotaciones folclóricas,Revista Universidad de Antioquia,,115,407-447,,,,,,,,,No verificado externamente,,"Montoya, Wenceslao. (1954). Anotaciones folclóricas. Revista Universidad de Antioquia."
BIB-A-0545,Artículo,"Patifio, Víctor Manuel",1954,Fitofolclor de la costa colombiana del Pacífico,Archivos venezolanos de folclor,2,3,85-145,,,,,,,,,No verificado externamente,,"Patifio, Víctor Manuel. (1954). Fitofolclor de la costa colombiana del Pacífico. Archivos venezolanos de folclor."
BIB-A-0546,Artículo,"Patiño, Víctor Manuel",1954,Fitofolclor de la costa colombiana del Pacífico,Archivos Venezolanos de Folclor,2,3,85-145,,,,,,,,,No verificado externamente,,"Patiño, Víctor Manuel. (1954). Fitofolclor de la costa colombiana del Pacífico. Archivos Venezolanos de Folclor."
BIB-A-0547,Artículo,"Posada, Marcelino",1954,Bitorieros y guayaberas (etnobotánica),Boletín del Instituto de Antropología de la Universidad de Antioquia,1,2,193-201,,,,,,,,,No verificado externamente,,"Posada, Marcelino. (1954). Bitorieros y guayaberas (etnobotánica). Boletín del Instituto de Antropología de la Universidad de Antioquia."
BIB-A-0548,Artículo,"Price, Thomas",1954,Estado y necesidades de las investigaciones afrocolombianas,Revista Colombiana de Antropología,,2,11-36,,,,,,,,,No verificado externamente,,"Price, Thomas. (1954). Estado y necesidades de las investigaciones afrocolombianas. Revista Colombiana de Antropología."
BIB-A-0549,Artículo,"Price, Thomas",1954,Algunos aspectos de estabilidad y desorganización en una comunidad isleña del Caribe Colombiano,Revista Colombiana de Antropología,,3,11-54,,,,,,,,,No verificado externamente,,"Price, Thomas. (1954). Algunos aspectos de estabilidad y desorganización en una comunidad isleña del Caribe Colombiano. Revista Colombiana de Antropología."
BIB-A-0550,Artículo,"Rivas Putnam, Ignacio",1954,Una aclaración folclórica,Boletín de Historia y antigüedades,,41,479-481,,,,,,,,,No verificado externamente,,"Rivas Putnam, Ignacio. (1954). Una aclaración folclórica. Boletín de Historia y antigüedades."
BIB-A-0551,Artículo,"Santa, Eduardo",1954,"La provincia perdida: el bobo, la escuela, las ferias",Hojas de Cultura Popular Colombiana,,46,,,,,,,,,,No verificado externamente,,"Santa, Eduardo. (1954). La provincia perdida: el bobo, la escuela, las ferias. Hojas de Cultura Popular Colombiana."
BIB-A-0552,Artículo,"Schultes, Richard Evans",1954,A new narcotic snuff from the northwest Amazon,Botanical Museum Leaflets. Harvard University,16,9,241-260,,,,,,,,,No verificado externamente,,"Schultes, Richard Evans. (1954). A new narcotic snuff from the northwest Amazon. Botanical Museum Leaflets. Harvard University."
BIB-A-0553,Artículo,"Tobón, Julio",1954,Don Quijote y nuestro pueblo,Revista Universidad de Antioquia,,115,449-455,,,,,,,,,No verificado externamente,,"Tobón, Julio. (1954). Don Quijote y nuestro pueblo. Revista Universidad de Antioquia."
BIB-A-0554,Artículo,"Uscátegui Mendoza, Néstor",1954,Contribución al estudio de la masticación de las hojas de coca,Revista Colombiana de Antropología,,3,207-289,,,,,,,,,No verificado externamente,,"Uscátegui Mendoza, Néstor. (1954). Contribución al estudio de la masticación de las hojas de coca. Revista Colombiana de Antropología."
BIB-A-0555,Artículo,"Uscátegui, Néstor",1954,Contribución al estudio de la masticación de las hojas de coca,Revista Colombiana de Antropología,,3,207-289,,,,,,,,,No verificado externamente,,"Uscátegui, Néstor. (1954). Contribución al estudio de la masticación de las hojas de coca. Revista Colombiana de Antropología."
BIB-A-0556,Artículo,"Bruzzi Alves da Silva, Alcino",1955,Os ritos fúnebres entre as tribos do Uaupés Amazonas,Anthropos,,50,593-601,,,,,,,,,No verificado externamente,,"Bruzzi Alves da Silva, Alcino. (1955). Os ritos fúnebres entre as tribos do Uaupés Amazonas. Anthropos."
BIB-A-0557,Artículo,"Caicedo y Rojas, José",1955,El tiple,Hojas de cultura popular colombiana,,50,,,,,,,,,,No verificado externamente,,"Caicedo y Rojas, José. (1955). El tiple. Hojas de cultura popular colombiana."
BIB-A-0558,Artículo,"Dussan de Reichel, Alicia",1955,Vestido y alimentación como formas de prestigio en una población mestiza de Colombia,Actas del 31 Congreso Internacional de Americanistas,,,271-280,,,,,,,,,No verificado externamente,,"Dussan de Reichel, Alicia. (1955). Vestido y alimentación como formas de prestigio en una población mestiza de Colombia. Actas del 31 Congreso Internacional de Americanistas."
BIB-A-0559,Artículo,"Flórez, Luis",1955,Algunas voces indígenas en el español de Colombia,Revista Colombiana de Antropología,,4,285-310,,,,,,,,,No verificado externamente,,"Flórez, Luis. (1955). Algunas voces indígenas en el español de Colombia. Revista Colombiana de Antropología."
BIB-A-0560,Artículo,"Girón, Lázaro",1955,La marimba,Hojas de cultura popular colombiana,,51,,,,,,,,,,No verificado externamente,,"Girón, Lázaro. (1955). La marimba. Hojas de cultura popular colombiana."
BIB-A-0561,Artículo,"Groot, José Manuel",1955,Costumbres de Antaño,Hojas de Cultura Popular Colombiana,,60,,,,,,,,,,No verificado externamente,,"Groot, José Manuel. (1955). Costumbres de Antaño. Hojas de Cultura Popular Colombiana."
BIB-A-0562,Artículo,"Gutiérrez de Pineda, Virginia",1955,Causas culturales de la mortalidad infantil,Revista Colombiana de Antropología,,4,11-85,,,,,,,,,No verificado externamente,,"Gutiérrez de Pineda, Virginia. (1955). Causas culturales de la mortalidad infantil. Revista Colombiana de Antropología."
BIB-A-0563,Artículo,"Malaret, Augusto",1955,Burlerías del idioma,Universidad Pontificia Bolivariana,,74,359-364,,,,,,,,,No verificado externamente,,"Malaret, Augusto. (1955). Burlerías del idioma. Universidad Pontificia Bolivariana."
BIB-A-0564,Artículo,"Norbeck, Edward",1955,Transpacific similarities in folklore: A research lead,Kroeber Anthropological Society Papers,,12,62-69,,,,,,,,,No verificado externamente,,"Norbeck, Edward. (1955). Transpacific similarities in folklore: A research lead. Kroeber Anthropological Society Papers."
BIB-A-0565,Artículo,"Pardo Tovar, Andrés",1955,Leyendas piadosas de Antioquia,Vida,,2,16-18,,,,,,,,,No verificado externamente,,"Pardo Tovar, Andrés. (1955). Leyendas piadosas de Antioquia. Vida."
BIB-A-0566,Artículo,"Pretelt, Julio",1955,Semana Santa en Tolú,Hojas de Cultura Popular Colombiana,,58,,,,,,,,,,No verificado externamente,,"Pretelt, Julio. (1955). Semana Santa en Tolú. Hojas de Cultura Popular Colombiana."
BIB-A-0567,Artículo,"Reichel-Dolmatoff, Gerardo",1955,Vestido y alimentación como factores de prestigio en una población mestiza de Colombia,Actas del 31 Congreso Internacional de Americanistas,,1,271-280,,,,,,,,,No verificado externamente,,"Reichel-Dolmatoff, Gerardo. (1955). Vestido y alimentación como factores de prestigio en una población mestiza de Colombia. Actas del 31 Congreso Internacional de Americanistas."
BIB-A-0568,Artículo,"Reichel-Dolmatoff, Gerardo",1955,Algunos aspectos de la medicina popular en una aldea mestiza de Colombia,Folklore Americano,,3,3-17,,,,,,,,,No verificado externamente,,"Reichel-Dolmatoff, Gerardo. (1955). Algunos aspectos de la medicina popular en una aldea mestiza de Colombia. Folklore Americano."
BIB-A-0569,Artículo,"Rowe, John Howland",1955,"An ethnographic Sketch of Guambía, Colombia",Tribus,,2020-04-05 00:00:00,139-156,,,,,,,,,No verificado externamente,,"Rowe, John Howland. (1955). An ethnographic Sketch of Guambía, Colombia. Tribus."
BIB-A-0570,Artículo,"Samper, José Ma.",1955,El bambuco,Hojas de cultura popular colombiana,,55,,,,,,,,,,No verificado externamente,,"Samper, José Ma.. (1955). El bambuco. Hojas de cultura popular colombiana."
BIB-A-0571,Artículo,"Santa, Eduardo",1955,La provincia perdida: los elementos,Hojas de Cultura Popular Colombiana,,55,,,,,,,,,,No verificado externamente,,"Santa, Eduardo. (1955). La provincia perdida: los elementos. Hojas de Cultura Popular Colombiana."
BIB-A-0572,Artículo,"Sayres, William",1955,Status transition and magical fright,América Indígena,,15,292-300,,,,,,,,,No verificado externamente,,"Sayres, William. (1955). Status transition and magical fright. América Indígena."
BIB-A-0573,Artículo,"Urrea, Jesús María",1955,Folcloristas antioqueños,Revista Javeriana,215 / 216,43 / 44,247 / 20-,,,,,,,,,No verificado externamente,,"Urrea, Jesús María. (1955). Folcloristas antioqueños. Revista Javeriana."
BIB-A-0574,Artículo,"Velásquez, Rogelio",1955,El folclor en la obra de Antonio José Restrepo,Bolívar,,42,309-329,,,,,,,,,No verificado externamente,,"Velásquez, Rogelio. (1955). El folclor en la obra de Antonio José Restrepo. Bolívar."
BIB-A-0575,Artículo,"Velásquez, Rogelio",1955,El folclor en la obra de Antonio José Res trepo,Bolívar,,42,309-329,,,,,,,,,No verificado externamente,,"Velásquez, Rogelio. (1955). El folclor en la obra de Antonio José Res trepo. Bolívar."
BIB-A-0576,Artículo,"Vellard, J.",1955,Les curares. Leur préparation par les indiens sudamericains,Journal de la Société des Américanistes,,44,67-80,,,,,,,,,No verificado externamente,,"Vellard, J.. (1955). Les curares. Leur préparation par les indiens sudamericains. Journal de la Société des Américanistes."
BIB-A-0577,Artículo,"Zapata Olivella, Manuel",1955,Fotografías y música de la ranchería Guajira,Cromos,,81,12-15,,,,,,,,,No verificado externamente,,"Zapata Olivella, Manuel. (1955). Fotografías y música de la ranchería Guajira. Cromos."
BIB-A-0578,Artículo,Anónimo,1956,Folclor chocoano,Hojas de Cultura Popular Colombiana,,72,,,,,,,,,,No verificado externamente,,Anónimo. (1956). Folclor chocoano. Hojas de Cultura Popular Colombiana.
BIB-A-0579,Artículo,"Cadavid, Julián",1956,"Mitos, leyendas y hechicerías de los indios del Chocó",El Tiempo,,,,,,,,,,,,No verificado externamente,,"Cadavid, Julián. (1956). Mitos, leyendas y hechicerías de los indios del Chocó. El Tiempo."
BIB-A-0580,Artículo,"Castillejo, Roberto",1956,Sones y bailes,Divulgaciones etnológicas,,5,127-154,,,,,,,,,No verificado externamente,,"Castillejo, Roberto. (1956). Sones y bailes. Divulgaciones etnológicas."
BIB-A-0581,Artículo,"Daniel, Hermano",1956,Lista de algunos de los nombres vernáculos poco conocidos o no publicados hasta ahora de la flora de Anolaima (Cundinamarca),Revista de la Facultas de Ciencias de la Educación,,3,55-68,,,,,,,,,No verificado externamente,,"Daniel, Hermano. (1956). Lista de algunos de los nombres vernáculos poco conocidos o no publicados hasta ahora de la flora de Anolaima (Cundinamarca). Revista de la Facultas de Ciencias de la Educación."
BIB-A-0582,Artículo,"Escobar, Luis Antonio",1956,La música en Colombia: Los indígenas,Revista del Colegio Mayor de Nuestra Señora del Rosario,,439,196-199,,,,,,,,,No verificado externamente,,"Escobar, Luis Antonio. (1956). La música en Colombia: Los indígenas. Revista del Colegio Mayor de Nuestra Señora del Rosario."
BIB-A-0583,Artículo,"Flórez, Luis",1956,Proyecto de un Atlas lingüístico-etnográfico de Colombia,Orbis,,5,391-392,,,,,,,,,No verificado externamente,,"Flórez, Luis. (1956). Proyecto de un Atlas lingüístico-etnográfico de Colombia. Orbis."
BIB-A-0584,Artículo,"Fulop, Marcos",1956,Aspectos de la cultura Tucana: Mitología.,Revista Colombiana de Antropología,,5,335-373,,,,,,,,,No verificado externamente,,"Fulop, Marcos. (1956). Aspectos de la cultura Tucana: Mitología.. Revista Colombiana de Antropología."
BIB-A-0585,Artículo,"Geipel, G.",1956,Finger and palm prints of Yupa Indians,Proceedings of the American Philosophical Society,,100,219-220,,,,,,,,,No verificado externamente,,"Geipel, G.. (1956). Finger and palm prints of Yupa Indians. Proceedings of the American Philosophical Society."
BIB-A-0586,Artículo,"Manrique, Ramón",1956,Así eran San Juan y San Pedro,Huila,1,2 - 3 - 4,75-77,,,,,,,,,No verificado externamente,,"Manrique, Ramón. (1956). Así eran San Juan y San Pedro. Huila."
BIB-A-0587,Artículo,"Res trepo López, Pablo",1956,Salvo Ruíz,Hojas de cultura popular colombiana,,71,,,,,,,,,,No verificado externamente,,"Res trepo López, Pablo. (1956). Salvo Ruíz. Hojas de cultura popular colombiana."
BIB-A-0588,Artículo,"Sayres, William C.",1956,"Ritual drinking, ethnic status and inebrity in rural Colombia",Studies on alcohol,,17,53-62,,,,,,,,,No verificado externamente,,"Sayres, William C.. (1956). Ritual drinking, ethnic status and inebrity in rural Colombia. Studies on alcohol."
BIB-A-0589,Artículo,"Scolnik, Rosa",1956,Algunos aspectos de la vida de los indios Catíos,América Indígena,16,1,65-71,,,,,,,,,No verificado externamente,,"Scolnik, Rosa. (1956). Algunos aspectos de la vida de los indios Catíos. América Indígena."
BIB-A-0590,Artículo,"Uscátegui, Néstor",1956,El tabaco entre las tribus indígenas de Colombia,Revista Colombiana de Antropología,,5,11-52,,,,,,,,,No verificado externamente,,"Uscátegui, Néstor. (1956). El tabaco entre las tribus indígenas de Colombia. Revista Colombiana de Antropología."
BIB-A-0591,Artículo,"Vargas, Cecilia",1956,Escenas campesinas en el departamento de Santander,Boletín de la Sociedad Geográfica de Colombia,14,50,95-99,,,,,,,,,No verificado externamente,,"Vargas, Cecilia. (1956). Escenas campesinas en el departamento de Santander. Boletín de la Sociedad Geográfica de Colombia."
BIB-A-0592,Artículo,"Alzate, Carlos",1957,Los indios Guahibos,Semisiones,,64,40-41,,,,,,,,,No verificado externamente,,"Alzate, Carlos. (1957). Los indios Guahibos. Semisiones."
BIB-A-0593,Artículo,"Angulo Valdés, Carlos",1957,Contribución al refranero colombiano,Divulgaciones Etnológicas,,6,46-62,,,,,,,,,No verificado externamente,,"Angulo Valdés, Carlos. (1957). Contribución al refranero colombiano. Divulgaciones Etnológicas."
BIB-A-0594,Artículo,"Arcila, Graciliano",1957,El Congreso Nacional del Folclor,Revista Universidad de Antioquia,,129,277-279,,,,,,,,,No verificado externamente,,"Arcila, Graciliano. (1957). El Congreso Nacional del Folclor. Revista Universidad de Antioquia."
BIB-A-0595,Artículo,"Cartagena, Alberto de",1957,Baile indígena colombiano,Hojas de cultura popular colombiana,,79,,,,,,,,,,No verificado externamente,,"Cartagena, Alberto de. (1957). Baile indígena colombiano. Hojas de cultura popular colombiana."
BIB-A-0596,Artículo,"Castillejo, Roberto",1957,Toponimias y términos del lenguaje popular de origen africano,Divulgaciones Etnológicas,,6,73-105,,,,,,,,,No verificado externamente,,"Castillejo, Roberto. (1957). Toponimias y términos del lenguaje popular de origen africano. Divulgaciones Etnológicas."
BIB-A-0597,Artículo,"Castillejo, Roberto",1957,El carnaval en el norte de Colombia,Divulgaciones Etnológicas,,6,63-71,,,,,,,,,No verificado externamente,,"Castillejo, Roberto. (1957). El carnaval en el norte de Colombia. Divulgaciones Etnológicas."
BIB-A-0598,Artículo,"Guevara Castillo, Luis",1957,Los juegos infantiles en el municipio de Cota,Thesaurus,,12,228-233,,,,,,,,,No verificado externamente,,"Guevara Castillo, Luis. (1957). Los juegos infantiles en el municipio de Cota. Thesaurus."
BIB-A-0599,Artículo,"Lima, G. de",1957,Las tribus Kogis: su arquitectura y urbanismo,Prosa,,112,6-,,,,,,,,,No verificado externamente,,"Lima, G. de. (1957). Las tribus Kogis: su arquitectura y urbanismo. Prosa."
BIB-A-0600,Artículo,"López Guevara, Max",1957,"Saquesazipa, leyenda de Colombia",Repertorio Boyacense,,190 - 191,232-,,,,,,,,,No verificado externamente,,"López Guevara, Max. (1957). Saquesazipa, leyenda de Colombia. Repertorio Boyacense."
BIB-A-0601,Artículo,"Malaret, Augusto",1957,Los americanismos en la copla popular,Universidad Pontificia Bolivariana,,77,402-438,,,,,,,,,No verificado externamente,,"Malaret, Augusto. (1957). Los americanismos en la copla popular. Universidad Pontificia Bolivariana."
BIB-A-0602,Artículo,"Montes, José Joaquín",1957,Del castellano hablado en Manzanares,Thesaurus,,12,154-173,,,,,,,,,No verificado externamente,,"Montes, José Joaquín. (1957). Del castellano hablado en Manzanares. Thesaurus."
BIB-A-0603,Artículo,"Montes, José Joaquín",1957,"Algunos términos que designan el concepto de ""estupidez"" en el español colombiano",Thesaurus,,12,224-228,,,,,,,,,No verificado externamente,,"Montes, José Joaquín. (1957). Algunos términos que designan el concepto de ""estupidez"" en el español colombiano. Thesaurus."
BIB-A-0604,Artículo,"Rojas, Alfonso Ma.",1957,El fandanguillo de Neiva,Huila,2,9,21-31,,,,,,,,,No verificado externamente,,"Rojas, Alfonso Ma.. (1957). El fandanguillo de Neiva. Huila."
BIB-A-0605,Artículo,"Sánchez Montenegro, Víctor",1957,El primer congreso Nacional de folclor,Bolívar,,46,116-119,,,,,,,,,No verificado externamente,,"Sánchez Montenegro, Víctor. (1957). El primer congreso Nacional de folclor. Bolívar."
BIB-A-0606,Artículo,"Sánchez Montenegro, Víctor",1957,El alma a través del folclor,Revista del Colegio Mayor de Nuestra Señora del Rosario,,441,58-68,,,,,,,,,No verificado externamente,,"Sánchez Montenegro, Víctor. (1957). El alma a través del folclor. Revista del Colegio Mayor de Nuestra Señora del Rosario."
BIB-A-0607,Artículo,"Velásquez, Rogelio",1957,La medicina popular en la costa colombiana del Pacífico,Revista Colombiana de Antropología,,6,195-241,,,,,,,,,No verificado externamente,,"Velásquez, Rogelio. (1957). La medicina popular en la costa colombiana del Pacífico. Revista Colombiana de Antropología."
BIB-A-0608,Artículo,"Velásquez, Rogelio",1957,Muestras de fórmulas médicas utilizadas en el Alto y Bajo Chocó,Revista Colombiana de Antropología,,6,245-258,,,,,,,,,No verificado externamente,,"Velásquez, Rogelio. (1957). Muestras de fórmulas médicas utilizadas en el Alto y Bajo Chocó. Revista Colombiana de Antropología."
BIB-A-0609,Artículo,"Wassen, Henry",1957,On Dendrobates frog poison among Empera indians on Wester Caldas (Colombia),Etnografiska Museet,,,73-94,,,,,,,,,No verificado externamente,,"Wassen, Henry. (1957). On Dendrobates frog poison among Empera indians on Wester Caldas (Colombia). Etnografiska Museet."
BIB-A-0610,Artículo,"Zapata Olivella, Delia",1957,"El mestizaje, característica del folclor colombiano",Bolívar,,46,153-159,,,,,,,,,No verificado externamente,,"Zapata Olivella, Delia. (1957). El mestizaje, característica del folclor colombiano. Bolívar."
BIB-A-0611,Artículo,"Aguilera, Miguel",1958,Algunos dichos bogotanos y la historia,Gaceta Histórica,,47,7-24,,,,,,,,,No verificado externamente,,"Aguilera, Miguel. (1958). Algunos dichos bogotanos y la historia. Gaceta Histórica."
BIB-A-0612,Artículo,"Bose, Fritz",1958,Musik der Chibcha und ihrer heutigen Nachkommen. Ein beitrag zur Musikgeschichte Südamerikas,International archives of ethnography,48,2,149-198,,,,,,,,,No verificado externamente,,"Bose, Fritz. (1958). Musik der Chibcha und ihrer heutigen Nachkommen. Ein beitrag zur Musikgeschichte Südamerikas. International archives of ethnography."
BIB-A-0613,Artículo,"Cartagena, Alberto de",1958,El baile indígena colombiano,Mundo Hispánico,,120,,,,,,,,,,No verificado externamente,,"Cartagena, Alberto de. (1958). El baile indígena colombiano. Mundo Hispánico."
BIB-A-0614,Artículo,"Chavez, Milciades",1958,Mítica de los Siona del Alto Putumayo,Miscelanea Paul Rivet. Octogenario Dicata,,2,121-151,,,,,,,,,No verificado externamente,,"Chavez, Milciades. (1958). Mítica de los Siona del Alto Putumayo. Miscelanea Paul Rivet. Octogenario Dicata."
BIB-A-0615,Artículo,"FIury, Lázaro",1958,"El caapi y el hatag, dos poderosos alucinógenos indígenas",América lndígena,,18,293-298,,,,,,,,,No verificado externamente,,"FIury, Lázaro. (1958). El caapi y el hatag, dos poderosos alucinógenos indígenas. América lndígena."
BIB-A-0616,Artículo,"Flórez, Luis",1958,Cuestionario preliminar para el Atlas lingüístico-etnográfico de Colombia,Bolívar,,11,143-144,,,,,,,,,No verificado externamente,,"Flórez, Luis. (1958). Cuestionario preliminar para el Atlas lingüístico-etnográfico de Colombia. Bolívar."
BIB-A-0617,Artículo,"Flórez, Luis",1958,Cuestionario preliminar para el Atlas lingüístico-etnográfico de Colombia,Bolivar,,11,143-144,,,,,,,,,No verificado externamente,,"Flórez, Luis. (1958). Cuestionario preliminar para el Atlas lingüístico-etnográfico de Colombia. Bolivar."
BIB-A-0618,Artículo,"García Barriga, Hernando",1958,"El yagé, caapi o ayahuasca (un alucinógeno amazónico)",Universidad Nacional de Colombia,,23,59-76,,,,,,,,,No verificado externamente,,"García Barriga, Hernando. (1958). El yagé, caapi o ayahuasca (un alucinógeno amazónico). Universidad Nacional de Colombia."
BIB-A-0619,Artículo,"Holmer, Nils y Wassen Henry",1958,"Nia-kala, canto mágico para curar la locura",Etnologiska Studier,,23,,,,,,,,,,No verificado externamente,,"Holmer, Nils y Wassen Henry. (1958). Nia-kala, canto mágico para curar la locura. Etnologiska Studier."
BIB-A-0620,Artículo,"Montes, José J.",1958,Del habla y folclor de Manzanares,Thesaurus,,13,175-187,,,,,,,,,No verificado externamente,,"Montes, José J.. (1958). Del habla y folclor de Manzanares. Thesaurus."
BIB-A-0621,Artículo,"Montes, José Joaquín",1958,Del habla y folclor de Manzanares,Thesaurus,,13,175-187,,,,,,,,,No verificado externamente,,"Montes, José Joaquín. (1958). Del habla y folclor de Manzanares. Thesaurus."
BIB-A-0622,Artículo,"Pardo Rosas, Gabriel",1958,La vivienda y su marco cultural en una comunidad pesquera agrícola de la Costa Atlántica (Gaira-Departamento del Magdalena),Revista Colombiana de Antropología,,7,273-312,,,,,,,,,No verificado externamente,,"Pardo Rosas, Gabriel. (1958). La vivienda y su marco cultural en una comunidad pesquera agrícola de la Costa Atlántica (Gaira-Departamento del Magdalena). Revista Colombiana de Antropología."
BIB-A-0623,Artículo,"Patiño, Víctor Manuel",1958,El cachipay o Pibijay (Guilielma Gasipaes Bailey) y su papel en la cultura y la economía de los pueblos indígenas de América intertropical,América Indígena,18,3,177-204,,,,,,,,,No verificado externamente,,"Patiño, Víctor Manuel. (1958). El cachipay o Pibijay (Guilielma Gasipaes Bailey) y su papel en la cultura y la economía de los pueblos indígenas de América intertropical. América Indígena."
BIB-A-0624,Artículo,"Patiño, Víctor Manuel",1958,El cachipay o Pibijay (Guilielma Gasipaes Bailey) y su papel en la cultura y la economía de los pueblos indígenas de América intertropical,América Indígena,,4,299-332,,,,,,,,,No verificado externamente,,"Patiño, Víctor Manuel. (1958). El cachipay o Pibijay (Guilielma Gasipaes Bailey) y su papel en la cultura y la economía de los pueblos indígenas de América intertropical. América Indígena."
BIB-A-0625,Artículo,"Pineda, Roberto y Gutiérrez de Pineda, Virginia",1958,En el mundo espiritual del indio Chocó,Ene: Miscellanea Paul Rivet. Octogenario Dicata.Unam,,2,435-462,,,,,,,,,No verificado externamente,,"Pineda, Roberto y Gutiérrez de Pineda, Virginia. (1958). En el mundo espiritual del indio Chocó. Ene: Miscellanea Paul Rivet. Octogenario Dicata.Unam."
BIB-A-0626,Artículo,"Polanco, José Antonio",1958,Noticias guajiras por un guajiro. 3: El blanqueo o Majayüráa,Boletín Indigenista Venezolano,,6,131-136,,,,,,,,,No verificado externamente,,"Polanco, José Antonio. (1958). Noticias guajiras por un guajiro. 3: El blanqueo o Majayüráa. Boletín Indigenista Venezolano."
BIB-A-0627,Artículo,"Reichel-Dolmatoff, Gerardo y Alicia",1958,Nivel de salud y medicina popular en una aldea mestiza de Colombia,Revista Colombiana de Antropología,,7,199-249,,,,,,,,,No verificado externamente,,"Reichel-Dolmatoff, Gerardo y Alicia. (1958). Nivel de salud y medicina popular en una aldea mestiza de Colombia. Revista Colombiana de Antropología."
BIB-A-0628,Artículo,"Rojas, Alfonso Ma",1958,El bambuco de Colombia,Huila,,2,11-,,,,,,,,,No verificado externamente,,"Rojas, Alfonso Ma. (1958). El bambuco de Colombia. Huila."
BIB-A-0629,Artículo,"Saake, Wilhelm",1958,Die Jurupari leggende bei den Baniwa des Rio lsana,Proceedings of the 32th. International Congress of Americanists,,,271-279,,,,,,,,,No verificado externamente,,"Saake, Wilhelm. (1958). Die Jurupari leggende bei den Baniwa des Rio lsana. Proceedings of the 32th. International Congress of Americanists."
BIB-A-0630,Artículo,"Simbaqueba, Luis",1958,Apuntes Lexicográficos sobre la industria del ladrillo en Bogotá,Thesaurus,,13,57-82,,,,,,,,,No verificado externamente,,"Simbaqueba, Luis. (1958). Apuntes Lexicográficos sobre la industria del ladrillo en Bogotá. Thesaurus."
BIB-A-0631,Artículo,"Zerries, Otto",1958,Einige Volkerkundliche notizen uber die Puinabe indianer,Miscellanea Paul Rivet (Octogenario Dicata) UNAM,,2,583-598,,,,,,,,,No verificado externamente,,"Zerries, Otto. (1958). Einige Volkerkundliche notizen uber die Puinabe indianer. Miscellanea Paul Rivet (Octogenario Dicata) UNAM."
BIB-A-0632,Artículo,Anónimo,1959,Leyenda del Aqcay,Semisiones,,76,33-35,,,,,,,,,No verificado externamente,,Anónimo. (1959). Leyenda del Aqcay. Semisiones.
BIB-A-0633,Artículo,Anónimo,1959,Vocabulario de lenguaje popular colombiano,Boletín de la academia colombiana,9,33,,,,,,,,,,No verificado externamente,,Anónimo. (1959). Vocabulario de lenguaje popular colombiano. Boletín de la academia colombiana.
BIB-A-0634,Artículo,Anónimo,1959,Disco de música Guajira,Gaceta Indigenista,2,67,67-,,,,,,,,,No verificado externamente,,Anónimo. (1959). Disco de música Guajira. Gaceta Indigenista.
BIB-A-0635,Artículo,"Ernst, Adolfo",1959,La posición etnográfica de los indios Guajiros,Boletín Indigenista Venezolano,7,2020-01-04 00:00:00,45-69,,,,,,,,,No verificado externamente,,"Ernst, Adolfo. (1959). La posición etnográfica de los indios Guajiros. Boletín Indigenista Venezolano."
BIB-A-0636,Artículo,"Figueroa, Jennie y Camacho, E.",1959,Léxico de la carpintería en Bogotá,Thesaurus,,14,258-270,,,,,,,,,No verificado externamente,,"Figueroa, Jennie y Camacho, E.. (1959). Léxico de la carpintería en Bogotá. Thesaurus."
BIB-A-0637,Artículo,"Flórez, Luis",1959,Sobre la escritura castellana de la voz folklore,Revista Colombiana de Folclor,,3,9-11,,,,,,,,,No verificado externamente,,"Flórez, Luis. (1959). Sobre la escritura castellana de la voz folklore. Revista Colombiana de Folclor."
BIB-A-0638,Artículo,"Flórez, Luis",1959,De la vida y el habla popular en la Costa Atlántica de Colombia,Revista Colombiana de Folclor,,3,127-135,,,,,,,,,No verificado externamente,,"Flórez, Luis. (1959). De la vida y el habla popular en la Costa Atlántica de Colombia. Revista Colombiana de Folclor."
BIB-A-0639,Artículo,"Flórez, Luis",1959,De la vida y el habla popular en la costa Atlántica de Colombia,Thesaurus,,13,195-200,,,,,,,,,No verificado externamente,,"Flórez, Luis. (1959). De la vida y el habla popular en la costa Atlántica de Colombia. Thesaurus."
BIB-A-0640,Artículo,"Guillén Martínez, Jaime",1959,Razón del tiple,Vínculo Shell,,110,27-32,,,,,,,,,No verificado externamente,,"Guillén Martínez, Jaime. (1959). Razón del tiple. Vínculo Shell."
BIB-A-0641,Artículo,"López, Enrique",1959,Terminología sobre la embriaguez en las regiones caldenses de Calarcá y otras del mismo Departamento,Stadium,,3,193-224,,,,,,,,,No verificado externamente,,"López, Enrique. (1959). Terminología sobre la embriaguez en las regiones caldenses de Calarcá y otras del mismo Departamento. Stadium."
BIB-A-0642,Artículo,"López, Enrique",1959,Terminología sobre la embriaguez en regiones caldenses de Calarcá y otras del mismo departamento,Studium,,3,193-224,,,,,,,,,No verificado externamente,,"López, Enrique. (1959). Terminología sobre la embriaguez en regiones caldenses de Calarcá y otras del mismo departamento. Studium."
BIB-A-0643,Artículo,"Lozano Caballero, Abilio",1959,Vocabulario de lenguaje popular colombiano,Boletín de la academia colombiana,,9,367-394,,,,,,,,,No verificado externamente,,"Lozano Caballero, Abilio. (1959). Vocabulario de lenguaje popular colombiano. Boletín de la academia colombiana."
BIB-A-0644,Artículo,"Montes, José Joaquín",1959,"Del español hablado en Bolívar, Colombia",Thesaurus,,14,8-110,,,,,,,,,No verificado externamente,,"Montes, José Joaquín. (1959). Del español hablado en Bolívar, Colombia. Thesaurus."
BIB-A-0645,Artículo,"Moreno Clavijo, Jorge",1959,Inventario del carriel antioqueño,Vínculo Shell,,111,10-11,,,,,,,,,No verificado externamente,,"Moreno Clavijo, Jorge. (1959). Inventario del carriel antioqueño. Vínculo Shell."
BIB-A-0646,Artículo,"Moser, Brian y Tayler, Donald",1959,Tribes of the Piraparaná,Geographical Journal,129,4,437-439,,,,,,,,,No verificado externamente,,"Moser, Brian y Tayler, Donald. (1959). Tribes of the Piraparaná. Geographical Journal."
BIB-A-0647,Artículo,"Ortiz C., Laurencio",1959,A propósito de los Cantares de Soatá,Revista Colombiana de Folclor (Bogota),,3,83-87,,,,,,,,,No verificado externamente,,"Ortiz C., Laurencio. (1959). A propósito de los Cantares de Soatá. Revista Colombiana de Folclor (Bogota)."
BIB-A-0648,Artículo,"Ortiz, Laurencio",1959,A propósito de los Cantares de Soatá,Revista Colombiana de Folclor,,3,83-87,,,,,,,,,No verificado externamente,,"Ortiz, Laurencio. (1959). A propósito de los Cantares de Soatá. Revista Colombiana de Folclor."
BIB-A-0649,Artículo,"Ortiz, Sergio Elías",1959,Octavio Quiñones Pardo,Revista Colombiana de Folclor,,3,101-106,,,,,,,,,No verificado externamente,,"Ortiz, Sergio Elías. (1959). Octavio Quiñones Pardo. Revista Colombiana de Folclor."
BIB-A-0650,Artículo,"Ortiz, Sergio Elías",1959,Pío XII y el folclor,Revista Colombiana de Folclor,,3,89-94,,,,,,,,,No verificado externamente,,"Ortiz, Sergio Elías. (1959). Pío XII y el folclor. Revista Colombiana de Folclor."
BIB-A-0651,Artículo,"Pardo Tovar, Andrés",1959,Una excursión folclórica al Chocó,El Tiempo,,8 de noviembre,,,,,,,,,,No verificado externamente,,"Pardo Tovar, Andrés. (1959). Una excursión folclórica al Chocó. El Tiempo."
BIB-A-0652,Artículo,"Pérez Arbeláez, Enrique",1959,El currulao,Revista Colombiana de Folclor,,3,95-100,,,,,,,,,No verificado externamente,,"Pérez Arbeláez, Enrique. (1959). El currulao. Revista Colombiana de Folclor."
BIB-A-0653,Artículo,"Pérez de Barradas, José",1959,Ritos muiscas de la fecundidad y de la muerte,Trabalhos de Antropologia e Etnologia,17,1 - 4,345-356,,,,,,,,,No verificado externamente,,"Pérez de Barradas, José. (1959). Ritos muiscas de la fecundidad y de la muerte. Trabalhos de Antropologia e Etnologia."
BIB-A-0654,Artículo,"Pineda Giraldo, Roberto y Gutiérrez de Pineda, Virginia",1959,Ciencia y folclor,Revista Colombiana de Folclor,,3,73-82,,,,,,,,,No verificado externamente,,"Pineda Giraldo, Roberto y Gutiérrez de Pineda, Virginia. (1959). Ciencia y folclor. Revista Colombiana de Folclor."
BIB-A-0655,Artículo,"Rochereau, Henri",1959,Colección de textos Tegrías,Revista Colombiana de Antropología,,8,9-124,,,,,,,,,No verificado externamente,,"Rochereau, Henri. (1959). Colección de textos Tegrías. Revista Colombiana de Antropología."
BIB-A-0656,Artículo,"Rochereau, Henri",1959,Colección de Textos Tegrías,Revista Colombiana de Antropología,,8,91-24,,,,,,,,,No verificado externamente,,"Rochereau, Henri. (1959). Colección de Textos Tegrías. Revista Colombiana de Antropología."
BIB-A-0657,Artículo,"Uribe Uribe, Rafael",1959,Notas sobre provincialismos,Universidad Católica Bolivariana,,23,159-181,,,,,,,,,No verificado externamente,,"Uribe Uribe, Rafael. (1959). Notas sobre provincialismos. Universidad Católica Bolivariana."
BIB-A-0658,Artículo,"Uscátegui Mendoza, Néstor",1959,La fiesta de San Isidro Labrador en Silvia (Departamento del Cauca),Revista Colombiana de Folclor,,3,67-72,,,,,,,,,No verificado externamente,,"Uscátegui Mendoza, Néstor. (1959). La fiesta de San Isidro Labrador en Silvia (Departamento del Cauca). Revista Colombiana de Folclor."
BIB-A-0659,Artículo,"Uscátegui, Nestor",1959,"La fiesta de San Isidro Labrador en Silvia, Departamento del Cauca",Revista Colombiana de Folclor,,3,67-72,,,,,,,,,No verificado externamente,,"Uscátegui, Nestor. (1959). La fiesta de San Isidro Labrador en Silvia, Departamento del Cauca. Revista Colombiana de Folclor."
BIB-A-0660,Artículo,"Uscátegui, Néstor",1959,The present distribution of narcotics and stimulants amongst the indians of Colombia,Botanical Museum Leaflets. Harvard University,18,6,276-304,,,,,,,,,No verificado externamente,,"Uscátegui, Néstor. (1959). The present distribution of narcotics and stimulants amongst the indians of Colombia. Botanical Museum Leaflets. Harvard University."
BIB-A-0661,Artículo,"Velásquez, Rogelio",1959,La canoa chocoana en el folclor,Revista Colombiana de Folclor,,3,107-126,,,,,,,,,No verificado externamente,,"Velásquez, Rogelio. (1959). La canoa chocoana en el folclor. Revista Colombiana de Folclor."
BIB-A-0662,Artículo,"Velásquez, Rogelio",1959,Cuentos de la raza negra,Revista Colombiana de Folclor,,3,163-,,,,,,,,,No verificado externamente,,"Velásquez, Rogelio. (1959). Cuentos de la raza negra. Revista Colombiana de Folclor."
BIB-A-0663,Artículo,Anónimo,1960,Guahibos y Chiricoas,Gaceta Indigenista,2,2020-06-07 00:00:00,2-8,,,,,,,,,No verificado externamente,,Anónimo. (1960). Guahibos y Chiricoas. Gaceta Indigenista.
BIB-A-0664,Artículo,Anónimo,1960,Leyendas de la Costa Pacífico colombiano,Semisiones,,60,,,,,,,,,,No verificado externamente,,Anónimo. (1960). Leyendas de la Costa Pacífico colombiano. Semisiones.
BIB-A-0665,Artículo,"Cabezas, Esteban",1960,El currulao,Boletín cultural y bibliográfico de la biblioteca Luis Ángel Arango,3,6,395-396,,,,,,,,,No verificado externamente,,"Cabezas, Esteban. (1960). El currulao. Boletín cultural y bibliográfico de la biblioteca Luis Ángel Arango."
BIB-A-0666,Artículo,"Cruxent, José María",1960,Tres datos sobre cultura material de los indios Chiricoas,Boletín Indigenista Venezolano,,1,5-,,,,,,,,,No verificado externamente,,"Cruxent, José María. (1960). Tres datos sobre cultura material de los indios Chiricoas. Boletín Indigenista Venezolano."
BIB-A-0667,Artículo,"Delgado, Óscar",1960,La bibliografía sociológica y socioeconómica colombiana,Revista Universidad de Antioquia,,142,799-828,,,,,,,,,No verificado externamente,,"Delgado, Óscar. (1960). La bibliografía sociológica y socioeconómica colombiana. Revista Universidad de Antioquia."
BIB-A-0668,Artículo,"Dussan de Reichel, Alicia",1960,"La mochila de fique. Aspectos técnicos, socioeconómicos y etnográficos",Revista Colombiana de Folclor,,4,137-148,,,,,,,,,No verificado externamente,,"Dussan de Reichel, Alicia. (1960). La mochila de fique. Aspectos técnicos, socioeconómicos y etnográficos. Revista Colombiana de Folclor."
BIB-A-0669,Artículo,"Escalante, Carlos",1960,"Afrocolombianismo: Estado actual, métodos y necesidades",Revista de Antropología,8,2,153-155,,,,,,,,,No verificado externamente,,"Escalante, Carlos. (1960). Afrocolombianismo: Estado actual, métodos y necesidades. Revista de Antropología."
BIB-A-0670,Artículo,"Flórez, Luis",1960,Del habla popular en Santander,Revista Colombiana de Folclor,,4,9-14,,,,,,,,,No verificado externamente,,"Flórez, Luis. (1960). Del habla popular en Santander. Revista Colombiana de Folclor."
BIB-A-0671,Artículo,"Flórez, Luis",1960,"Observaciones generales sobre la pronunciación del español en el Departamento de Bolívar, Colombia",Revista Colombiana de Folclor,,5,155-159,,,,,,,,,No verificado externamente,,"Flórez, Luis. (1960). Observaciones generales sobre la pronunciación del español en el Departamento de Bolívar, Colombia. Revista Colombiana de Folclor."
BIB-A-0672,Artículo,"Giraldo, Nelson",1960,Creencias sobre el cáncer en el municipio de Santo Domingo (Antioquia),Boletín del Instituto de Antropología de la Universidad de Antioquia,2,7,129-136,,,,,,,,,No verificado externamente,,"Giraldo, Nelson. (1960). Creencias sobre el cáncer en el municipio de Santo Domingo (Antioquia). Boletín del Instituto de Antropología de la Universidad de Antioquia."
BIB-A-0673,Artículo,"González Zuleta, Fabio",1960,Dos melodías aborígenes del Chocó,Revista Colombiana de Folclor,,4,121-126,,,,,,,,,No verificado externamente,,"González Zuleta, Fabio. (1960). Dos melodías aborígenes del Chocó. Revista Colombiana de Folclor."
BIB-A-0674,Artículo,"Lamo Arenas, Ramiro",1960,Notas sobre arriería,Revista Colombiana de Folclor,,4,55-66,,,,,,,,,No verificado externamente,,"Lamo Arenas, Ramiro. (1960). Notas sobre arriería. Revista Colombiana de Folclor."
BIB-A-0675,Artículo,"Loewem, Jacob",1960,A Chocó miraculous scape tale,América Indígena,20,3,207-215,,,,,,,,,No verificado externamente,,"Loewem, Jacob. (1960). A Chocó miraculous scape tale. América Indígena."
BIB-A-0676,Artículo,"Martán Góngora, Helcías",1960,Cantares de vaquería,Boletín cultural y bibliográfico de la biblioteca Luis Ángel Arango,3,2,115-117,,,,,,,,,No verificado externamente,,"Martán Góngora, Helcías. (1960). Cantares de vaquería. Boletín cultural y bibliográfico de la biblioteca Luis Ángel Arango."
BIB-A-0677,Artículo,"Martí, Samuel",1960,Música aborigen americana,Boletín de programas de la Radio Nacional,,194,80-82,,,,,,,,,No verificado externamente,,"Martí, Samuel. (1960). Música aborigen americana. Boletín de programas de la Radio Nacional."
BIB-A-0678,Artículo,"Meaders, Margaret",1960,The Caribe Cunas and their jungle magic,W. M. Quaterly,32,1 - 2,39-49,,,,,,,,,No verificado externamente,,"Meaders, Margaret. (1960). The Caribe Cunas and their jungle magic. W. M. Quaterly."
BIB-A-0679,Artículo,"Medellín, Carlos",1960,Los monos de La Mesa,Bolívar,,55-58,387-388,,,,,,,,,No verificado externamente,,"Medellín, Carlos. (1960). Los monos de La Mesa. Bolívar."
BIB-A-0680,Artículo,"Montes, José Joaquín",1960,Algunos aspectos del habla popular en tres escritores caldenses,Thesaurus,,15,180-213,,,,,,,,,No verificado externamente,,"Montes, José Joaquín. (1960). Algunos aspectos del habla popular en tres escritores caldenses. Thesaurus."
BIB-A-0681,Artículo,"Muñoz, Milina",1960,Recuerdos folclóricos de la población de San Agustín,Revista Colombiana de Folclor,,4,149-156,,,,,,,,,No verificado externamente,,"Muñoz, Milina. (1960). Recuerdos folclóricos de la población de San Agustín. Revista Colombiana de Folclor."
BIB-A-0682,Artículo,"Muñoz, Milina",1960,La industria del sombrero de paja toquilla,Revista Colombiana de Folclor,,5,161-168,,,,,,,,,No verificado externamente,,"Muñoz, Milina. (1960). La industria del sombrero de paja toquilla. Revista Colombiana de Folclor."
BIB-A-0683,Artículo,"Muñoz, Milina",1960,Recuerdos folclóricos de la población de San Agustín,Revista Colombiana de Folclor,,,149-156,,,,,,,,,No verificado externamente,,"Muñoz, Milina. (1960). Recuerdos folclóricos de la población de San Agustín. Revista Colombiana de Folclor."
BIB-A-0684,Artículo,"Ortiz, Sergio Elías",1960,Informe sobre el festival folclórico de Ibagué,Revista Colombiana de Folclor,,4,157-169,,,,,,,,,No verificado externamente,,"Ortiz, Sergio Elías. (1960). Informe sobre el festival folclórico de Ibagué. Revista Colombiana de Folclor."
BIB-A-0685,Artículo,"Ortíz, Sergio Elías",1960,Coplas de la tierra de los Comuneros,Revista Colombiana de Folclor,,4,39-54,,,,,,,,,No verificado externamente,,"Ortíz, Sergio Elías. (1960). Coplas de la tierra de los Comuneros. Revista Colombiana de Folclor."
BIB-A-0686,Artículo,"Pardo Tovar, Andrés",1960,Experiencias de una excursión floclórica,Revista Colombiana de Folclor,,4,127-135,,,,,,,,,No verificado externamente,,"Pardo Tovar, Andrés. (1960). Experiencias de una excursión floclórica. Revista Colombiana de Folclor."
BIB-A-0687,Artículo,"Patifio, Víctor Manuel",1960,"Muestra folclórica del Litoral Pacífico de Ecuador, Colombia y Panamá",Archivos venezolanos de folclor,,5 - 6,105-134,,,,,,,,,No verificado externamente,,"Patifio, Víctor Manuel. (1960). Muestra folclórica del Litoral Pacífico de Ecuador, Colombia y Panamá. Archivos venezolanos de folclor."
BIB-A-0688,Artículo,"Patiño, Víctor Manuel",1960,Historia colonial y nombres indígenas de la palma Pibijay (Guilielma Gasipaes),Revista Colombiana de Antropología,,9,23-72,,,,,,,,,No verificado externamente,,"Patiño, Víctor Manuel. (1960). Historia colonial y nombres indígenas de la palma Pibijay (Guilielma Gasipaes). Revista Colombiana de Antropología."
BIB-A-0689,Artículo,"Pérez, J. A.",1960,Fórmulas de tratamiento en Colombia,"Filosofía, Letras y Educación",,28,47-62,,,,,,,,,No verificado externamente,,"Pérez, J. A.. (1960). Fórmulas de tratamiento en Colombia. Filosofía, Letras y Educación."
BIB-A-0690,Artículo,"Reichel-Dolmatoff, Gerardo",1960,Notas etnográficas sobre los indios del Chocó,Revista Colombiana de Antropología,,9,73-158,,,,,,,,,No verificado externamente,,"Reichel-Dolmatoff, Gerardo. (1960). Notas etnográficas sobre los indios del Chocó. Revista Colombiana de Antropología."
BIB-A-0691,Artículo,"Reichel-Dolmatoff, Gerardo",1960,Contribución al conocimiento de las tribus de la región de Perijá,Revista Colombiana de Antropología,,9,159-193,,,,,,,,,No verificado externamente,,"Reichel-Dolmatoff, Gerardo. (1960). Contribución al conocimiento de las tribus de la región de Perijá. Revista Colombiana de Antropología."
BIB-A-0692,Artículo,"Saake, Wilhelm",1960,"Kari, der Kultur heros mit den Baniwa indianer. Das erste Dabakuri fest",Staden Jahrbuch,,7-8,193-201,,,,,,,,,No verificado externamente,,"Saake, Wilhelm. (1960). Kari, der Kultur heros mit den Baniwa indianer. Das erste Dabakuri fest. Staden Jahrbuch."
BIB-A-0693,Artículo,"Velásquez , Rogelio",1960,La fiesta de San Francisco de Asís en Quibdó,Revista Colombiana de Folclor,,4,15-37,,,,,,,,,No verificado externamente,,"Velásquez , Rogelio. (1960). La fiesta de San Francisco de Asís en Quibdó. Revista Colombiana de Folclor."
BIB-A-0694,Artículo,"Velásquez, Rogelio",1960,La fiesta de San Francisco de Asís en Quibdó,Revista Colombiana de Folclor,,4,15-37,,,,,,,,,No verificado externamente,,"Velásquez, Rogelio. (1960). La fiesta de San Francisco de Asís en Quibdó. Revista Colombiana de Folclor."
BIB-A-0695,Artículo,"Velásquez, Rogelio",1960,Leyendas y cuentos de la raza negra,Revista Colombiana de Folclor,,4,67-120,,,,,,,,,No verificado externamente,,"Velásquez, Rogelio. (1960). Leyendas y cuentos de la raza negra. Revista Colombiana de Folclor."
BIB-A-0696,Artículo,"Velásquez, Rogelio",1960,Cantares de los tres ríos,Revista Colombiana de Folclor,,5,9-99,,,,,,,,,No verificado externamente,,"Velásquez, Rogelio. (1960). Cantares de los tres ríos. Revista Colombiana de Folclor."
BIB-A-0697,Artículo,"Velásquez, Rogelio",1960,Adivinanzas del Alto y Bajo Chocó,Revista Colombiana de Folclor,,5,101-129,,,,,,,,,No verificado externamente,,"Velásquez, Rogelio. (1960). Adivinanzas del Alto y Bajo Chocó. Revista Colombiana de Folclor."
BIB-A-0698,Artículo,"Velásquez, Rogerio",1960,Adivinanzas del Alto y bajo de Choco.,Revista Colombiana de Folclor (Bogota),,5,101-129,,,,,,,,,No verificado externamente,,"Velásquez, Rogerio. (1960). Adivinanzas del Alto y bajo de Choco.. Revista Colombiana de Folclor (Bogota)."
BIB-A-0699,Artículo,"Velásquez, Rogerio",1960,Cantares de los Tres Rios.,Revista Colombiana de Folclor (Bogota),,5,90-99,,,,,,,,,No verificado externamente,,"Velásquez, Rogerio. (1960). Cantares de los Tres Rios.. Revista Colombiana de Folclor (Bogota)."
BIB-A-0700,Artículo,"Villamizar, Ofelia",1960,Lengua y folclor norteños,Gaceta histórica,,49 - 50,78-82,,,,,,,,,No verificado externamente,,"Villamizar, Ofelia. (1960). Lengua y folclor norteños. Gaceta histórica."
BIB-A-0701,Artículo,"W:ilbert, Johannes",1960,Nachrichten über die Curipaco,Ethnologica,,2,508-521,,,,,,,,,No verificado externamente,,"W:ilbert, Johannes. (1960). Nachrichten über die Curipaco. Ethnologica."
BIB-A-0702,Artículo,"Wassen, Henry",1960,A comparative reconstruction of the post-columbian change in certain religious concepts among the Cuna indians,Proceedings of the International Congress of Americanists,33,11,502-509,,,,,,,,,No verificado externamente,,"Wassen, Henry. (1960). A comparative reconstruction of the post-columbian change in certain religious concepts among the Cuna indians. Proceedings of the International Congress of Americanists."
BIB-A-0703,Artículo,"Ypiranga, Mario",1960,"Cariama, pubertatsritus der Tucano-indianer",Zeitschrift fur Ethnologie,85,1,37-39,,,,,,,,,No verificado externamente,,"Ypiranga, Mario. (1960). Cariama, pubertatsritus der Tucano-indianer. Zeitschrift fur Ethnologie."
BIB-A-0704,Artículo,"Zapata Olivella, Manuel",1960,Razones del mestizaje folclórico colombiano,Boletín Cultural y Bibliográfico de la Biblioteca Luis Ángel Arango,3,3,163-165,,,,,,,,,No verificado externamente,,"Zapata Olivella, Manuel. (1960). Razones del mestizaje folclórico colombiano. Boletín Cultural y Bibliográfico de la Biblioteca Luis Ángel Arango."
BIB-A-0705,Artículo,"Zapata Olivella, Manuel",1960,Los pasos del folclor colombiano,Boletín Cultural y Bibliográfico de la Biblioteca Luis Ángel Arango,3,6 / 8,388 / 535-389 / 536,,,,,,,,,No verificado externamente,,"Zapata Olivella, Manuel. (1960). Los pasos del folclor colombiano. Boletín Cultural y Bibliográfico de la Biblioteca Luis Ángel Arango."
BIB-A-0706,Artículo,"Zapata Olivella, Manuel",1960,Los pasos del folclor colombiano: Alabados y lumbalúes,Boletín cultural y bibliográfico de la Biblioteca Luis Ángel Arango,3,6,388-389,,,,,,,,,No verificado externamente,,"Zapata Olivella, Manuel. (1960). Los pasos del folclor colombiano: Alabados y lumbalúes. Boletín cultural y bibliográfico de la Biblioteca Luis Ángel Arango."
BIB-A-0707,Artículo,"Zapata Olivella, Manuel",1960,Los pasos del folclor colombiano: Gaitas y tambores,Boletín cultural y bibliográfico de la biblioteca Luis Ángel Arango,3,8,535-536,,,,,,,,,No verificado externamente,,"Zapata Olivella, Manuel. (1960). Los pasos del folclor colombiano: Gaitas y tambores. Boletín cultural y bibliográfico de la biblioteca Luis Ángel Arango."
BIB-A-0708,Artículo,"Abadía, Guillermo",1961,La cumbia,Boletín de programas de la Radio Nacional,,207,17-22,,,,,,,,,No verificado externamente,,"Abadía, Guillermo. (1961). La cumbia. Boletín de programas de la Radio Nacional."
BIB-A-0709,Artículo,Anónimo,1961,Cuenta el Hermano Saro,Semisiones,,91,13-16,,,,,,,,,No verificado externamente,,Anónimo. (1961). Cuenta el Hermano Saro. Semisiones.
BIB-A-0710,Artículo,"Arciniegas, Germán",1961,"El hechizo de Colombia. Bailes, fiestas y cantos de los pueblos",Américas,13,5,,,,,,,,,,No verificado externamente,,"Arciniegas, Germán. (1961). El hechizo de Colombia. Bailes, fiestas y cantos de los pueblos. Américas."
BIB-A-0711,Artículo,"Arcíniegas, Germán",1961,"El hechizo de Colombia, Bailes, fiestas y cantos de los pueblos",Américas,13,5,,,,,,,,,,No verificado externamente,,"Arcíniegas, Germán. (1961). El hechizo de Colombia, Bailes, fiestas y cantos de los pueblos. Américas."
BIB-A-0712,Artículo,"Barney Cabrera, Eugenio",1961,Exotismo y autenticidad en el arte,Bolívar,,59-60,47-54,,,,,,,,,No verificado externamente,,"Barney Cabrera, Eugenio. (1961). Exotismo y autenticidad en el arte. Bolívar."
BIB-A-0713,Artículo,"Beutler, Gisela",1961,"Adivinanzas de tradición oral en Nariño, Colombia",Thesaurus,16,2,367-451,,,,,,,,,No verificado externamente,,"Beutler, Gisela. (1961). Adivinanzas de tradición oral en Nariño, Colombia. Thesaurus."
BIB-A-0714,Artículo,"Beutler, Gisela",1961,Adivinanzas de tradición oral en Nariño (Colombia),Thesaurus: Boletín del instituto Caro y Cuervo,16,2,368-451,,,,,,,,,No verificado externamente,,"Beutler, Gisela. (1961). Adivinanzas de tradición oral en Nariño (Colombia). Thesaurus: Boletín del instituto Caro y Cuervo."
BIB-A-0715,Artículo,"Bristol, Melvin",1961,Neonelsonia. A colombian folk medicine,Botanical Museum Leaflets. Harvard University,,19,191-194,,,,,,,,,No verificado externamente,,"Bristol, Melvin. (1961). Neonelsonia. A colombian folk medicine. Botanical Museum Leaflets. Harvard University."
BIB-A-0716,Artículo,"Duque Gómez, Luis",1961,Artesanías nativas,Revista Colombiana de Folclor,,6,181-187,,,,,,,,,No verificado externamente,,"Duque Gómez, Luis. (1961). Artesanías nativas. Revista Colombiana de Folclor."
BIB-A-0717,Artículo,"Duque Gómez, Luis",1961,Notas sobre el traje típico nacional,Revista Colombiana de Folclor,,6,189-193,,,,,,,,,No verificado externamente,,"Duque Gómez, Luis. (1961). Notas sobre el traje típico nacional. Revista Colombiana de Folclor."
BIB-A-0718,Artículo,"Flórez, Luis",1961,El Atlas lingüístico-etnográfico de Colombia (ALEC): (Nota informativa),Thesaurus,16,1,77-125,,,,,,,,,No verificado externamente,,"Flórez, Luis. (1961). El Atlas lingüístico-etnográfico de Colombia (ALEC): (Nota informativa). Thesaurus."
BIB-A-0719,Artículo,"Flórez, Luis",1961,Muestra de refranes usados en Colombia,Boletín de la Academia Colombiana,11,39,137-138,,,,,,,,,No verificado externamente,,"Flórez, Luis. (1961). Muestra de refranes usados en Colombia. Boletín de la Academia Colombiana."
BIB-A-0720,Artículo,"Gusinde, Martin",1961,Totemistische eigentumsmarken der Guajiro indianer,Anthropos,,56,531-542,,,,,,,,,No verificado externamente,,"Gusinde, Martin. (1961). Totemistische eigentumsmarken der Guajiro indianer. Anthropos."
BIB-A-0721,Artículo,"López Narváez, Carlos",1961,El pirata y la monja,Boletín Cultural y Bibliográfico de la Biblioteca Luis Ángel Arango,4,7,598-603,,,,,,,,,No verificado externamente,,"López Narváez, Carlos. (1961). El pirata y la monja. Boletín Cultural y Bibliográfico de la Biblioteca Luis Ángel Arango."
BIB-A-0722,Artículo,"López Narváez, Carlos",1961,El tesoro de Oronda,Boletín Cultural y Bibliográfico de la Biblioteca Luis Ángel Arango,4,8,718-726,,,,,,,,,No verificado externamente,,"López Narváez, Carlos. (1961). El tesoro de Oronda. Boletín Cultural y Bibliográfico de la Biblioteca Luis Ángel Arango."
BIB-A-0723,Artículo,"M., Rogerio. Velásquez",1961,Ritos de la muerte en el Alto y Bajo Chocó,Revista Colombiana de Folclor (Bogota),,,226 pages :,,,,,,,,,No verificado externamente,,"M., Rogerio. Velásquez. (1961). Ritos de la muerte en el Alto y Bajo Chocó. Revista Colombiana de Folclor (Bogota)."
BIB-A-0724,Artículo,"Márquez Yañez, Francisco",1961,Informe sobre el III Festival folclórico de Ibagué y II Congreso Nacional de folcloristas,Revista Colombiana de Folclor,,6,195-202,,,,,,,,,No verificado externamente,,"Márquez Yañez, Francisco. (1961). Informe sobre el III Festival folclórico de Ibagué y II Congreso Nacional de folcloristas. Revista Colombiana de Folclor."
BIB-A-0725,Artículo,"Martí, Samuel",1961,Etnomusicología en Colombia,Revista Colombiana de Folclor,,6,132-142,,,,,,,,,No verificado externamente,,"Martí, Samuel. (1961). Etnomusicología en Colombia. Revista Colombiana de Folclor."
BIB-A-0726,Artículo,"Mora de Jaramillo, Yolanda",1961,Algunas costumbres religiosas relacionadas con el culto a los muertos en una región de la Costa Atlántica colombiana,Revista Colombiana de Folclor,159,6,170-,,,,,,,,,No verificado externamente,,"Mora de Jaramillo, Yolanda. (1961). Algunas costumbres religiosas relacionadas con el culto a los muertos en una región de la Costa Atlántica colombiana. Revista Colombiana de Folclor."
BIB-A-0727,Artículo,"Moreno Clavijo, Jorge",1961,Los trajes típicos colombianos,Revista Colombiana de Folclor,4,5,417-420,,,,,,,,,No verificado externamente,,"Moreno Clavijo, Jorge. (1961). Los trajes típicos colombianos. Revista Colombiana de Folclor."
BIB-A-0728,Artículo,"Muñoz, Milina",1961,Estampas regionales en el sur del Huila,Revista Colombiana de Folclor,,6,171-180,,,,,,,,,No verificado externamente,,"Muñoz, Milina. (1961). Estampas regionales en el sur del Huila. Revista Colombiana de Folclor."
BIB-A-0729,Artículo,"Muñoz, Milina",1961,Estampas regionales en el sur del Huila: La copla,Revista Colombiana de Folclor,,6,171-180,,,,,,,,,No verificado externamente,,"Muñoz, Milina. (1961). Estampas regionales en el sur del Huila: La copla. Revista Colombiana de Folclor."
BIB-A-0730,Artículo,"Muñoz, Milina.",1961,Estampas regionales en el sur del Huila.,Revista Colombiana de Folclor (Bogota),,,,,,,,,,,,No verificado externamente,,"Muñoz, Milina.. (1961). Estampas regionales en el sur del Huila.. Revista Colombiana de Folclor (Bogota)."
BIB-A-0731,Artículo,"Restrepo, Félix",1961,"Folclor, folclórico, folclorista",Boletín de la Academia Colombiana,11,38,61-,,,,,,,,,No verificado externamente,,"Restrepo, Félix. (1961). Folclor, folclórico, folclorista. Boletín de la Academia Colombiana."
BIB-A-0732,Artículo,"Robe, Stanley",1961,Colombia y Panamá: Coincidencias en su poesía popular,Thesaurus,16,2,334-366,,,,,,,,,No verificado externamente,,"Robe, Stanley. (1961). Colombia y Panamá: Coincidencias en su poesía popular. Thesaurus."
BIB-A-0733,Artículo,"Rochereau, Henri",1961,"Los Tunebos, grupo Unkasia",Revista Colombiana de Antropología,,10,37-110,,,,,,,,,No verificado externamente,,"Rochereau, Henri. (1961). Los Tunebos, grupo Unkasia. Revista Colombiana de Antropología."
BIB-A-0734,Artículo,"Rodríguez de Montes, María Luisa",1961,Sobre el uso de hierbas en la medicina popular de Santander (Colombia),Thesaurus,16,3,719-729,,,,,,,,,No verificado externamente,,"Rodríguez de Montes, María Luisa. (1961). Sobre el uso de hierbas en la medicina popular de Santander (Colombia). Thesaurus."
BIB-A-0735,Artículo,"Rozo, Vidal Antonio",1961,El carnavalito entre los indígenas Inganos de Yunguillo,Revista Colombiana de Folclor,,6,143-152,,,,,,,,,No verificado externamente,,"Rozo, Vidal Antonio. (1961). El carnavalito entre los indígenas Inganos de Yunguillo. Revista Colombiana de Folclor."
BIB-A-0736,Artículo,"Torres de Arauz, Reina",1961,Vestidos y adornos de los indios Chocoes,Lotería,,73,45-55,,,,,,,,,No verificado externamente,,"Torres de Arauz, Reina. (1961). Vestidos y adornos de los indios Chocoes. Lotería."
BIB-A-0737,Artículo,"Triana y Antorveza, Humberto",1961,Materiales de antroponimia colombiana: La sabana de Bogotá,Boletín cultural y bibliográfico de la biblioteca Luis Ángel Arango,4,6,503-510,,,,,,,,,No verificado externamente,,"Triana y Antorveza, Humberto. (1961). Materiales de antroponimia colombiana: La sabana de Bogotá. Boletín cultural y bibliográfico de la biblioteca Luis Ángel Arango."
BIB-A-0738,Artículo,"Triana y Antorveza, Humberto",1961,Materiales de antroponimia colombiana: La sabana de Bogotá,Boletín cultural y bibliográfico de la biblioteca Luis Ángel Arango,4,7,625-636,,,,,,,,,No verificado externamente,,"Triana y Antorveza, Humberto. (1961). Materiales de antroponimia colombiana: La sabana de Bogotá. Boletín cultural y bibliográfico de la biblioteca Luis Ángel Arango."
BIB-A-0739,Artículo,"Uscátegui, Néstor",1961,Algunos colorantes vegetales usados por las tribus indígenas de Colombia,Revista Colombiana de Antropología,,10,331-340,,,,,,,,,No verificado externamente,,"Uscátegui, Néstor. (1961). Algunos colorantes vegetales usados por las tribus indígenas de Colombia. Revista Colombiana de Antropología."
BIB-A-0740,Artículo,"Uscátegui, Néstor",1961,Distribución actual de las plantas narcóticas y estimulantes usadas por las tribus indígenas de Colombia,"Revista de la Academia de Ciencias Exactas, Físicas y Naturales",11,43,215-228,,,,,,,,,No verificado externamente,,"Uscátegui, Néstor. (1961). Distribución actual de las plantas narcóticas y estimulantes usadas por las tribus indígenas de Colombia. Revista de la Academia de Ciencias Exactas, Físicas y Naturales."
BIB-A-0741,Artículo,"Velásquez , Rogelio",1961,La fiesta de los negros de Nóvita,Boletín cultural y bibliográfico de la biblioteca Luis Ángel Arango,4,9,859-860,,,,,,,,,No verificado externamente,,"Velásquez , Rogelio. (1961). La fiesta de los negros de Nóvita. Boletín cultural y bibliográfico de la biblioteca Luis Ángel Arango."
BIB-A-0742,Artículo,"Velásquez, Rogelio",1961,Vestidos de trabajo en el Alto y Bajo Chocó,Revista Colombiana de Folclor,,6,115-130,,,,,,,,,No verificado externamente,,"Velásquez, Rogelio. (1961). Vestidos de trabajo en el Alto y Bajo Chocó. Revista Colombiana de Folclor."
BIB-A-0743,Artículo,"Velásquez, Rogelio",1961,Ritos de la muerte en el Alto y Bajo Chocó,REvista Colombiana de Folclor,,6,9-76,,,,,,,,,No verificado externamente,,"Velásquez, Rogelio. (1961). Ritos de la muerte en el Alto y Bajo Chocó. REvista Colombiana de Folclor."
BIB-A-0744,Artículo,"Velásquez, Rogelio",1961,Refranero sobre la muerte (Alto y Bajo Chocó),Revista Colombiana de Folclor,,6,74-75,,,,,,,,,No verificado externamente,,"Velásquez, Rogelio. (1961). Refranero sobre la muerte (Alto y Bajo Chocó). Revista Colombiana de Folclor."
BIB-A-0745,Artículo,"Velásquez, Rogelio",1961,Instrumentos musicales del Alto y Bajo Chocó,Revista Colombiana de Folclor,,6,77-113,,,,,,,,,No verificado externamente,,"Velásquez, Rogelio. (1961). Instrumentos musicales del Alto y Bajo Chocó. Revista Colombiana de Folclor."
BIB-A-0746,Artículo,"Zapata Olivella, Manuel",1961,El folclor andino,Boletín Cultural y Bibliográfico de la Biblioteca Luis Ángel Arango,4,3,234-235,,,,,,,,,No verificado externamente,,"Zapata Olivella, Manuel. (1961). El folclor andino. Boletín Cultural y Bibliográfico de la Biblioteca Luis Ángel Arango."
BIB-A-0747,Artículo,"Zapata Olivella, Manuel",1961,Canciones de laboreo y vaquería,Boletín cultural y bibliográfico de la biblioteca Luis Ángel Arango,4,4,318-320,,,,,,,,,No verificado externamente,,"Zapata Olivella, Manuel. (1961). Canciones de laboreo y vaquería. Boletín cultural y bibliográfico de la biblioteca Luis Ángel Arango."
BIB-A-0748,Artículo,"Zapata Olivella, Manuel",1961,Caña de millo: variedades y ejecución,Boletín cultural y bibliográfico de la biblioteca Luis Ángel Arango,,6,153-158,,,,,,,,,No verificado externamente,,"Zapata Olivella, Manuel. (1961). Caña de millo: variedades y ejecución. Boletín cultural y bibliográfico de la biblioteca Luis Ángel Arango."
BIB-A-0749,Artículo,"Zapata Olivella, Manuel",1961,El tamborcito y la mejorana,Boletín cultural y bibliográfico de la biblioteca Luis Ángel Arango,4,8,764-765,,,,,,,,,No verificado externamente,,"Zapata Olivella, Manuel. (1961). El tamborcito y la mejorana. Boletín cultural y bibliográfico de la biblioteca Luis Ángel Arango."
BIB-A-0750,Artículo,"Zerries, Otto",1961,Die Tanzmasken der Tukano und Juri-Taboca indianer der sammlung Spix und Martius im Staatlichen Museum für Vol-kerkunde zu Munchen aus dem jahre 1820 und ihre bedeutung im lichte neuer ethnologischer forschung,Paideuma,,7,362-376,,,,,,,,,No verificado externamente,,"Zerries, Otto. (1961). Die Tanzmasken der Tukano und Juri-Taboca indianer der sammlung Spix und Martius im Staatlichen Museum für Vol-kerkunde zu Munchen aus dem jahre 1820 und ihre bedeutung im lichte neuer ethnologischer forschung. Paideuma."
BIB-A-0751,Artículo,"Zerries, Otto",1961,Die tanzmasken der Tukana und Juri - Taboca indianer der sammlung Spix and Martius im Staatlichen Museum für Volkerkunde zu Munchen aus dem jahre 1820 und ihre Bedeutung im lichte neuer ethnologischer Forschung,Paideuma,,7,362-376,,,,,,,,,No verificado externamente,,"Zerries, Otto. (1961). Die tanzmasken der Tukana und Juri - Taboca indianer der sammlung Spix and Martius im Staatlichen Museum für Volkerkunde zu Munchen aus dem jahre 1820 und ihre Bedeutung im lichte neuer ethnologischer Forschung. Paideuma."
BIB-A-0752,Artículo,"Abadía, Guillermo",1962,Danzas y tonadas indígenas,Boletín de programas de la Radio Nacional,,208 - 209,97-106,,,,,,,,,No verificado externamente,,"Abadía, Guillermo. (1962). Danzas y tonadas indígenas. Boletín de programas de la Radio Nacional."
BIB-A-0753,Artículo,Anónimo,1962,El tercer congreso nacional de folcloristas,Revista Colombiana de Folclor,,7,243-255,,,,,,,,,No verificado externamente,,Anónimo. (1962). El tercer congreso nacional de folcloristas. Revista Colombiana de Folclor.
BIB-A-0754,Artículo,Anónimo,1962,Por los caminos del folclor,Boletín de Programas de Radio Sutatenza,,,8-9,,,,,,,,,No verificado externamente,,Anónimo. (1962). Por los caminos del folclor. Boletín de Programas de Radio Sutatenza.
BIB-A-0755,Artículo,"Aranjuez, Lorenzo de",1962,Costumbres Guajiras,Venezuela Misionera,,261,186-187,,,,,,,,,No verificado externamente,,"Aranjuez, Lorenzo de. (1962). Costumbres Guajiras. Venezuela Misionera."
BIB-A-0756,Artículo,"Barrientos , José",1962,Folclor segoviano,Revista Colombiana de Folclor,,7,149-186,,,,,,,,,No verificado externamente,,"Barrientos , José. (1962). Folclor segoviano. Revista Colombiana de Folclor."
BIB-A-0757,Artículo,"Bejarano, Jorge",1962,Informe sobre el estado actual del cocaismo en Colombia,Boletín Cultural y Bibliográfico de la Biblioteca Luis Ángel Arango,,5,604-608,,,,,,,,,No verificado externamente,,"Bejarano, Jorge. (1962). Informe sobre el estado actual del cocaismo en Colombia. Boletín Cultural y Bibliográfico de la Biblioteca Luis Ángel Arango."
BIB-A-0758,Artículo,"Beutler, Gisela",1962,El romance de Ximénez de Quesada ¿primer poema colombiano?,Thesaurus,XVII,2,349-433,,,,,,,,,No verificado externamente,,"Beutler, Gisela. (1962). El romance de Ximénez de Quesada ¿primer poema colombiano?. Thesaurus."
BIB-A-0759,Artículo,"Blandón, José Miguel",1962,Tradiciones de los indígenas del Vaupés.,Semisiones,,99,15-17,,,,,,,,,No verificado externamente,,"Blandón, José Miguel. (1962). Tradiciones de los indígenas del Vaupés.. Semisiones."
BIB-A-0760,Artículo,"Blandón, José Miguel",1962,Tradiciones de los indígenas del Vaupés,Semisiones,,99,15-17,,,,,,,,,No verificado externamente,,"Blandón, José Miguel. (1962). Tradiciones de los indígenas del Vaupés. Semisiones."
BIB-A-0761,Artículo,"Cadavid Uribe, Gonzalo",1962,El saber popular,Revista Universidad de Antioquia,,150 / 151,639 / 840-700 / 898,,,,,,,,,No verificado externamente,,"Cadavid Uribe, Gonzalo. (1962). El saber popular. Revista Universidad de Antioquia."
BIB-A-0762,Artículo,"Cardona, Miguel",1962,Creencias y dichos relacionados con las aves,Archivos Venezolanos de Folclor,10 - 11,7,237-258,,,,,,,,,No verificado externamente,,"Cardona, Miguel. (1962). Creencias y dichos relacionados con las aves. Archivos Venezolanos de Folclor."
BIB-A-0763,Artículo,"Delgado Nieto, Carlos",1962,El saber popular,Revista Universidad de Antioquia,,150 / 151,639 / 840-700 / 898,,,,,,,,,No verificado externamente,,"Delgado Nieto, Carlos. (1962). El saber popular. Revista Universidad de Antioquia."
BIB-A-0764,Artículo,"Devia, Misael",1962,Folclor tolimense,Revista Colombiana de Folclor,,7,9-93,,,,,,,,,No verificado externamente,,"Devia, Misael. (1962). Folclor tolimense. Revista Colombiana de Folclor."
BIB-A-0765,Artículo,"Devia, Misael",1962,Vocabulario del campesino tolimense,Revista Colombiana de Folclor,,7,95-106,,,,,,,,,No verificado externamente,,"Devia, Misael. (1962). Vocabulario del campesino tolimense. Revista Colombiana de Folclor."
BIB-A-0766,Artículo,"Fuchs, Helmuth",1962,Totemismus und social Struktur der Guajiro.,Actas del 34 Congreso Internacional de Americanistas,,,585-591,,,,,,,,,No verificado externamente,,"Fuchs, Helmuth. (1962). Totemismus und social Struktur der Guajiro.. Actas del 34 Congreso Internacional de Americanistas."
BIB-A-0767,Artículo,"Fuchs, Helmuth",1962,Las colecciones de flechas de los Paraogwan (Paraujano) y Wayu (Guajiro) en el Museo de Ciencias Naturales de Caracas,Folia Antropológica,,3,52-63,,,,,,,,,No verificado externamente,,"Fuchs, Helmuth. (1962). Las colecciones de flechas de los Paraogwan (Paraujano) y Wayu (Guajiro) en el Museo de Ciencias Naturales de Caracas. Folia Antropológica."
BIB-A-0768,Artículo,"Galindo, Julio Roberto",1962,Las travesuras de Chaquén,Repertorio Boyacense,,223 - 224,1383-,,,,,,,,,No verificado externamente,,"Galindo, Julio Roberto. (1962). Las travesuras de Chaquén. Repertorio Boyacense."
BIB-A-0769,Artículo,"Garzón, Darío",1962,"Historia de la guabina ""Soy tolimense""",Revista de las Fuerzas de Policía,,95,63-,,,,,,,,,No verificado externamente,,"Garzón, Darío. (1962). Historia de la guabina ""Soy tolimense"". Revista de las Fuerzas de Policía."
BIB-A-0770,Artículo,"Juajibioy, Alberto",1962,Breve estudio preliminar del grupo aborigen de Sibundoy y su lengua Kamsa en el sur de Colombia,Boletín del Instituto de Antropología de la Universidad de Antioquia,2,8,3-33,,,,,,,,,No verificado externamente,,"Juajibioy, Alberto. (1962). Breve estudio preliminar del grupo aborigen de Sibundoy y su lengua Kamsa en el sur de Colombia. Boletín del Instituto de Antropología de la Universidad de Antioquia."
BIB-A-0771,Artículo,"llamírez, Noel",1962,El bunde tolimense,Revista de las Fuerzas de Policía,,95,,,,,,,,,,No verificado externamente,,"llamírez, Noel. (1962). El bunde tolimense. Revista de las Fuerzas de Policía."
BIB-A-0772,Artículo,"Mallol de Recasens, Ma. Rosa",1962,Recopilación de datos sobre magia urbana en Buenaventura,Revista Colombiana de Folclor,,7,221-232,,,,,,,,,No verificado externamente,,"Mallol de Recasens, Ma. Rosa. (1962). Recopilación de datos sobre magia urbana en Buenaventura. Revista Colombiana de Folclor."
BIB-A-0773,Artículo,"Montes, José Joaquín",1962,Apuntes sobre el vocabulario del tabaco en Bolívar y Santander,Thesaurus,17,1,30-50,,,,,,,,,No verificado externamente,,"Montes, José Joaquín. (1962). Apuntes sobre el vocabulario del tabaco en Bolívar y Santander. Thesaurus."
BIB-A-0774,Artículo,"Montes, José Joaquín",1962,"Sobre el habla de San Basilio de Palenque, Bolívar, Colombia",Thesaurus,17,2,446-450,,,,,,,,,No verificado externamente,,"Montes, José Joaquín. (1962). Sobre el habla de San Basilio de Palenque, Bolívar, Colombia. Thesaurus."
BIB-A-0775,Artículo,"Mora de Jaramillo, Yolanda",1962,Chichas de una región de la Costa Atlántica Colombiana,Revista Colombiana de Folclor,,7,233-242,,,,,,,,,No verificado externamente,,"Mora de Jaramillo, Yolanda. (1962). Chichas de una región de la Costa Atlántica Colombiana. Revista Colombiana de Folclor."
BIB-A-0776,Artículo,"Muñoz, Milina",1962,"Una visita al santuario de Nuestra Señora de las Mercedes de Nátaga, Huila",Revista Colombiana de Folclor,211,7,220-,,,,,,,,,No verificado externamente,,"Muñoz, Milina. (1962). Una visita al santuario de Nuestra Señora de las Mercedes de Nátaga, Huila. Revista Colombiana de Folclor."
BIB-A-0777,Artículo,"Ortiz , Sergio Elías",1962,Fiestas populares en el Socorro en 1874,Boletín cultural y bibliográfico de la biblioteca Luis Ángel Arango,5,12,1566-1575,,,,,,,,,No verificado externamente,,"Ortiz , Sergio Elías. (1962). Fiestas populares en el Socorro en 1874. Boletín cultural y bibliográfico de la biblioteca Luis Ángel Arango."
BIB-A-0778,Artículo,"Pardo Tovar, Andrés",1962,Del folclor en Colombia,Cultura,,112-113,231-254,,,,,,,,,No verificado externamente,,"Pardo Tovar, Andrés. (1962). Del folclor en Colombia. Cultura."
BIB-A-0779,Artículo,"Pardo Tovar, Andrés",1962,"Musicología, etnomusicología y folclor",Boletín latinoamericano de música,,32,3-11,,,,,,,,,No verificado externamente,,"Pardo Tovar, Andrés. (1962). Musicología, etnomusicología y folclor. Boletín latinoamericano de música."
BIB-A-0780,Artículo,"Posada, Marcelino",1962,La pimienta,Boletín de Antropología de la Universidad de Antioquia,2,8,123-130,,,,,,,,,No verificado externamente,,"Posada, Marcelino. (1962). La pimienta. Boletín de Antropología de la Universidad de Antioquia."
BIB-A-0781,Artículo,"Reichel-Dolmatoff, Gerardo",1962,Contribuciones a la etnografía de los indios del Chocó,Revista Colombiana de Antropología,,11,169-185,,,,,,,,,No verificado externamente,,"Reichel-Dolmatoff, Gerardo. (1962). Contribuciones a la etnografía de los indios del Chocó. Revista Colombiana de Antropología."
BIB-A-0782,Artículo,"Reverte, José Manuel",1962,El telar Cuna,Lotería,,75,42-52,,,,,,,,,No verificado externamente,,"Reverte, José Manuel. (1962). El telar Cuna. Lotería."
BIB-A-0783,Artículo,"Reverte, José Manuel",1962,Vida sexual y creencias religiosas entre los indios Cuna de Panamá,Boletín del Instituto de Antropología de la Universidad de Antioquia,2,8,57-103,,,,,,,,,No verificado externamente,,"Reverte, José Manuel. (1962). Vida sexual y creencias religiosas entre los indios Cuna de Panamá. Boletín del Instituto de Antropología de la Universidad de Antioquia."
BIB-A-0784,Artículo,"Reverte, José Manuel",1962,La medicina entre los indios Cuna de Panamá,Lotería,,76,32-38,,,,,,,,,No verificado externamente,,"Reverte, José Manuel. (1962). La medicina entre los indios Cuna de Panamá. Lotería."
BIB-A-0785,Artículo,"Romero, Mario Germán",1962,"Enfermedades, médicos y medicinas en Don Joan de Castellanos",Boletín Cultural y Bibliográfico de la Biblioteca Luis Ángel Arango,5,9,1121-1126,,,,,,,,,No verificado externamente,,"Romero, Mario Germán. (1962). Enfermedades, médicos y medicinas en Don Joan de Castellanos. Boletín Cultural y Bibliográfico de la Biblioteca Luis Ángel Arango."
BIB-A-0786,Artículo,"Sánchez Montenegro, Víctor",1962,Biografía esotérica del cuy,Boletín Cultural y Bibliográfico de la Biblioteca Luis Ángel Arango,5,9,1174-1182,,,,,,,,,No verificado externamente,,"Sánchez Montenegro, Víctor. (1962). Biografía esotérica del cuy. Boletín Cultural y Bibliográfico de la Biblioteca Luis Ángel Arango."
BIB-A-0787,Artículo,"Stoddart, D.E.",1962,Myth and ceremonial among the Tunebo indians of eastern Colombia,Journal of American folklore,75,296,147-152,,,,,,,,,No verificado externamente,,"Stoddart, D.E.. (1962). Myth and ceremonial among the Tunebo indians of eastern Colombia. Journal of American folklore."
BIB-A-0788,Artículo,"Suárez Pineda, Luis Francisco",1962,Celebración de la Semana Santa en Colombia (Algunas regiones de),Thesaurus,17,3,574-605,,,,,,,,,No verificado externamente,,"Suárez Pineda, Luis Francisco. (1962). Celebración de la Semana Santa en Colombia (Algunas regiones de). Thesaurus."
BIB-A-0789,Artículo,"Torres de Arauz, Reina",1962,El shamanismo entre los indios Chocoes,Hombre y Cultura,1,1,16-43,,,,,,,,,No verificado externamente,,"Torres de Arauz, Reina. (1962). El shamanismo entre los indios Chocoes. Hombre y Cultura."
BIB-A-0790,Artículo,"Velásquez, Rogelio",1962,Gentilicios africanos del occidente de Colombia,Revista Colombiana de Folclor,,7,107-148,,,,,,,,,No verificado externamente,,"Velásquez, Rogelio. (1962). Gentilicios africanos del occidente de Colombia. Revista Colombiana de Folclor."
BIB-A-0791,Artículo,"W:ilbert, Johannes",1962,Literatura oral y creencias de los indios Guajiros,Memorias de la Sociedad de Ciencias Naturales la Salle,22,62,103-115,,,,,,,,,No verificado externamente,,"W:ilbert, Johannes. (1962). Literatura oral y creencias de los indios Guajiros. Memorias de la Sociedad de Ciencias Naturales la Salle."
BIB-A-0792,Artículo,"Wilbert, Johannes",1962,Literatura oral y creencias de los indios Guajiros,Memorias de la Sociedad de Ciencias Naturales la Salle,22,62,103-115,,,,,,,,,No verificado externamente,,"Wilbert, Johannes. (1962). Literatura oral y creencias de los indios Guajiros. Memorias de la Sociedad de Ciencias Naturales la Salle."
BIB-A-0793,Artículo,"Zapata Olivella, Delia",1962,"La cumbia, síntesis musical de la nación colombiana. Reseña histórica y coreográgica",Revista Colombiana de Folclor,,7,187-204,,,,,,,,,No verificado externamente,,"Zapata Olivella, Delia. (1962). La cumbia, síntesis musical de la nación colombiana. Reseña histórica y coreográgica. Revista Colombiana de Folclor."
BIB-A-0794,Artículo,"Zapata Olivella, Manuel",1962,El folclor andino,Boletín Cultural y Bibliográfico de la Biblioteca Luis Ángel Arango,5,5,598-599,,,,,,,,,No verificado externamente,,"Zapata Olivella, Manuel. (1962). El folclor andino. Boletín Cultural y Bibliográfico de la Biblioteca Luis Ángel Arango."
BIB-A-0795,Artículo,"Zapata Olivella, Manuel",1962,Cantos religiosos de los negros de Palenque,Revista Colombiana de Folclor,,7,205-210,,,,,,,,,No verificado externamente,,"Zapata Olivella, Manuel. (1962). Cantos religiosos de los negros de Palenque. Revista Colombiana de Folclor."
BIB-A-0796,Artículo,"Zapata Olivella, Manuel",1962,Los pasos del folclor colombiano. La cumbia,Vinculoshell,,118,46-,,,,,,,,,No verificado externamente,,"Zapata Olivella, Manuel. (1962). Los pasos del folclor colombiano. La cumbia. Vinculoshell."
BIB-A-0797,Artículo,"Zapata Olivella, Manuel",1962,El acordeón en el Magdalena,Boletín cultural y bibliográfico de la biblioteca Luis Ángel Arango,5,1,81-82,,,,,,,,,No verificado externamente,,"Zapata Olivella, Manuel. (1962). El acordeón en el Magdalena. Boletín cultural y bibliográfico de la biblioteca Luis Ángel Arango."
BIB-A-0798,Artículo,"Zapata Olivella, Manuel",1962,Los ritmos populares,Boletín cultural y bibliográfico de la biblioteca Luis Ángel Arango,5,11,1498-1499,,,,,,,,,No verificado externamente,,"Zapata Olivella, Manuel. (1962). Los ritmos populares. Boletín cultural y bibliográfico de la biblioteca Luis Ángel Arango."
BIB-A-0799,Artículo,"Zapata Olivella, Manuel",1962,Cantos religiosos de los negros de Palenque,Revista Colombiana de Folclor,,7,207-210,,,,,,,,,No verificado externamente,,"Zapata Olivella, Manuel. (1962). Cantos religiosos de los negros de Palenque. Revista Colombiana de Folclor."
BIB-A-0800,Artículo,"Abadía, Guillermo",1963,Notas varías sobre nuestro ilusiógeno Yage,Revista Colombiana de Folclor,,8,49-57,,,,,,,,,No verificado externamente,,"Abadía, Guillermo. (1963). Notas varías sobre nuestro ilusiógeno Yage. Revista Colombiana de Folclor."
BIB-A-0801,Artículo,"Beutler, Gisela",1963,Adivinanzas de tradición oral en Antioquia,Thesaurus,18,1,98-140,,,,,,,,,No verificado externamente,,"Beutler, Gisela. (1963). Adivinanzas de tradición oral en Antioquia. Thesaurus."
BIB-A-0802,Artículo,"Beutler, Gisela",1963,Adivinanzas De Tradición Oral en Antioquia,,1,125,98-140,,,,,,,,,No verificado externamente,,"Beutler, Gisela. (1963). Adivinanzas De Tradición Oral en Antioquia."
BIB-A-0803,Artículo,"Cardenal, Ernesto",1963,El relato de la creación de los indios Huitoto de Colombia.,Universidad de México,18,3,28-29,,,,,,,,,No verificado externamente,,"Cardenal, Ernesto. (1963). El relato de la creación de los indios Huitoto de Colombia.. Universidad de México."
BIB-A-0804,Artículo,"Cardenal, Ernesto",1963,El relato de la creación de los indios Huitoto de Colombia,Universidad de México,18,3,28-29,,,,,,,,,No verificado externamente,,"Cardenal, Ernesto. (1963). El relato de la creación de los indios Huitoto de Colombia. Universidad de México."
BIB-A-0805,Artículo,"Chavez , Alvaro",1963,"Oraciones, secretos y conjuros en la zona rural colombiana",Revista Colombiana de Folclor,,8,89-98,,,,,,,,,No verificado externamente,,"Chavez , Alvaro. (1963). Oraciones, secretos y conjuros en la zona rural colombiana. Revista Colombiana de Folclor."
BIB-A-0806,Artículo,"Del Castillo, Gabriel",1963,"La ayahuasca, planta mágica de la Amazonía. El ayahuasquismo",Perú Indígena,10,24-25,88-98,,,,,,,,,No verificado externamente,,"Del Castillo, Gabriel. (1963). La ayahuasca, planta mágica de la Amazonía. El ayahuasquismo. Perú Indígena."
BIB-A-0807,Artículo,"Figueroa Lorza, Jennie",1963,"Léxico de la caña de azúcar en Palmira y La Cumbre (Valle del Cauca, Colombia)",Thesaurus,18,3,553-621,,,,,,,,,No verificado externamente,,"Figueroa Lorza, Jennie. (1963). Léxico de la caña de azúcar en Palmira y La Cumbre (Valle del Cauca, Colombia). Thesaurus."
BIB-A-0808,Artículo,"Figueroa, Jennie",1963,"Léxico de la caña de azúcar en Palmira y La Cumbre. (Valle del Cauca, Colombia)",Thesaurus,18,3,553-621,,,,,,,,,No verificado externamente,,"Figueroa, Jennie. (1963). Léxico de la caña de azúcar en Palmira y La Cumbre. (Valle del Cauca, Colombia). Thesaurus."
BIB-A-0809,Artículo,"Flórez, Luis",1963,El español hablado en Colombia y su Atlas,Thesaurus,18,2,268-356,,,,,,,,,No verificado externamente,,"Flórez, Luis. (1963). El español hablado en Colombia y su Atlas. Thesaurus."
BIB-A-0810,Artículo,"Gers, José",1963,El Valle de la Alegría,Revista Universidad de Antioquia,,154,535-539,,,,,,,,,No verificado externamente,,"Gers, José. (1963). El Valle de la Alegría. Revista Universidad de Antioquia."
BIB-A-0811,Artículo,"Holmer, Nils y Wassen, Henry",1963,Dos cantos shamanísticos de los indios Cunas,Etnologiska Studier,,27,,,,,,,,,,No verificado externamente,,"Holmer, Nils y Wassen, Henry. (1963). Dos cantos shamanísticos de los indios Cunas. Etnologiska Studier."
BIB-A-0812,Artículo,"Mallol de Recasens, Ma. Rosa",1963,Cuatro representaciones de las imágenes alucinatorias originadas por la toma de yagé,Revista Colombiana de Folclor,,8,59-77,,,,,,,,,No verificado externamente,,"Mallol de Recasens, Ma. Rosa. (1963). Cuatro representaciones de las imágenes alucinatorias originadas por la toma de yagé. Revista Colombiana de Folclor."
BIB-A-0813,Artículo,"Mallol de Recasens, María Rosa",1963,Cuatro representaciones de las imágenes alucinatorias originadas por la toma del yagé,Revista Colombiana de Folclor,,8,59-77,,,,,,,,,No verificado externamente,,"Mallol de Recasens, María Rosa. (1963). Cuatro representaciones de las imágenes alucinatorias originadas por la toma del yagé. Revista Colombiana de Folclor."
BIB-A-0814,Artículo,"Márquez Yanez, Francisco",1963,Astrología popular en Santander del Norte,Revista Colombiana de Folclor,,8,139-144,,,,,,,,,No verificado externamente,,"Márquez Yanez, Francisco. (1963). Astrología popular en Santander del Norte. Revista Colombiana de Folclor."
BIB-A-0815,Artículo,"Márquez Yañez, Francisco",1963,Algunos antecedentes sobre estudios folclóricos en Colombia,Revista Colombiana de Folclor,,8,151-164,,,,,,,,,No verificado externamente,,"Márquez Yañez, Francisco. (1963). Algunos antecedentes sobre estudios folclóricos en Colombia. Revista Colombiana de Folclor."
BIB-A-0816,Artículo,"Montes, José Joaquín",1963,Algunas fitonimias colombianas,Thesaurus,,18,163-186,,,,,,,,,No verificado externamente,,"Montes, José Joaquín. (1963). Algunas fitonimias colombianas. Thesaurus."
BIB-A-0817,Artículo,"Mora de Jaramillo, Yolanda",1963,Economía y alimentación en un caserío rural de la Costa Atlántica Colombiana,Revista Colombiana de Antropología,,12,97-250,,,,,,,,,No verificado externamente,,"Mora de Jaramillo, Yolanda. (1963). Economía y alimentación en un caserío rural de la Costa Atlántica Colombiana. Revista Colombiana de Antropología."
BIB-A-0818,Artículo,"Mora de Jaramillo, Yolanda",1963,Barniz de Pasto: Una artesanía colombiana de procedencia aborigen,Revista Colombiana de Folclor,,8,11-48,,,,,,,,,No verificado externamente,,"Mora de Jaramillo, Yolanda. (1963). Barniz de Pasto: Una artesanía colombiana de procedencia aborigen. Revista Colombiana de Folclor."
BIB-A-0819,Artículo,"Moreno, Héctor",1963,Autenticidad y evolución del folclor llanero,Revista de las fuerzas de policía,,98,89-,,,,,,,,,No verificado externamente,,"Moreno, Héctor. (1963). Autenticidad y evolución del folclor llanero. Revista de las fuerzas de policía."
BIB-A-0820,Artículo,"Moreno, Héctor",1963,Autenticidad y evolución del folclor llanero,Semisiones,,109,27-29,,,,,,,,,No verificado externamente,,"Moreno, Héctor. (1963). Autenticidad y evolución del folclor llanero. Semisiones."
BIB-A-0821,Artículo,"Moreno, Héctor",1963,Folclor llanero,Semisiones,,111,27-29,,,,,,,,,No verificado externamente,,"Moreno, Héctor. (1963). Folclor llanero. Semisiones."
BIB-A-0822,Artículo,"Muñoz, Milina",1963,Creencias populares entre campesinos de San Agustín,Revista Colombiana de Folclor,,8,99-113,,,,,,,,,No verificado externamente,,"Muñoz, Milina. (1963). Creencias populares entre campesinos de San Agustín. Revista Colombiana de Folclor."
BIB-A-0823,Artículo,"Ortiz , Sergio Elías",1963,Tres modos de jugar a la pelota en Colombia,Revista Colombiana de Folclor,,8,79-88,,,,,,,,,No verificado externamente,,"Ortiz , Sergio Elías. (1963). Tres modos de jugar a la pelota en Colombia. Revista Colombiana de Folclor."
BIB-A-0824,Artículo,"Payán Archer, Guillermo",1963,"Anotaciones para un diccionario de Colombianismos originales del Litoral Pacífico, Departamentos del Valle del Cauca, Cauca y Nariño",Boletín cultural y bibliográfico de la biblioteca Luis Ángel Arango,6,1,82-91,,,,,,,,,No verificado externamente,,"Payán Archer, Guillermo. (1963). Anotaciones para un diccionario de Colombianismos originales del Litoral Pacífico, Departamentos del Valle del Cauca, Cauca y Nariño. Boletín cultural y bibliográfico de la biblioteca Luis Ángel Arango."
BIB-A-0825,Artículo,"Reichel-Dolmatoff, Gerardo",1963,Apuntes Etnográficos sobre los indios de Alto Sinú,"Revista de la Academia de Ciencias Exactas, Físicas y Naturales",12,45,29-40,,,,,,,,,No verificado externamente,,"Reichel-Dolmatoff, Gerardo. (1963). Apuntes Etnográficos sobre los indios de Alto Sinú. Revista de la Academia de Ciencias Exactas, Físicas y Naturales."
BIB-A-0826,Artículo,"Rozo, Vidal Antonio",1963,Algunas coplas del Departamento de Boívar,Revista Colombiana de Folclor,,8,115-135,,,,,,,,,No verificado externamente,,"Rozo, Vidal Antonio. (1963). Algunas coplas del Departamento de Boívar. Revista Colombiana de Folclor."
BIB-A-0827,Artículo,"Soriano Lleras, Andrés",1963,La medicina indígena en Colombia,Revista de la Facultad de Medicina,,4,,,,,,,,,,No verificado externamente,,"Soriano Lleras, Andrés. (1963). La medicina indígena en Colombia. Revista de la Facultad de Medicina."
BIB-A-0828,Artículo,"Uscátegui, Néstor",1963,Notas etnobotánicas sobre el ají indígena,Revista Colombiana de Antropología,,12,89-96,,,,,,,,,No verificado externamente,,"Uscátegui, Néstor. (1963). Notas etnobotánicas sobre el ají indígena. Revista Colombiana de Antropología."
BIB-A-0829,Artículo,"Velásquez, Rodrigo",1963,Ah brujo miedoso,Semisiones,,103,10-12,,,,,,,,,No verificado externamente,,"Velásquez, Rodrigo. (1963). Ah brujo miedoso. Semisiones."
BIB-A-0830,Artículo,"Wassen, Henry",1963,Estudios Chocoes. 1: Etnohistoria chocoana y cinco cuentos Waunana apuntados en 1955,Etnologiska Studier,,26,7-78,,,,,,,,,No verificado externamente,,"Wassen, Henry. (1963). Estudios Chocoes. 1: Etnohistoria chocoana y cinco cuentos Waunana apuntados en 1955. Etnologiska Studier."
BIB-A-0831,Artículo,"Wassen, Henry and Holmstead, Bo.",1963,The use of Pericá. An ethnological and Pharmacological review,Ethnos,28,1,5-45,,,,,,,,,No verificado externamente,,"Wassen, Henry and Holmstead, Bo.. (1963). The use of Pericá. An ethnological and Pharmacological review. Ethnos."
BIB-A-0832,Artículo,"Zapata Olivella, Manuel",1963,Tres fuentes de la artesanía colombiana,Revista Colombiana de Folclor,,8,145-150,,,,,,,,,No verificado externamente,,"Zapata Olivella, Manuel. (1963). Tres fuentes de la artesanía colombiana. Revista Colombiana de Folclor."
BIB-A-0833,Artículo,"Zapata Olivella, Manuel",1963,Comparsa y teatro callejero en los Carnavales colombianos,Boletín cultural y bibliográfico de la biblioteca Luis Ángel Arango,6,11,1763-1765,,,,,,,,,No verificado externamente,,"Zapata Olivella, Manuel. (1963). Comparsa y teatro callejero en los Carnavales colombianos. Boletín cultural y bibliográfico de la biblioteca Luis Ángel Arango."
BIB-A-0834,Artículo,"Abadía, Guillermo",1964,Divagaciones en torno a la copla colombiana,Revista Colombiana de Folclor,,9,259-265,,,,,,,,,No verificado externamente,,"Abadía, Guillermo. (1964). Divagaciones en torno a la copla colombiana. Revista Colombiana de Folclor."
BIB-A-0835,Artículo,Anónimo,1964,Coplas et chansons populaires,Europe,,423 - 424,108-113,,,,,,,,,No verificado externamente,,Anónimo. (1964). Coplas et chansons populaires. Europe.
BIB-A-0836,Artículo,Anónimo,1964,Poeme Huitoto de la création des étres et des choses,Europe,,423 - 424,69-70,,,,,,,,,No verificado externamente,,Anónimo. (1964). Poeme Huitoto de la création des étres et des choses. Europe.
BIB-A-0837,Artículo,"Cardenal, Ernesto",1964,La création suivant les indiens Huitoto,Europa,,423 - 424,66-69,,,,,,,,,No verificado externamente,,"Cardenal, Ernesto. (1964). La création suivant les indiens Huitoto. Europa."
BIB-A-0838,Artículo,"Duarte, Bacon",1964,Notas sobre folclor,Revista Universidad de Antioquia,,156,104-110,,,,,,,,,No verificado externamente,,"Duarte, Bacon. (1964). Notas sobre folclor. Revista Universidad de Antioquia."
BIB-A-0839,Artículo,"Garibello, Carlos",1964,Informe de la comisión etnomusicológica a Tierradentro,Anales de la Junta Nacional de Folclor,,,,,,,,,,,,No verificado externamente,,"Garibello, Carlos. (1964). Informe de la comisión etnomusicológica a Tierradentro. Anales de la Junta Nacional de Folclor."
BIB-A-0840,Artículo,"Lehman, Henri",1964,Contribution a l'ethnographie Kwaiker,Journal de la Société des Américanistes,,52,255-270,,,,,,,,,No verificado externamente,,"Lehman, Henri. (1964). Contribution a l'ethnographie Kwaiker. Journal de la Société des Américanistes."
BIB-A-0841,Artículo,"Marulanda, Octavio (Ed.)",1964,Investigación folclórica,Páginas de Cultura,,1,,,,,,,,,,No verificado externamente,,"Marulanda, Octavio (Ed.). (1964). Investigación folclórica. Páginas de Cultura."
BIB-A-0842,Artículo,"Mejía, Darío",1964,El sepulcro de Iamacurú. Leyenda del Vaupés,Semisiones,,118,25-,,,,,,,,,No verificado externamente,,"Mejía, Darío. (1964). El sepulcro de Iamacurú. Leyenda del Vaupés. Semisiones."
BIB-A-0843,Artículo,"Montoya, Wenceslao",1964,"Algo de folclor: Comentarios y adiciones a la obra ""Bogotanismos"" del Dr. Luis Alberto Acuña",Revista Universidad de Antioquia,,157,303-325,,,,,,,,,No verificado externamente,,"Montoya, Wenceslao. (1964). Algo de folclor: Comentarios y adiciones a la obra ""Bogotanismos"" del Dr. Luis Alberto Acuña. Revista Universidad de Antioquia."
BIB-A-0844,Artículo,"Montoya, Wenceslao",1964,"Algo de folclor: Comentarios y adiciones a la obra ""Bogotanismos"" del Dr. Luis Alberto Acuña",Revista Universidad de Antioquia,,158,627-635,,,,,,,,,No verificado externamente,,"Montoya, Wenceslao. (1964). Algo de folclor: Comentarios y adiciones a la obra ""Bogotanismos"" del Dr. Luis Alberto Acuña. Revista Universidad de Antioquia."
BIB-A-0845,Artículo,"Moreno, Héctor",1964,Folclor llanero,Semisiones,,111,27-29,,,,,,,,,No verificado externamente,,"Moreno, Héctor. (1964). Folclor llanero. Semisiones."
BIB-A-0846,Artículo,"Orozco, Argemiro",1964,Tierra Chocoana,Semisiones,,113,33-35,,,,,,,,,No verificado externamente,,"Orozco, Argemiro. (1964). Tierra Chocoana. Semisiones."
BIB-A-0847,Artículo,"Pardo Tovar, Andrés",1964,La copla en Colombia,Páginas de Cultura,,3 - 4,,,,,,,,,,No verificado externamente,,"Pardo Tovar, Andrés. (1964). La copla en Colombia. Páginas de Cultura."
BIB-A-0848,Artículo,"Pérez Silva, Vicente",1964,Breve panorama del villancico colombiano,Boletín cultural y bibliográfico de la biblioteca Luis Ángel Arango,7,12,2185-2194,,,,,,,,,No verificado externamente,,"Pérez Silva, Vicente. (1964). Breve panorama del villancico colombiano. Boletín cultural y bibliográfico de la biblioteca Luis Ángel Arango."
BIB-A-0849,Artículo,"Rodríguez de Montes, Ma. Luisa",1964,Léxico de alimentación popular en algunas regiones de Colombia,Thesaurus,19,1,42-98,,,,,,,,,No verificado externamente,,"Rodríguez de Montes, Ma. Luisa. (1964). Léxico de alimentación popular en algunas regiones de Colombia. Thesaurus."
BIB-A-0850,Artículo,"Rodríguez de Montes, María Luisa",1964,Léxico de la alimentación popular en algunas regiones de Colombia,Thesaurus,19,1,42-98,,,,,,,,,No verificado externamente,,"Rodríguez de Montes, María Luisa. (1964). Léxico de la alimentación popular en algunas regiones de Colombia. Thesaurus."
BIB-A-0851,Artículo,"Tobón, Julio",1964,Colombianismos,Revista Universidad de Antioquia,,29,449-459,,,,,,,,,No verificado externamente,,"Tobón, Julio. (1964). Colombianismos. Revista Universidad de Antioquia."
BIB-A-0852,Artículo,"Yarce, J. de",1964,Por tierras de Tunebos,Semisiones,,111,38-39,,,,,,,,,No verificado externamente,,"Yarce, J. de. (1964). Por tierras de Tunebos. Semisiones."
BIB-A-0853,Artículo,"Zapata Olivella, Delia",1964,Danzas de Colombia,Páginas de cultura,,3,,,,,,,,,,No verificado externamente,,"Zapata Olivella, Delia. (1964). Danzas de Colombia. Páginas de cultura."
BIB-A-0854,Artículo,"Zapata Olivella, Delia",1964,Aspectos generales de las danzas indígenas colombianas,Páginas de cultura,,5,,,,,,,,,,No verificado externamente,,"Zapata Olivella, Delia. (1964). Aspectos generales de las danzas indígenas colombianas. Páginas de cultura."
BIB-A-0855,Artículo,"Zapata Olivella, Manuel",1964,Aculturación del arte popular colombiano,Boletín Cultural y Bibliográfico de la Biblioteca Luis Ángel Arango,7,9,1660-1662,,,,,,,,,No verificado externamente,,"Zapata Olivella, Manuel. (1964). Aculturación del arte popular colombiano. Boletín Cultural y Bibliográfico de la Biblioteca Luis Ángel Arango."
BIB-A-0856,Artículo,Anónimo,1965,Folclor del Llano (sic),Semisiones,,123,17-19,,,,,,,,,No verificado externamente,,Anónimo. (1965). Folclor del Llano (sic). Semisiones.
BIB-A-0857,Artículo,"Arboleda, J. R.",1965,Los alambiques y la provisión de aguardiente en Japio,Popayán,,283,25-27,,,,,,,,,No verificado externamente,,"Arboleda, J. R.. (1965). Los alambiques y la provisión de aguardiente en Japio. Popayán."
BIB-A-0858,Artículo,"Chavez , Alvaro",1965,El baile del maíz en Cobaría,El Tiempo,,,,,,,,,,,,No verificado externamente,,"Chavez , Alvaro. (1965). El baile del maíz en Cobaría. El Tiempo."
BIB-A-0859,Artículo,"Chavez, Álvaro",1965,Bariras y Cobarías,Vínculo Shell,,126,40-42,,,,,,,,,No verificado externamente,,"Chavez, Álvaro. (1965). Bariras y Cobarías. Vínculo Shell."
BIB-A-0860,Artículo,"Correa Henao, Alfredo",1965,Tatuaje en Antioquia,Revista Universidad de Antioquia,,160,163-192,,,,,,,,,No verificado externamente,,"Correa Henao, Alfredo. (1965). Tatuaje en Antioquia. Revista Universidad de Antioquia."
BIB-A-0861,Artículo,"Devia M., Misael",1965,"Album de modismos, giros y refranes del campesino tolimense.",Revista Colombiana de FolclorFolclor 1964-1965,,9,11-188,,,,,,,,,No verificado externamente,,"Devia M., Misael. (1965). Album de modismos, giros y refranes del campesino tolimense.. Revista Colombiana de FolclorFolclor 1964-1965."
BIB-A-0862,Artículo,"Devia, Misael",1965,"Álbum de modismos, giros y refranes del campesino tolímense",Revista Colombiana de Folclor,,9,11-188,,,,,,,,,No verificado externamente,,"Devia, Misael. (1965). Álbum de modismos, giros y refranes del campesino tolímense. Revista Colombiana de Folclor."
BIB-A-0863,Artículo,"Escobar Uribe, Arturo",1965,La arriería en Antioquia,Vínculo Shell,,127,,,,,,,,,,No verificado externamente,,"Escobar Uribe, Arturo. (1965). La arriería en Antioquia. Vínculo Shell."
BIB-A-0864,Artículo,"Figueroa, Jennie",1965,Onomástica de vehículos,Thesaurus,20,2,353-370,,,,,,,,,No verificado externamente,,"Figueroa, Jennie. (1965). Onomástica de vehículos. Thesaurus."
BIB-A-0865,Artículo,"Friedemann, Nina",1965,Ceremonial religioso funébrico representativo de un proceso de cambio en un grupo negro de la isla de San Andrés,Revista Colombiana de Antropología,,13,147-181,,,,,,,,,No verificado externamente,,"Friedemann, Nina. (1965). Ceremonial religioso funébrico representativo de un proceso de cambio en un grupo negro de la isla de San Andrés. Revista Colombiana de Antropología."
BIB-A-0866,Artículo,"Friedemann, Nina",1965,"Miss Nanci, Old Nancí y otras narraciones del folclor de las islas de San Andrés",Revista Colombiana de Folclor,,9,213-233,,,,,,,,,No verificado externamente,,"Friedemann, Nina. (1965). Miss Nanci, Old Nancí y otras narraciones del folclor de las islas de San Andrés. Revista Colombiana de Folclor."
BIB-A-0867,Artículo,"Fuchs, Helmuth",1965,El totemismo entre los Guajiros,El Tiempo,,,,,,,,,,,,No verificado externamente,,"Fuchs, Helmuth. (1965). El totemismo entre los Guajiros. El Tiempo."
BIB-A-0868,Artículo,"Giese, Wilhelm",1965,Algunas insinuaciones metodológicas con especial referencia al estudio del folclor hispanoamericano,Thesaurus,20,3,618-622,,,,,,,,,No verificado externamente,,"Giese, Wilhelm. (1965). Algunas insinuaciones metodológicas con especial referencia al estudio del folclor hispanoamericano. Thesaurus."
BIB-A-0869,Artículo,"Jiménez, Jorge",1965,Temas del Vaupés,Semisiones,,115,,,,,,,,,,No verificado externamente,,"Jiménez, Jorge. (1965). Temas del Vaupés. Semisiones."
BIB-A-0870,Artículo,"Mallol de Recasens, Ma. Rosa y Recasens, José",1965,Contribución al conocimiento del Cacique-Curaca entre los Siona,Revista Colombiana de Antropología,,13,91-195,,,,,,,,,No verificado externamente,,"Mallol de Recasens, Ma. Rosa y Recasens, José. (1965). Contribución al conocimiento del Cacique-Curaca entre los Siona. Revista Colombiana de Antropología."
BIB-A-0871,Artículo,"Márquez Yañez, Francisco",1965,Coplas norte-santandereanas,Revista Colombiana de Folclor,,9,267-283,,,,,,,,,No verificado externamente,,"Márquez Yañez, Francisco. (1965). Coplas norte-santandereanas. Revista Colombiana de Folclor."
BIB-A-0872,Artículo,"Martán Góngora, Helcías",1965,La cultura popular española en Popayán,Boletín Cultural y Bibliográfico de la Biblioteca Luis Ángel Arango,8,4,548-551,,,,,,,,,No verificado externamente,,"Martán Góngora, Helcías. (1965). La cultura popular española en Popayán. Boletín Cultural y Bibliográfico de la Biblioteca Luis Ángel Arango."
BIB-A-0873,Artículo,"Martán Góngora, Helcías",1965,Romancero y folclor,Boletín cultural y bibliográfico de la biblioteca Luis Ángel Arango,,8,766-767,,,,,,,,,No verificado externamente,,"Martán Góngora, Helcías. (1965). Romancero y folclor. Boletín cultural y bibliográfico de la biblioteca Luis Ángel Arango."
BIB-A-0874,Artículo,"Montes, José Joaquín",1965,Bibliografía de los estudios sobre el español de Colombia,Thesaurus,20,3,425-465,,,,,,,,,No verificado externamente,,"Montes, José Joaquín. (1965). Bibliografía de los estudios sobre el español de Colombia. Thesaurus."
BIB-A-0875,Artículo,"Mora de Jaramillo, Yolanda",1965,Aspectos y problemas de las artesanías populares en Colombia,Revista Colombiana de Folclor,,9,189-212,,,,,,,,,No verificado externamente,,"Mora de Jaramillo, Yolanda. (1965). Aspectos y problemas de las artesanías populares en Colombia. Revista Colombiana de Folclor."
BIB-A-0876,Artículo,"Moreno Clavijo, Jorge",1965,Los cuadros de Costumbres de Torres Méndez,Boletín Cultural y Bibliográfico de la Biblioteca Luis Ángel Arango,8,12,1852-1854,,,,,,,,,No verificado externamente,,"Moreno Clavijo, Jorge. (1965). Los cuadros de Costumbres de Torres Méndez. Boletín Cultural y Bibliográfico de la Biblioteca Luis Ángel Arango."
BIB-A-0877,Artículo,"Pardo Tovar, Andrés",1965,"Traditional songs in Chocó, Colombia",Interamerican music bulletin,,46 - 47,3-28,,,,,,,,,No verificado externamente,,"Pardo Tovar, Andrés. (1965). Traditional songs in Chocó, Colombia. Interamerican music bulletin."
BIB-A-0878,Artículo,"Pineda, Luis",1965,Celebraciones navideñas y de comienzos de año en algunas regiones de Colombia,Thesaurus,1,3,481-606,,,,,,,,,No verificado externamente,,"Pineda, Luis. (1965). Celebraciones navideñas y de comienzos de año en algunas regiones de Colombia. Thesaurus."
BIB-A-0879,Artículo,"Pinton, Solange",1965,Les Bari,Journal de la Société des Américanistes,54,2,247-333,,,,,,,,,No verificado externamente,,"Pinton, Solange. (1965). Les Bari. Journal de la Société des Américanistes."
BIB-A-0880,Artículo,"Rodríguez Plata, Horacio",1965,Las hormigas culonas en la historia y el folclor,Revista Colombiana de Folclor,,10,47-59,,,,,,,,,No verificado externamente,,"Rodríguez Plata, Horacio. (1965). Las hormigas culonas en la historia y el folclor. Revista Colombiana de Folclor."
BIB-A-0881,Artículo,"Rojas Herazo, Héctor",1965,El cantar y la sangre: La copla,Boletín Cultural y Bibliográfico de la Biblioteca Luis Ángel Arango,8,12,1844-1846,,,,,,,,,No verificado externamente,,"Rojas Herazo, Héctor. (1965). El cantar y la sangre: La copla. Boletín Cultural y Bibliográfico de la Biblioteca Luis Ángel Arango."
BIB-A-0882,Artículo,"Rojas Herazo, Héctor",1965,El cantar y la sangre,Boletín cultural y bibliográfico de la biblioteca Luis Ángel Arango,8,12,1844-1846,,,,,,,,,No verificado externamente,,"Rojas Herazo, Héctor. (1965). El cantar y la sangre. Boletín cultural y bibliográfico de la biblioteca Luis Ángel Arango."
BIB-A-0883,Artículo,"Soriano Lleras, Andrés",1965,Los curanderos en el Nuevo Reino de Granada al finalizar el siglo XVIII,Boletín Cultural y Bibliográfico de la Biblioteca Luis Ángel Arango,8,6,909-912,,,,,,,,,No verificado externamente,,"Soriano Lleras, Andrés. (1965). Los curanderos en el Nuevo Reino de Granada al finalizar el siglo XVIII. Boletín Cultural y Bibliográfico de la Biblioteca Luis Ángel Arango."
BIB-A-0884,Artículo,"Suárez Pineda, Luis Francisco",1965,Celebraciones navideñas y de comienzos de año en algunas regiones de Colombia,Thesaurus,20,3,481-606,,,,,,,,,No verificado externamente,,"Suárez Pineda, Luis Francisco. (1965). Celebraciones navideñas y de comienzos de año en algunas regiones de Colombia. Thesaurus."
BIB-A-0885,Artículo,"Wassen, Henry",1965,The use of sorne specific kinds of South American indian snuffs and related paraphernalia,Etnologiska Studier,,28,,,,,,,,,,No verificado externamente,,"Wassen, Henry. (1965). The use of sorne specific kinds of South American indian snuffs and related paraphernalia. Etnologiska Studier."
BIB-A-0886,Artículo,"Wassen, Henry",1965,The use of sorne specific kinds of South American Indian snuffs and related paraphernalia,Etnologiska Studier,,2,,,,,,,,,,No verificado externamente,,"Wassen, Henry. (1965). The use of sorne specific kinds of South American Indian snuffs and related paraphernalia. Etnologiska Studier."
BIB-A-0887,Artículo,"Zapata Olivella, Delia",1965,Las danzas negras en Colombia,Páginas de cultura,,7,,,,,,,,,,No verificado externamente,,"Zapata Olivella, Delia. (1965). Las danzas negras en Colombia. Páginas de cultura."
BIB-A-0888,Artículo,"A rredondo, Eladio",1966,Folclor y poesía,Revista de las fuerzas de policía,,118,57-,,,,,,,,,No verificado externamente,,"A rredondo, Eladio. (1966). Folclor y poesía. Revista de las fuerzas de policía."
BIB-A-0889,Artículo,Anónimo,1966,Los Witotos,Almas,,,18-19,,,,,,,,,No verificado externamente,,Anónimo. (1966). Los Witotos. Almas.
BIB-A-0890,Artículo,"Arango, Alicia",1966,Los Chamíes: leyendas y brujerías,Almas,,320,15-17,,,,,,,,,No verificado externamente,,"Arango, Alicia. (1966). Los Chamíes: leyendas y brujerías. Almas."
BIB-A-0891,Artículo,"Arboleda, Hernando",1966,Entre los Barasana,Semisiones,,129,13-14,,,,,,,,,No verificado externamente,,"Arboleda, Hernando. (1966). Entre los Barasana. Semisiones."
BIB-A-0892,Artículo,"Bristol, Melvin",1966,The psycotropic Banisteriopsis among the Sibundoy of Colombia,"Botanical Museum Leaflets, Harvard University",,21,113-140,,,,,,,,,No verificado externamente,,"Bristol, Melvin. (1966). The psycotropic Banisteriopsis among the Sibundoy of Colombia. Botanical Museum Leaflets, Harvard University."
BIB-A-0893,Artículo,"Bristol, Melvin",1966,The Psychotropic Banisteriopsis among the Sibundoy of Colombia,Botanical Museum Leaflets. Harvard University,,21,113-140,,,,,,,,,No verificado externamente,,"Bristol, Melvin. (1966). The Psychotropic Banisteriopsis among the Sibundoy of Colombia. Botanical Museum Leaflets. Harvard University."
BIB-A-0894,Artículo,"Cobos , Ma. Teresa",1966,Del habla popular en el Llano,Boletín cultural y biliográfico de la biblioteca Luis Angel Arango,9,5,949-981,,,,,,,,,No verificado externamente,,"Cobos , Ma. Teresa. (1966). Del habla popular en el Llano. Boletín cultural y biliográfico de la biblioteca Luis Angel Arango."
BIB-A-0895,Artículo,"Figueroa Lorza, Jennie",1966,Algunos juegos infantiles del Chocó,Thesaurus,21,2,473-300,,,,,,,,,No verificado externamente,,"Figueroa Lorza, Jennie. (1966). Algunos juegos infantiles del Chocó. Thesaurus."
BIB-A-0896,Artículo,"Figueroa, Jennie",1966,Algunos juegos infantiles del Chocó,Thesaurus,21,2,274-300,,,,,,,,,No verificado externamente,,"Figueroa, Jennie. (1966). Algunos juegos infantiles del Chocó. Thesaurus."
BIB-A-0897,Artículo,"Gutiérrez de Pineda, Virginia",1966,The Impact of Culture and the Norms of Disease,The Milbank Memorial Fund Quarterly. Part 2: Behavioral Science and Medical Education in Latin America,44,2,73-76,,,,,,,,,No verificado externamente,,"Gutiérrez de Pineda, Virginia. (1966). The Impact of Culture and the Norms of Disease. The Milbank Memorial Fund Quarterly. Part 2: Behavioral Science and Medical Education in Latin America."
BIB-A-0898,Artículo,"List, George",1966,Ethnomusicology in Colombia,Ethnomusicology,19,1,70-76,,,,,,,,,No verificado externamente,,"List, George. (1966). Ethnomusicology in Colombia. Ethnomusicology."
BIB-A-0899,Artículo,"List, George",1966,The musical bow at Palenque,The journal of the international folk music council,,18,36-49,,,,,,,,,No verificado externamente,,"List, George. (1966). The musical bow at Palenque. The journal of the international folk music council."
BIB-A-0900,Artículo,"Mejía, Darío",1966,Cómo perdió el tapir la superioridad sobre los animales,Semisiones,,128,38-,,,,,,,,,No verificado externamente,,"Mejía, Darío. (1966). Cómo perdió el tapir la superioridad sobre los animales. Semisiones."
BIB-A-0901,Artículo,"Mejía, Darío",1966,Acuti: Leyenda de los indios Tarianos del Vaupés sobre el conejo de monte,Semisiones,,129,38-,,,,,,,,,No verificado externamente,,"Mejía, Darío. (1966). Acuti: Leyenda de los indios Tarianos del Vaupés sobre el conejo de monte. Semisiones."
BIB-A-0902,Artículo,"Mejía, Darío",1966,Auti: Leyenda de los indios Tarianos del Vaupés,Semisiones,,129,31-,,,,,,,,,No verificado externamente,,"Mejía, Darío. (1966). Auti: Leyenda de los indios Tarianos del Vaupés. Semisiones."
BIB-A-0903,Artículo,"Orozco, Jorge Eliécer",1966,Aspectos culturales y faranduleros del Quindío,Revista de las fuerzas de policía,,118,51-,,,,,,,,,No verificado externamente,,"Orozco, Jorge Eliécer. (1966). Aspectos culturales y faranduleros del Quindío. Revista de las fuerzas de policía."
BIB-A-0904,Artículo,"Ramóny Rivera, Luis Felipe",1966,Music of the Motilone lndians,Ethnomusicology,,10,18-27,,,,,,,,,No verificado externamente,,"Ramóny Rivera, Luis Felipe. (1966). Music of the Motilone lndians. Ethnomusicology."
BIB-A-0905,Artículo,"Reichel-Dolmatoff, Gerardo y Alicia",1966,"Notas sobre un movimiento apocalíptico en el Chocó, Colombia",Folclor Americano,,14,110-132,,,,,,,,,No verificado externamente,,"Reichel-Dolmatoff, Gerardo y Alicia. (1966). Notas sobre un movimiento apocalíptico en el Chocó, Colombia. Folclor Americano."
BIB-A-0906,Artículo,"Rimgaila, Bárbara y Cristina, Ma. Teresa",1966,"La familia, el ciclo de vida y algunas observaciones sobre el habla en Bogotá",Thesaurus,21,3,551-649,,,,,,,,,No verificado externamente,,"Rimgaila, Bárbara y Cristina, Ma. Teresa. (1966). La familia, el ciclo de vida y algunas observaciones sobre el habla en Bogotá. Thesaurus."
BIB-A-0907,Artículo,"Rimgaila, Bárbara y Cristina, María Teresa",1966,"La familia, el ciclo vital y algunas observaciones sobre el habla en Bogotá",Thesaurus,21,3,551-649,,,,,,,,,No verificado externamente,,"Rimgaila, Bárbara y Cristina, María Teresa. (1966). La familia, el ciclo vital y algunas observaciones sobre el habla en Bogotá. Thesaurus."
BIB-A-0908,Artículo,"Achury Valenzuela, Darío",1967,Comer Tierra,Boletín Cultural y Bibliográfico de la Biblioteca Luis Ángel Arango,10,7,1529-1540,,,,,,,,,No verificado externamente,,"Achury Valenzuela, Darío. (1967). Comer Tierra. Boletín Cultural y Bibliográfico de la Biblioteca Luis Ángel Arango."
BIB-A-0909,Artículo,"Correa, Alfredo",1967,FolcIor de la menstruación,Revista Universidad de Antioquia,,164,321-333,,,,,,,,,No verificado externamente,,"Correa, Alfredo. (1967). FolcIor de la menstruación. Revista Universidad de Antioquia."
BIB-A-0910,Artículo,"Davidson, Harry",1967,"Diccionario folclórico: albahaca, alcalde, alfandoque, alfeñique, aliso, almojábana",Boletín Cultural y Bibliográfico de la Biblioteca Luis Ángel Arango,10,6,1379-1384,,,,,,,,,No verificado externamente,,"Davidson, Harry. (1967). Diccionario folclórico: albahaca, alcalde, alfandoque, alfeñique, aliso, almojábana. Boletín Cultural y Bibliográfico de la Biblioteca Luis Ángel Arango."
BIB-A-0911,Artículo,"Davidson, Harry",1967,De lo nuestro: cachifo,Boletín Cultural y Bibliográfico de la Biblioteca Luis Ángel Arango,10,1,119-122,,,,,,,,,No verificado externamente,,"Davidson, Harry. (1967). De lo nuestro: cachifo. Boletín Cultural y Bibliográfico de la Biblioteca Luis Ángel Arango."
BIB-A-0912,Artículo,"Davidson, Harry",1967,"Diccionario folclórico: albahaca, alfandoque, alcalde, aliso, almojábanas",Boletín Cultural y Bibliográfico de la Biblioteca Luis Ángel Arango,10,8,131-133,,,,,,,,,No verificado externamente,,"Davidson, Harry. (1967). Diccionario folclórico: albahaca, alfandoque, alcalde, aliso, almojábanas. Boletín Cultural y Bibliográfico de la Biblioteca Luis Ángel Arango."
BIB-A-0913,Artículo,"Davidson, Harry",1967,Diccionario folclórico: Jáquimas,Boletín Cultural y Bibliográfico de la Biblioteca Luis Ángel Arango,10,9,131-133,,,,,,,,,No verificado externamente,,"Davidson, Harry. (1967). Diccionario folclórico: Jáquimas. Boletín Cultural y Bibliográfico de la Biblioteca Luis Ángel Arango."
BIB-A-0914,Artículo,"Davidson, Harry",1967,"Diccionario folclórico: albahaca, alfandoque, alcalde, aliso, almojábanas",Boletín Cultural y Bibliográfico de la Biblioteca Luis Ángel Arango,10,6,1379-1384,,,,,,,,,No verificado externamente,,"Davidson, Harry. (1967). Diccionario folclórico: albahaca, alfandoque, alcalde, aliso, almojábanas. Boletín Cultural y Bibliográfico de la Biblioteca Luis Ángel Arango."
BIB-A-0915,Artículo,"Davidson, Harry",1967,Diccionario folclórico: frenos,Boletín Cultural y Bibliográfico de la Biblioteca Luis Ángel Arango,10,9,125-130,,,,,,,,,No verificado externamente,,"Davidson, Harry. (1967). Diccionario folclórico: frenos. Boletín Cultural y Bibliográfico de la Biblioteca Luis Ángel Arango."
BIB-A-0916,Artículo,"Davidson, Harry",1967,Diccionario folclórico: Estribos,Boletín Cultural y Bibliográfico de la Biblioteca Luis Ángel Arango,,10,126-136,,,,,,,,,No verificado externamente,,"Davidson, Harry. (1967). Diccionario folclórico: Estribos. Boletín Cultural y Bibliográfico de la Biblioteca Luis Ángel Arango."
BIB-A-0917,Artículo,"Davidson, Harry",1967,"Diccionario folclórico: abejas, achicoria, achiote",Boletín Cultural y Bibliográfico de la Biblioteca Luis Ángel Arango,10,4,810-816,,,,,,,,,No verificado externamente,,"Davidson, Harry. (1967). Diccionario folclórico: abejas, achicoria, achiote. Boletín Cultural y Bibliográfico de la Biblioteca Luis Ángel Arango."
BIB-A-0918,Artículo,"Davidson, Harry",1967,"Diccionario foclórico: aguacate, aguinaldos, ají",Boletín Cultural y Bibliográfico de la Biblioteca Luis Ángel Arango,10,5,1164-1183,,,,,,,,,No verificado externamente,,"Davidson, Harry. (1967). Diccionario foclórico: aguacate, aguinaldos, ají. Boletín Cultural y Bibliográfico de la Biblioteca Luis Ángel Arango."
BIB-A-0919,Artículo,"Davidson, Harry",1967,Diccionario folclórico: capitán,Boletín Cultural y Bibliográfico de la Biblioteca Luis Ángel Arango,10,7,1586-1589,,,,,,,,,No verificado externamente,,"Davidson, Harry. (1967). Diccionario folclórico: capitán. Boletín Cultural y Bibliográfico de la Biblioteca Luis Ángel Arango."
BIB-A-0920,Artículo,"Davidson, Harry",1967,"Diccionario folclórico: aguacate, aguinaldos, ají",Boletín cultural y bibliográfico de la biblioteca Luis Ángel Arango,,5,,,,,,,,,,No verificado externamente,,"Davidson, Harry. (1967). Diccionario folclórico: aguacate, aguinaldos, ají. Boletín cultural y bibliográfico de la biblioteca Luis Ángel Arango."
BIB-A-0921,Artículo,"Delgado Nieto, Carlos",1967,Un folclor insular,Boletín Cultural y Bibliográfico de la Biblioteca Luis Ángel Arango,10,10,165-168,,,,,,,,,No verificado externamente,,"Delgado Nieto, Carlos. (1967). Un folclor insular. Boletín Cultural y Bibliográfico de la Biblioteca Luis Ángel Arango."
BIB-A-0922,Artículo,"Espinoza, Luis Carlos",1967,Notas sobre el folclor musical caucano,Boletín de antropología de la universidad del Cauca,,1,,,,,,,,,,No verificado externamente,,"Espinoza, Luis Carlos. (1967). Notas sobre el folclor musical caucano. Boletín de antropología de la universidad del Cauca."
BIB-A-0923,Artículo,"Friedemann de S., Nina",1967,"Miss Nansi, Old Nansi y otras narraciones del folclor de las islas de San Andrés (Colombia)",Revista colombiana de folklore,IV,9,,,,,,,,,,No verificado externamente,,"Friedemann de S., Nina. (1967). Miss Nansi, Old Nansi y otras narraciones del folclor de las islas de San Andrés (Colombia). Revista colombiana de folklore."
BIB-A-0924,Artículo,"Gebbruy, Concepción",1967,Leyenda sobre el esqueleto,Almas,,331,16-,,,,,,,,,No verificado externamente,,"Gebbruy, Concepción. (1967). Leyenda sobre el esqueleto. Almas."
BIB-A-0925,Artículo,"González , Magdalena",1967,Usos y costumbres de las tribus Motilonas,Almas,,332,14-,,,,,,,,,No verificado externamente,,"González , Magdalena. (1967). Usos y costumbres de las tribus Motilonas. Almas."
BIB-A-0926,Artículo,"Londoño Alvarez, Alberto",1967,Funciones sociales del folclor,Revista Universidad de Antioquia,,167,355-357,,,,,,,,,No verificado externamente,,"Londoño Alvarez, Alberto. (1967). Funciones sociales del folclor. Revista Universidad de Antioquia."
BIB-A-0927,Artículo,"López Narváez, Carlos",1967,Poesía y coplas anónimas,Boletín cultural y bibliográfico de la biblioteca Luis Ángel Arango,,10,137-164,,,,,,,,,No verificado externamente,,"López Narváez, Carlos. (1967). Poesía y coplas anónimas. Boletín cultural y bibliográfico de la biblioteca Luis Ángel Arango."
BIB-A-0928,Artículo,"Lotero, Luz",1967,Los Noanamá. (Cholos),Almas,,330,14-,,,,,,,,,No verificado externamente,,"Lotero, Luz. (1967). Los Noanamá. (Cholos). Almas."
BIB-A-0929,Artículo,"Mejía, Darío",1967,La maloca,Semisiones,,132,21-22,,,,,,,,,No verificado externamente,,"Mejía, Darío. (1967). La maloca. Semisiones."
BIB-A-0930,Artículo,"Mejía, Darío",1967,Leyenda del Vaupés,Semisiones,,132,23-,,,,,,,,,No verificado externamente,,"Mejía, Darío. (1967). Leyenda del Vaupés. Semisiones."
BIB-A-0931,Artículo,"Mejía, Jaime",1967,El carriel,Boletín Cultural y Bibliográfico de la Biblioteca Luis Ángel Arango,10,5,1154-1159,,,,,,,,,No verificado externamente,,"Mejía, Jaime. (1967). El carriel. Boletín Cultural y Bibliográfico de la Biblioteca Luis Ángel Arango."
BIB-A-0932,Artículo,"Reichel-Dolmatoff, Gerardo",1967,Notas sobre el simbolismo religioso de los Kogis,Razón y Fábula,,1,55-72,,,,,,,,,No verificado externamente,,"Reichel-Dolmatoff, Gerardo. (1967). Notas sobre el simbolismo religioso de los Kogis. Razón y Fábula."
BIB-A-0933,Artículo,"Riccocho, Emérita",1967,"La leyenda de Djona. (Huitotos La Chorrera, Amazonas)",Almas,,330,16-,,,,,,,,,No verificado externamente,,"Riccocho, Emérita. (1967). La leyenda de Djona. (Huitotos La Chorrera, Amazonas). Almas."
BIB-A-0934,Artículo,"Ricocho, Emérita",1967,Leyendas de Djoma (Huitotos) (La Chorrera Amazonas),Almas,,330,16-,,,,,,,,,No verificado externamente,,"Ricocho, Emérita. (1967). Leyendas de Djoma (Huitotos) (La Chorrera Amazonas). Almas."
BIB-A-0935,Artículo,"Romero, Mario Germán",1967,Aspectos literarios de la obra de Don Juan de Castellanos: Refranes y frases adverbiales,Boletín cultural y bibliográfico de la biblioteca Luis Ángel Arango,,8,100-105,,,,,,,,,No verificado externamente,,"Romero, Mario Germán. (1967). Aspectos literarios de la obra de Don Juan de Castellanos: Refranes y frases adverbiales. Boletín cultural y bibliográfico de la biblioteca Luis Ángel Arango."
BIB-A-0936,Artículo,"Romero, Mario Germán",1967,Aspectos literarios de la obra de Don Juan de Castellanos: Refranes y frases adverbiales,Boletín cultural y bibliográfico de la biblioteca Luis Ángel Arango,,10,86-92,,,,,,,,,No verificado externamente,,"Romero, Mario Germán. (1967). Aspectos literarios de la obra de Don Juan de Castellanos: Refranes y frases adverbiales. Boletín cultural y bibliográfico de la biblioteca Luis Ángel Arango."
BIB-A-0937,Artículo,"Romero, Mario Germán",1967,Aspectos literarios de la obra de Don Juan de Castellanos: Refranes y frases adverbiales,Boletín cultural y bibliográfico de la biblioteca Luis Ángel Arango,,9,38-44,,,,,,,,,No verificado externamente,,"Romero, Mario Germán. (1967). Aspectos literarios de la obra de Don Juan de Castellanos: Refranes y frases adverbiales. Boletín cultural y bibliográfico de la biblioteca Luis Ángel Arango."
BIB-A-0938,Artículo,"Romero, Mario Germán",1967,Aspectos literarios de la obra de Don Juan de Castellanos: Refranes y frases adverbiales,Boletín cultural y bibliográfico de la biblioteca Luis Ángel Arango,,11,92-98,,,,,,,,,No verificado externamente,,"Romero, Mario Germán. (1967). Aspectos literarios de la obra de Don Juan de Castellanos: Refranes y frases adverbiales. Boletín cultural y bibliográfico de la biblioteca Luis Ángel Arango."
BIB-A-0939,Artículo,"Triana y Antorveza, Humberto",1967,Los artesanos en las ciudades neogranadinas. 1: La relación urbano-artesanal,Boletín Cultural y Bibliográfico de la Biblioteca Luis Ángel Arango,10,2,326-336,,,,,,,,,No verificado externamente,,"Triana y Antorveza, Humberto. (1967). Los artesanos en las ciudades neogranadinas. 1: La relación urbano-artesanal. Boletín Cultural y Bibliográfico de la Biblioteca Luis Ángel Arango."
BIB-A-0940,Artículo,"Villaroel, Ramiro",1967,Bosquejo para una sociología del folclor,Revista Jurídica,,31,305-322,,,,,,,,,No verificado externamente,,"Villaroel, Ramiro. (1967). Bosquejo para una sociología del folclor. Revista Jurídica."
BIB-A-0941,Artículo,"Whitten, Norman",1967,Música y relaciones sociales en las tierras bajas colombianas del Pacífico,América Indígena,27,4,635-666,,,,,,,,,No verificado externamente,,"Whitten, Norman. (1967). Música y relaciones sociales en las tierras bajas colombianas del Pacífico. América Indígena."
BIB-A-0942,Artículo,"Zafiana, Amelia",1967,"Leyenda del Majuaré (Huitotos) (La Chorrera, Amazonas)",Almas,,332,20-,,,,,,,,,No verificado externamente,,"Zafiana, Amelia. (1967). Leyenda del Majuaré (Huitotos) (La Chorrera, Amazonas). Almas."
BIB-A-0943,Artículo,"Zapata Olivella, Manuel",1967,Aportes materiales y psicoafectivos del negro en el folclor colombiano,Boletín Cultural y Bibliográfico de la Biblioteca Luis Ángel Arango,10,6,1385-1389,,,,,,,,,No verificado externamente,,"Zapata Olivella, Manuel. (1967). Aportes materiales y psicoafectivos del negro en el folclor colombiano. Boletín Cultural y Bibliográfico de la Biblioteca Luis Ángel Arango."
BIB-A-0944,Artículo,"Zapata Olivella, Manuel",1967,El folclor y sus relaciones con la artesanía y el arte,Boletín Cultural y Bibliográfico de la Biblioteca Luis Ángel Arango,10,7,1590-1592,,,,,,,,,No verificado externamente,,"Zapata Olivella, Manuel. (1967). El folclor y sus relaciones con la artesanía y el arte. Boletín Cultural y Bibliográfico de la Biblioteca Luis Ángel Arango."
BIB-A-0945,Artículo,"Zapata Olivella, Manuel",1967,"¿Nuestro folclor, nuestro arte, nuestra artesanía, están en peligro?",Revista de las fuerzas de policía,,126,52-,,,,,,,,,No verificado externamente,,"Zapata Olivella, Manuel. (1967). ¿Nuestro folclor, nuestro arte, nuestra artesanía, están en peligro?. Revista de las fuerzas de policía."
BIB-A-0946,Artículo,"Zapata Olivella, Manuel",1967,La copla de los negros colombianos y su raigambre española,Revista de las Fuerzas de Policía,,124,61-,,,,,,,,,No verificado externamente,,"Zapata Olivella, Manuel. (1967). La copla de los negros colombianos y su raigambre española. Revista de las Fuerzas de Policía."
BIB-A-0947,Artículo,Anónimo,1968,Cuentos y leyendas de la Guajira,Consolata,,75,,,,,,,,,,No verificado externamente,,Anónimo. (1968). Cuentos y leyendas de la Guajira. Consolata.
BIB-A-0948,Artículo,Anónimo,1968,"Los Kogi, un pueblo que medita",La Consolata,,73,,,,,,,,,,No verificado externamente,,"Anónimo. (1968). Los Kogi, un pueblo que medita. La Consolata."
BIB-A-0949,Artículo,"Benavides, Neftalí",1968,"Biografía de ""La Guaneña""",Cultura Nariñense,,1,63-69,,,,,,,,,No verificado externamente,,"Benavides, Neftalí. (1968). Biografía de ""La Guaneña"". Cultura Nariñense."
BIB-A-0950,Artículo,"Calle, Horacio",1968,La creación según los Muinane,Eco,18,1,1-10,,,,,,,,,No verificado externamente,,"Calle, Horacio. (1968). La creación según los Muinane. Eco."
BIB-A-0951,Artículo,"Castaño Castillo, Jorge",1968,El folclor de nuestras costas del Atlántico.,Revista del Colegio Mayor de Nuestra Señora del Rosario,68,477,199-,,,,,,,,,No verificado externamente,,"Castaño Castillo, Jorge. (1968). El folclor de nuestras costas del Atlántico.. Revista del Colegio Mayor de Nuestra Señora del Rosario."
BIB-A-0952,Artículo,"Díaz del Castillo, Alberto",1968,Una leyenda que es prólogo,Cultura Nariñense,1,3,53-66,,,,,,,,,No verificado externamente,,"Díaz del Castillo, Alberto. (1968). Una leyenda que es prólogo. Cultura Nariñense."
BIB-A-0953,Artículo,"Espinoza, Luis Carlos",1968,Organología y organografía folclóricas,boletín de antropología de la universidad del Cauca,2,5,19-31,,,,,,,,,No verificado externamente,,"Espinoza, Luis Carlos. (1968). Organología y organografía folclóricas. boletín de antropología de la universidad del Cauca."
BIB-A-0954,Artículo,"Márquez Rivera, Fidel",1968,El yagé,Cultura Nariñense,1,1,56-60,,,,,,,,,No verificado externamente,,"Márquez Rivera, Fidel. (1968). El yagé. Cultura Nariñense."
BIB-A-0955,Artículo,"Montoya Toro, Jorge",1968,Valores culturales y estéticos del oriente antioqueño,Revista Universidad de Antioquia,,168,483-518,,,,,,,,,No verificado externamente,,"Montoya Toro, Jorge. (1968). Valores culturales y estéticos del oriente antioqueño. Revista Universidad de Antioquia."
BIB-A-0956,Artículo,"Mora, Roberto",1968,La leyenda del Gualcalá,Cultura Nariñense,1,3,49-50,,,,,,,,,No verificado externamente,,"Mora, Roberto. (1968). La leyenda del Gualcalá. Cultura Nariñense."
BIB-A-0957,Artículo,"Muñoz, Margarita",1968,Costumbres de los primitivos indígenas de la Selva Amazónica,Almas,,339,22-,,,,,,,,,No verificado externamente,,"Muñoz, Margarita. (1968). Costumbres de los primitivos indígenas de la Selva Amazónica. Almas."
BIB-A-0958,Artículo,"Muriel, Francisco",1968,Temas regionales,Cultura Nariñense,,5,25-28,,,,,,,,,No verificado externamente,,"Muriel, Francisco. (1968). Temas regionales. Cultura Nariñense."
BIB-A-0959,Artículo,"Ocampo, Jaime",1968,Vocabulario de la jerga estudiantil de Bogotá,Thesaurus,23,2,325-343,,,,,,,,,No verificado externamente,,"Ocampo, Jaime. (1968). Vocabulario de la jerga estudiantil de Bogotá. Thesaurus."
BIB-A-0960,Artículo,"Ortega Ricaurte, Carmen",1968,Aspectos lingüísticos del gamín bogotano,Boletín cultural y bibliográfico de la biblioteca Luis Ángel Arango,11,5,92-118,,,,,,,,,No verificado externamente,,"Ortega Ricaurte, Carmen. (1968). Aspectos lingüísticos del gamín bogotano. Boletín cultural y bibliográfico de la biblioteca Luis Ángel Arango."
BIB-A-0961,Artículo,"Pérez Silva, Vicente",1968,Breve historia del villancico colombiano,Cultura Nariñense,1,6,17-32,,,,,,,,,No verificado externamente,,"Pérez Silva, Vicente. (1968). Breve historia del villancico colombiano. Cultura Nariñense."
BIB-A-0962,Artículo,"Santa Teresita, Félix de",1968,Un gran señor,Cultura Nariñense,1,4,9-12,,,,,,,,,No verificado externamente,,"Santa Teresita, Félix de. (1968). Un gran señor. Cultura Nariñense."
BIB-A-0963,Artículo,"Zapata Olivella, Manuel",1968,"El folclor, afirmación de la nacionalidad",Revista de las fuerzas de policía,,127,66-,,,,,,,,,No verificado externamente,,"Zapata Olivella, Manuel. (1968). El folclor, afirmación de la nacionalidad. Revista de las fuerzas de policía."
BIB-A-0964,Artículo,"Barrientos, José",1969,Refranes de Antioquia,Revista Universidad de Antioquia,,172,311-383,,,,,,,,,No verificado externamente,,"Barrientos, José. (1969). Refranes de Antioquia. Revista Universidad de Antioquia."
BIB-A-0965,Artículo,"Benavides, Neftalí",1969,Origen del juego de Negritos,Cultura Nariñense,,18,41-45,,,,,,,,,No verificado externamente,,"Benavides, Neftalí. (1969). Origen del juego de Negritos. Cultura Nariñense."
BIB-A-0966,Artículo,"Betania, Hermana",1969,"Del libro Mitos, leyendas y costumbres",Cultura Nariñense,,16,41-44,,,,,,,,,No verificado externamente,,"Betania, Hermana. (1969). Del libro Mitos, leyendas y costumbres. Cultura Nariñense."
BIB-A-0967,Artículo,"Betania, Hermana María de",1969,"Mitos, leyendas y costumbres",Cultura Nariñense,,18,41-44,,,,,,,,,No verificado externamente,,"Betania, Hermana María de. (1969). Mitos, leyendas y costumbres. Cultura Nariñense."
BIB-A-0968,Artículo,Calle Horacio e Isabel,1969,Los Huitotos: Notas sobre sus bailes y sobre su situacíon actual,Universidad Nacional,,3,80-95,,,,,,,,,No verificado externamente,,Calle Horacio e Isabel. (1969). Los Huitotos: Notas sobre sus bailes y sobre su situacíon actual. Universidad Nacional.
BIB-A-0969,Artículo,"Chavez, Guillermo",1969,Los carnavales de Pasto,Cultura Nariñense,,18,7-12,,,,,,,,,No verificado externamente,,"Chavez, Guillermo. (1969). Los carnavales de Pasto. Cultura Nariñense."
BIB-A-0970,Artículo,"Durán Salcedo, Gloria",1969,La danza del Conejo,Colombia ilustrada,,1,65-69,,,,,,,,,No verificado externamente,,"Durán Salcedo, Gloria. (1969). La danza del Conejo. Colombia ilustrada."
BIB-A-0971,Artículo,"Friedemann, Nina",1969,"Contextos religiosos en un área negra de Barbacoas, Nariño, Colombia",Revista Colombiana de Folclor,,10,61-83,,,,,,,,,No verificado externamente,,"Friedemann, Nina. (1969). Contextos religiosos en un área negra de Barbacoas, Nariño, Colombia. Revista Colombiana de Folclor."
BIB-A-0972,Artículo,"Friedemann, Nina",1969,La comunicación y el folclor colombiano,Revista Colombiana de Folclor,,10,115-123,,,,,,,,,No verificado externamente,,"Friedemann, Nina. (1969). La comunicación y el folclor colombiano. Revista Colombiana de Folclor."
BIB-A-0973,Artículo,"Gómez, Antonio",1969,"El cosmos, religión y creencias de los indios Cuna",Boletín de Antropología de la Universidad de Antioquia,,,55-98,,,,,,,,,No verificado externamente,,"Gómez, Antonio. (1969). El cosmos, religión y creencias de los indios Cuna. Boletín de Antropología de la Universidad de Antioquia."
BIB-A-0974,Artículo,"List, George",1969,La mbira en Cartagena,Revista Colombiana de Antropología,,14,267-276,,,,,,,,,No verificado externamente,,"List, George. (1969). La mbira en Cartagena. Revista Colombiana de Antropología."
BIB-A-0975,Artículo,"Márquez Yañez, Francisco",1969,Apuntes sobre folclor del café colombiano,Revista Colombiana de Folclor,,10,23-45,,,,,,,,,No verificado externamente,,"Márquez Yañez, Francisco. (1969). Apuntes sobre folclor del café colombiano. Revista Colombiana de Folclor."
BIB-A-0976,Artículo,"Montoya, Javier",1969,Los Yaguas,Semisiones,,145,3-9,,,,,,,,,No verificado externamente,,"Montoya, Javier. (1969). Los Yaguas. Semisiones."
BIB-A-0977,Artículo,"Mora de Jaramillo, Yolanda",1969,Artes y artesanías populares,Revista Colombiana de Folclor,,10,7-22,,,,,,,,,No verificado externamente,,"Mora de Jaramillo, Yolanda. (1969). Artes y artesanías populares. Revista Colombiana de Folclor."
BIB-A-0978,Artículo,"Muñoz, Milina",1969,"Juegos de salón: Penitencias, aguinaldos, la baraja o juego de naipes",Revista Colombiana de Folclor,,10,85-105,,,,,,,,,No verificado externamente,,"Muñoz, Milina. (1969). Juegos de salón: Penitencias, aguinaldos, la baraja o juego de naipes. Revista Colombiana de Folclor."
BIB-A-0979,Artículo,"Ortiz, Sergio Elías",1969,Revista Colombiana de Folclor,Consejas y creencias de tipo folclórico de la región de Pasto,,10,107-114,,,,,,,,,No verificado externamente,,"Ortiz, Sergio Elías. (1969). Revista Colombiana de Folclor. Consejas y creencias de tipo folclórico de la región de Pasto."
BIB-A-0980,Artículo,"Ponce, Miguel",1969,Rescate del folclor,Cultura Nariñense,,13,57-59,,,,,,,,,No verificado externamente,,"Ponce, Miguel. (1969). Rescate del folclor. Cultura Nariñense."
BIB-A-0981,Artículo,"Reichel-Dolmatoff, Gerardo",1969,El contexto cultural de un alucinógeno aborigen: Banisteriopsis Caapi,"Revista de la Academia de Ciencias Exactas, Físicas y Naturales",13,51,327-345,,,,,,,,,No verificado externamente,,"Reichel-Dolmatoff, Gerardo. (1969). El contexto cultural de un alucinógeno aborigen: Banisteriopsis Caapi. Revista de la Academia de Ciencias Exactas, Físicas y Naturales."
BIB-A-0982,Artículo,"Yañez, Francisco. Marquez",1969,Apuntes sobre folclor del café colombiano.,Revista Colombiana de Folclor 1966-1969,4,10,23-45,,,,,,,,,No verificado externamente,,"Yañez, Francisco. Marquez. (1969). Apuntes sobre folclor del café colombiano.. Revista Colombiana de Folclor 1966-1969."
BIB-A-0983,Artículo,"Zapata Olivella, Delia",1969,La contradanza,Colombia ilustrada,,1,25-26,,,,,,,,,No verificado externamente,,"Zapata Olivella, Delia. (1969). La contradanza. Colombia ilustrada."
BIB-A-0984,Artículo,"Abadía, Guillermo",1970,Estado actual de las investigaciones folclóricas de Colombia,Boletín del Instituto de Antropología de la Universidad del Cauca,3,13,77-84,,,,,,,,,No verificado externamente,,"Abadía, Guillermo. (1970). Estado actual de las investigaciones folclóricas de Colombia. Boletín del Instituto de Antropología de la Universidad del Cauca."
BIB-A-0985,Artículo,"Abadía, Guillermo",1970,Por los caminos del folclor: Poemas típicos y poemas folclóricos,Boletín de Programas de la Radio Nacional de Colombia,,2-3,6-12,,,,,,,,,No verificado externamente,,"Abadía, Guillermo. (1970). Por los caminos del folclor: Poemas típicos y poemas folclóricos. Boletín de Programas de la Radio Nacional de Colombia."
BIB-A-0986,Artículo,"Abadía, Guillermo",1970,El torbellino Viejo,Colombia ilustrada,,3,,,,,,,,,,No verificado externamente,,"Abadía, Guillermo. (1970). El torbellino Viejo. Colombia ilustrada."
BIB-A-0987,Artículo,"Barrientos , José",1970,"Elementos folclóricos de la novela ""Risaralda""",Revista Universidad de Antioquia,,176,81-99,,,,,,,,,No verificado externamente,,"Barrientos , José. (1970). Elementos folclóricos de la novela ""Risaralda"". Revista Universidad de Antioquia."
BIB-A-0988,Artículo,"Barrientos, José",1970,"Elementos folclóricos de la novela ""Risaralda""",Revista Universidad de Antioquia,,176,81-99,,,,,,,,,No verificado externamente,,"Barrientos, José. (1970). Elementos folclóricos de la novela ""Risaralda"". Revista Universidad de Antioquia."
BIB-A-0989,Artículo,"Benavides, Neftalí",1970,El fantasma de Tuminango,Cultura Nariñense,,23,51-57,,,,,,,,,No verificado externamente,,"Benavides, Neftalí. (1970). El fantasma de Tuminango. Cultura Nariñense."
BIB-A-0990,Artículo,"Cartagena, Alberto de",1970,Baile indígena colombiano,Revista Universidad de Antioquia,,176,19-38,,,,,,,,,No verificado externamente,,"Cartagena, Alberto de. (1970). Baile indígena colombiano. Revista Universidad de Antioquia."
BIB-A-0991,Artículo,"Kramer, Fritz",1970,Literature among the Cuna indians,Ethnologiska studier,,30,,,,,,,,,,No verificado externamente,,"Kramer, Fritz. (1970). Literature among the Cuna indians. Ethnologiska studier."
BIB-A-0992,Artículo,"Lima, Emirto de",1970,Apuntes sobre los cantos y bailes del pueblo costeño,Revista Universidad de Antioquia,,177,323-326,,,,,,,,,No verificado externamente,,"Lima, Emirto de. (1970). Apuntes sobre los cantos y bailes del pueblo costeño. Revista Universidad de Antioquia."
BIB-A-0993,Artículo,"Londoño, Bernardo",1970,Artesanía popular en Colombia,Cultura Nariñense,,21,10-12,,,,,,,,,No verificado externamente,,"Londoño, Bernardo. (1970). Artesanía popular en Colombia. Cultura Nariñense."
BIB-A-0994,Artículo,"Martínez, J. Bernardo",1970,Los conocimientos empíricos del indio y la medicina moderna,Cultura Nariñense,,20,31-39,,,,,,,,,No verificado externamente,,"Martínez, J. Bernardo. (1970). Los conocimientos empíricos del indio y la medicina moderna. Cultura Nariñense."
BIB-A-0995,Artículo,"Marulanda, Octavio",1970,Mestizaje de sustitución en el folclor de la costa caucana del Pacífico,Boletín del Instituto de Antropología de la Universidad del Cauca,3,13,45-56,,,,,,,,,No verificado externamente,,"Marulanda, Octavio. (1970). Mestizaje de sustitución en el folclor de la costa caucana del Pacífico. Boletín del Instituto de Antropología de la Universidad del Cauca."
BIB-A-0996,Artículo,"Moser, Mariela",1970,El romance en América,Colombia ilustrada,,2,66-69,,,,,,,,,No verificado externamente,,"Moser, Mariela. (1970). El romance en América. Colombia ilustrada."
BIB-A-0997,Artículo,"Ponce, Miguel",1970,Autenticidad artesanal,Cultura Nariñense,,28,3942-42,,,,,,,,,No verificado externamente,,"Ponce, Miguel. (1970). Autenticidad artesanal. Cultura Nariñense."
BIB-A-0998,Artículo,"Zapata Olivella, Delia",1970,El bullerengue,Colombia ilustrada,,2,,,,,,,,,,No verificado externamente,,"Zapata Olivella, Delia. (1970). El bullerengue. Colombia ilustrada."
BIB-A-0999,Artículo,"Abadía, Guillermo",1971,Integración de una cultura mulata en Colombia,Universidad Nacional de Colombia,,8,17-25,,,,,,,,,No verificado externamente,,"Abadía, Guillermo. (1971). Integración de una cultura mulata en Colombia. Universidad Nacional de Colombia."
BIB-A-1000,Artículo,"Abadía, Guillermo",1971,Festejos populares en Colombia,Boletín de Programas de la Radio Nacional de Colombia,,15,1-4,,,,,,,,,No verificado externamente,,"Abadía, Guillermo. (1971). Festejos populares en Colombia. Boletín de Programas de la Radio Nacional de Colombia."
BIB-A-1001,Artículo,"Abadía, Guillermo",1971,El pasillo,Colombia ilustrada,,6,22-24,,,,,,,,,No verificado externamente,,"Abadía, Guillermo. (1971). El pasillo. Colombia ilustrada."
BIB-A-1002,Artículo,"Abadía, Guillermo",1971,El bambuco,Colombia ilustrada,,4,99-35,,,,,,,,,No verificado externamente,,"Abadía, Guillermo. (1971). El bambuco. Colombia ilustrada."
BIB-A-1003,Artículo,"Abadía, Guillermo",1971,Festejos populares en Colombia,Boletín de programas de la Radio Nacional,,15,14-,,,,,,,,,No verificado externamente,,"Abadía, Guillermo. (1971). Festejos populares en Colombia. Boletín de programas de la Radio Nacional."
BIB-A-1004,Artículo,"Arturo, Julian",1971,La medicina popular en una zona de colonización: Santa Lucía en el Putumayo,Universitas Humanística,,2,9-52,,,,,,,,,No verificado externamente,,"Arturo, Julian. (1971). La medicina popular en una zona de colonización: Santa Lucía en el Putumayo. Universitas Humanística."
BIB-A-1005,Artículo,"Duque, Cecilia",1971,Reportaje a la mano artesana de Colombia,Colombia Ilustrada,,5,,,,,,,,,,No verificado externamente,,"Duque, Cecilia. (1971). Reportaje a la mano artesana de Colombia. Colombia Ilustrada."
BIB-A-1006,Artículo,"Forero, Paulo E.",1971,La lanza de Don Baltasar y la leyenda de Alfonso Reyes,Boletín de programas de la Radio Nacional,,13 - 14,3-8,,,,,,,,,No verificado externamente,,"Forero, Paulo E.. (1971). La lanza de Don Baltasar y la leyenda de Alfonso Reyes. Boletín de programas de la Radio Nacional."
BIB-A-1007,Artículo,"Forero, Paulo E.",1971,La lanza de Don Baltasar y la leyenda de Alfonso Reyes,Boletín de programas de la Radio Nacional. 2a. época,,13 - 14,3-8,,,,,,,,,No verificado externamente,,"Forero, Paulo E.. (1971). La lanza de Don Baltasar y la leyenda de Alfonso Reyes. Boletín de programas de la Radio Nacional. 2a. época."
BIB-A-1008,Artículo,"Lucena, Manuel",1971,Observación participante de una toma de yagé entre los Kofán,Universitas Humanística,,1,11-21,,,,,,,,,No verificado externamente,,"Lucena, Manuel. (1971). Observación participante de una toma de yagé entre los Kofán. Universitas Humanística."
BIB-A-1009,Artículo,"Ortega Ricaurte, Carmen",1971,Analogías y simbolismos botánicos y zoológicos en el lenguaje popular colombiano,Revista de la Universidad Nacional,,8,26-27,,,,,,,,,No verificado externamente,,"Ortega Ricaurte, Carmen. (1971). Analogías y simbolismos botánicos y zoológicos en el lenguaje popular colombiano. Revista de la Universidad Nacional."
BIB-A-1010,Artículo,"Otero D'Costa, Enrique",1971,El Patio de las Brujas,Colombia Ilustrada,,4,60-64,,,,,,,,,No verificado externamente,,"Otero D'Costa, Enrique. (1971). El Patio de las Brujas. Colombia Ilustrada."
BIB-A-1011,Artículo,"Pazos, Arturo",1971,Oficios de Antaño,Cultura Nariñense,,39,9-11,,,,,,,,,No verificado externamente,,"Pazos, Arturo. (1971). Oficios de Antaño. Cultura Nariñense."
BIB-A-1012,Artículo,"Pazos, Arturo",1971,"El cuy, curí o conejil lo de Indias",Cultura Nariñense,,35,13-18,,,,,,,,,No verificado externamente,,"Pazos, Arturo. (1971). El cuy, curí o conejil lo de Indias. Cultura Nariñense."
BIB-A-1013,Artículo,"Piñeros Corpas, Joaquín",1971,Apuntes para la historia de nuestro patrimonio cultural,Colombia Ilustrada,,5,53-59,,,,,,,,,No verificado externamente,,"Piñeros Corpas, Joaquín. (1971). Apuntes para la historia de nuestro patrimonio cultural. Colombia Ilustrada."
BIB-A-1014,Artículo,"Zapata Olivella, Delia",1971,La chica maya,Colombia ilustrada,,5,23-24,,,,,,,,,No verificado externamente,,"Zapata Olivella, Delia. (1971). La chica maya. Colombia ilustrada."
BIB-A-1015,Artículo,"Abadía, Guillermo",1972,El currulao,Colombia ilustrada,,8,19-24,,,,,,,,,No verificado externamente,,"Abadía, Guillermo. (1972). El currulao. Colombia ilustrada."
BIB-A-1016,Artículo,"Abadía, Guillermo",1972,La marimba de nuestro litoral pacífico,Universidad Nacional,,11,791-783,,,,,,,,,No verificado externamente,,"Abadía, Guillermo. (1972). La marimba de nuestro litoral pacífico. Universidad Nacional."
BIB-A-1017,Artículo,"Albor, Hugo",1972,Apuntes lexicográficos del español hablado en Nariño,Thesaurus,72,2,333-345,,,,,,,,,No verificado externamente,,"Albor, Hugo. (1972). Apuntes lexicográficos del español hablado en Nariño. Thesaurus."
BIB-A-1018,Artículo,Anónimo,1972,"El folclor de luto: Harry Davidson, científico en campos de emoción popular",Colombia Ilustrada,,7,76-,,,,,,,,,No verificado externamente,,"Anónimo. (1972). El folclor de luto: Harry Davidson, científico en campos de emoción popular. Colombia Ilustrada."
BIB-A-1019,Artículo,"Flórez, Luis",1972,Cosas del idioma y de su enseñanza,Boletín de la Academia Colombiana,22,92,121-125,,,,,,,,,No verificado externamente,,"Flórez, Luis. (1972). Cosas del idioma y de su enseñanza. Boletín de la Academia Colombiana."
BIB-A-1020,Artículo,"Forero, Manuel José",1972,Bogotanismos,Boletín de la Academia Colombiana,22,91,63-76,,,,,,,,,No verificado externamente,,"Forero, Manuel José. (1972). Bogotanismos. Boletín de la Academia Colombiana."
BIB-A-1021,Artículo,"Forero, Manuel José",1972,Bogotanismos,Boletín de la Academia Colombiana,22,92,175-189,,,,,,,,,No verificado externamente,,"Forero, Manuel José. (1972). Bogotanismos. Boletín de la Academia Colombiana."
BIB-A-1022,Artículo,"Forero, Manuel José",1972,Bogotanismos,Boletín de la Academia Colombiana,22,94,403-415,,,,,,,,,No verificado externamente,,"Forero, Manuel José. (1972). Bogotanismos. Boletín de la Academia Colombiana."
BIB-A-1023,Artículo,"Francis, Ma. Cecilia",1972,Las cuadrillas de San Andrés,Colombia ilustrada,,9,,,,,,,,,,No verificado externamente,,"Francis, Ma. Cecilia. (1972). Las cuadrillas de San Andrés. Colombia ilustrada."
BIB-A-1024,Artículo,"Pardo Tovar, Andrés",1972,A propósito de la música popular colombiana,Boletín de programas de la Radio Nacional,,6,1-5,,,,,,,,,No verificado externamente,,"Pardo Tovar, Andrés. (1972). A propósito de la música popular colombiana. Boletín de programas de la Radio Nacional."
BIB-A-1025,Artículo,"Pazos, Arturo",1972,Algunos instrumentos musicales autóctonos,Cultura Nariñense,,44,27-31,,,,,,,,,No verificado externamente,,"Pazos, Arturo. (1972). Algunos instrumentos musicales autóctonos. Cultura Nariñense."
BIB-A-1026,Artículo,"Adamoli, Ambrosio",1973,La realidad sagrada en una comunidad pentecostal del Cesar,Cuadernos de Antropología de la Universidad de los Andes,,2,,,,,,,,,,No verificado externamente,,"Adamoli, Ambrosio. (1973). La realidad sagrada en una comunidad pentecostal del Cesar. Cuadernos de Antropología de la Universidad de los Andes."
BIB-A-1027,Artículo,"André, Eduard",1973,Danzas de Colombia: Remembranza histórica del bambuco,Colombia ilustrada,,10,25-26,,,,,,,,,No verificado externamente,,"André, Eduard. (1973). Danzas de Colombia: Remembranza histórica del bambuco. Colombia ilustrada."
BIB-A-1028,Artículo,"Builes, Miguel Angel",1973,Elaboración de la fariña entre los grupos del sur de Colombia,Ethnia,,41,,,,,,,,,,No verificado externamente,,"Builes, Miguel Angel. (1973). Elaboración de la fariña entre los grupos del sur de Colombia. Ethnia."
BIB-A-1029,Artículo,"León Rey, José Antonio",1973,El Yomogo,Boletín de la Academia Colombiana,,99,386-387,,,,,,,,,No verificado externamente,,"León Rey, José Antonio. (1973). El Yomogo. Boletín de la Academia Colombiana."
BIB-A-1030,Artículo,"Newmar.k, Claus",1973,Lo folclórico en el arte precolombino,Colombia Ilustrada,,10,48-,,,,,,,,,No verificado externamente,,"Newmar.k, Claus. (1973). Lo folclórico en el arte precolombino. Colombia Ilustrada."
BIB-A-1031,Artículo,"Olivares, Antonio",1973,La avifauna amazónica y el elemento indígena,Ethnia,,43,80-82,,,,,,,,,No verificado externamente,,"Olivares, Antonio. (1973). La avifauna amazónica y el elemento indígena. Ethnia."
BIB-A-1032,Artículo,Varios,1973,Museo de Cuadros de Costumbres,Biblioteca del Banco Popular,,46-47-48-49,-Bogotá,,,,,,,,,No verificado externamente,,Varios. (1973). Museo de Cuadros de Costumbres. Biblioteca del Banco Popular.
BIB-A-1033,Artículo,"Villamizar, Rafael",1973,Aspectos de antiguos medios de transporte en Colombia,Colombia Ilustrada,,10,69-71,,,,,,,,,No verificado externamente,,"Villamizar, Rafael. (1973). Aspectos de antiguos medios de transporte en Colombia. Colombia Ilustrada."
BIB-A-1034,Artículo,Academia Colombiana de la Lengua,1974,Acuerdo sobre la formación del Diccionario de Provincialismos 1874-1910 de Colombia,Anuario de la Academia Colombiana de la Lengua,,1,548-550,,,,,,,,,No verificado externamente,,Academia Colombiana de la Lengua. (1974). Acuerdo sobre la formación del Diccionario de Provincialismos 1874-1910 de Colombia. Anuario de la Academia Colombiana de la Lengua.
BIB-A-1035,Artículo,"Ortíz, Sergio Elías",1974,Cantares de Ipiales,Revista de Historia,3,15 - 18,103-107,,,,,,,,,No verificado externamente,,"Ortíz, Sergio Elías. (1974). Cantares de Ipiales. Revista de Historia."
BIB-A-1036,Artículo,"Granda Gutiérrez, Germán",1976,Romances de tradición oral conservados entre los negros del occidente de Colombia,Thesaurus: Boletín del instituto Caro y Cuervo,31,2,209-229,,,,,,,,,No verificado externamente,,"Granda Gutiérrez, Germán. (1976). Romances de tradición oral conservados entre los negros del occidente de Colombia. Thesaurus: Boletín del instituto Caro y Cuervo."
BIB-A-1037,Artículo,"Dougherty, Frank",1977,Romances tradicionales de Santander,Thesaurus: Boletín del instituto Caro y Cuervo,32,2,242-272,,,,,,,,,No verificado externamente,,"Dougherty, Frank. (1977). Romances tradicionales de Santander. Thesaurus: Boletín del instituto Caro y Cuervo."
BIB-A-1038,Artículo,"Mateus, Luis Fernando. Camacho",1981,La copla folklorica en Santander y la guabina velena.,Embera; Revista del Folclor (Medellin),,1,23-33,,,,,,,,,No verificado externamente,,"Mateus, Luis Fernando. Camacho. (1981). La copla folklorica en Santander y la guabina velena.. Embera; Revista del Folclor (Medellin)."
BIB-A-1039,Artículo,"Adam Ferrero, Bernardo",1986,Las bandas de música en el mundo,Nueva Revista Colombiana de Folclor (Bogota),,,,,,,,,,,,No verificado externamente,,"Adam Ferrero, Bernardo. (1986). Las bandas de música en el mundo. Nueva Revista Colombiana de Folclor (Bogota)."
BIB-A-1040,Artículo,"Martin Salazar, Miguel Angel.",1986,El folclor de los Llanos Orientales.,Nueva Revista Colombiana de Folclor (Bogota),,1,61-82,,,,,,,,,No verificado externamente,,"Martin Salazar, Miguel Angel.. (1986). El folclor de los Llanos Orientales.. Nueva Revista Colombiana de Folclor (Bogota)."
BIB-A-1041,Artículo,"Franco Medina, Carlos Arturo",1987,Bailes cantados de la Costa Atlántica,Nueva Revista Colombiana de Folclor,1,2,55-72,,,,,,,,,No verificado externamente,,"Franco Medina, Carlos Arturo. (1987). Bailes cantados de la Costa Atlántica. Nueva Revista Colombiana de Folclor."
BIB-A-1042,Artículo,"Friedmann, Susana",1987,Proceso simbólico y transmisión musical : el romance y los cantos festivos religiosos del sur de Colombia,Cahiers du monde hispanique et luso-brésilien,48,1,2020-09-26 00:00:00,,,,,,,,,No verificado externamente,,"Friedmann, Susana. (1987). Proceso simbólico y transmisión musical : el romance y los cantos festivos religiosos del sur de Colombia. Cahiers du monde hispanique et luso-brésilien."
BIB-A-1043,Artículo,"Montes Giraldo, José Joaquín",1988,"Muestra de literatura oral popular de Manzanares, Caldas.",Nueva Revista Colombiana de Folclor (Bogota),,4,83-98,,,,,,,,,No verificado externamente,,"Montes Giraldo, José Joaquín. (1988). Muestra de literatura oral popular de Manzanares, Caldas.. Nueva Revista Colombiana de Folclor (Bogota)."
BIB-A-1044,Artículo,"Ortiz Riaurte, Carolina.",1988,El sombrero en las coplas colombianas.,Nueva Revista Colombiana de Folclor,,4,99-104,,,,,,,,,No verificado externamente,,"Ortiz Riaurte, Carolina.. (1988). El sombrero en las coplas colombianas.. Nueva Revista Colombiana de Folclor."
BIB-A-1045,Artículo,"Ortiz Ricaurte, Carolina",1988,El sombrero en las coplas colombianas.,Nueva Revista Colombiana de Folclor,,4,99-104,,,,,,,,,No verificado externamente,,"Ortiz Ricaurte, Carolina. (1988). El sombrero en las coplas colombianas.. Nueva Revista Colombiana de Folclor."
BIB-A-1046,Artículo,"Murillo, Nicolás.",1989,Rondas y juegos del Chocó.,Nueva Revista Colombiana de Folclor (Bogota),,5,77-88,,,,,,,,,No verificado externamente,,"Murillo, Nicolás.. (1989). Rondas y juegos del Chocó.. Nueva Revista Colombiana de Folclor (Bogota)."
BIB-A-1047,Artículo,"Bello Pascua, Ignacio",1990,La rumba criolla,Nueva Revista Colombiana de Folclor,2,8,49-56,,,,,,,,,No verificado externamente,,"Bello Pascua, Ignacio. (1990). La rumba criolla. Nueva Revista Colombiana de Folclor."
BIB-A-1048,Artículo,"Ibatá, Carlos J",1990,La Banda de los Borrachos,Nueva Revista Colombiana de Folclor,2,8,73-80,,,,,,,,,No verificado externamente,,"Ibatá, Carlos J. (1990). La Banda de los Borrachos. Nueva Revista Colombiana de Folclor."
BIB-A-1049,Artículo,"Osorio, Darío",1990,"Fiestas populares, costumbres y pesca, en el departamento del Huila",Nueva Revista Colombiana de Folclor,2,8,95-108,,,,,,,,,No verificado externamente,,"Osorio, Darío. (1990). Fiestas populares, costumbres y pesca, en el departamento del Huila. Nueva Revista Colombiana de Folclor."
BIB-A-1050,Artículo,"Uribe Marín, Ingrid",1990,Baile del rajaleña,Nueva Revista Colombiana de Folclor,2,8,163-176,,,,,,,,,No verificado externamente,,"Uribe Marín, Ingrid. (1990). Baile del rajaleña. Nueva Revista Colombiana de Folclor."
BIB-A-1051,Artículo,"Villareal Vásquez, Luis José",1990,Ficción y realidad de algunos romances tradicionales en Santander,Nueva Revista Colombiana de Folclor,,9,103-117,,,,,,,,,No verificado externamente,,"Villareal Vásquez, Luis José. (1990). Ficción y realidad de algunos romances tradicionales en Santander. Nueva Revista Colombiana de Folclor."
BIB-A-1052,Artículo,"Rodriguez P., H.",1991,Las hormigas culonas en la historia y el folklore,Bogotá: Tres Culturas Editores,,,13-20,,,,,,,,,No verificado externamente,,"Rodriguez P., H.. (1991). Las hormigas culonas en la historia y el folklore. Bogotá: Tres Culturas Editores."
BIB-A-1053,Artículo,"Villadiego, Benjamin. Puche",1991,Refranes populares.,Nueva Revista Colombiana de Folclor (Bogota),3,11,,,,,,,,,,No verificado externamente,,"Villadiego, Benjamin. Puche. (1991). Refranes populares.. Nueva Revista Colombiana de Folclor (Bogota)."
BIB-A-1054,Artículo,"Villarreal Vásquez, Luis",1992,Ficción y realidad de algunos romances tradicionales en Santander: la hipérbole: una marca de compensación,Thesaurus: Boletín del instituto Caro y Cuervo,47,2,313-336,,,,,,,,,No verificado externamente,,"Villarreal Vásquez, Luis. (1992). Ficción y realidad de algunos romances tradicionales en Santander: la hipérbole: una marca de compensación. Thesaurus: Boletín del instituto Caro y Cuervo."
BIB-A-1055,Artículo,"Jacques, Gilard",1994,El folclor en la construcción de las Américas,Caravelle,62,1,329-330,,,,,,,,,No verificado externamente,,"Jacques, Gilard. (1994). El folclor en la construcción de las Américas. Caravelle."
BIB-A-1056,Artículo,"Quijano Guerreo, Alberto",1995,La historia en coplas.,Nueva Revista Colombiana de Folclor,,15,87-97,,,,,,,,,No verificado externamente,,"Quijano Guerreo, Alberto. (1995). La historia en coplas.. Nueva Revista Colombiana de Folclor."
BIB-A-1057,Artículo,"Quijano Guerrero, Alberto.",1995,La historia en coplas.,Nueva Revista Colombiana de Folclor,,15,87-97,,,,,,,,,No verificado externamente,,"Quijano Guerrero, Alberto.. (1995). La historia en coplas.. Nueva Revista Colombiana de Folclor."
BIB-A-1058,Artículo,"Watts, Alan",1998,Mito y ritual en el cristianismo,Nueva Revista Colombiana de Folclor (Bogota),,,273,,,,,,,,,No verificado externamente,,"Watts, Alan. (1998). Mito y ritual en el cristianismo. Nueva Revista Colombiana de Folclor (Bogota)."
BIB-A-1059,Artículo,"Wilches-Chaux, Gustavo",1999,Semana Santa en Popayán,Nueva Revista Colombiana de Folclor (Bogota),,,,,,,,,,,,No verificado externamente,,"Wilches-Chaux, Gustavo. (1999). Semana Santa en Popayán. Nueva Revista Colombiana de Folclor (Bogota)."
BIB-A-1060,Artículo,"Zambrano, Carlos",1999,Semana Santa en Popayán,Nueva Revista Colombiana de Folclor (Bogota),,,,,,,,,,,,No verificado externamente,,"Zambrano, Carlos. (1999). Semana Santa en Popayán. Nueva Revista Colombiana de Folclor (Bogota)."
BIB-A-1061,Artículo,"Menorquines, Biblioteca De Escritores",2000,Apuntes sobre el,"Colombia, sus Gentes y Regiones (Santafe de Bogota)",,,41-42,,,,,,,,,No verificado externamente,,"Menorquines, Biblioteca De Escritores. (2000). Apuntes sobre el. Colombia, sus Gentes y Regiones (Santafe de Bogota)."
BIB-A-1062,Artículo,"Sourdis, Adelaida",2000,Huellas. Revista de la Universidad del Norte,Estructura de la ganadería en el Caribe colombiano,,,38-48,,,,,,,,,No verificado externamente,,"Sourdis, Adelaida. (2000). Huellas. Revista de la Universidad del Norte. Estructura de la ganadería en el Caribe colombiano."
BIB-A-1063,Artículo,"Bolívar Rojas, Edgar Enrique",2001,El desfile de silleteros: fiesta y drama en una celebración urbana,Nueva Revista Colombiana de Folclor,7,,19-32,,,,,,,,,No verificado externamente,,"Bolívar Rojas, Edgar Enrique. (2001). El desfile de silleteros: fiesta y drama en una celebración urbana. Nueva Revista Colombiana de Folclor."
BIB-A-1064,Artículo,"Jaramillo, Luz Marina",2001,"Fiestas y diversiones campesinas y pueblerinas: en el caso de Barbosa, Antioquia.",Nueva Revista Colombiana de Folclor (Bogota),,21,157-171,,,,,,,,,No verificado externamente,,"Jaramillo, Luz Marina. (2001). Fiestas y diversiones campesinas y pueblerinas: en el caso de Barbosa, Antioquia.. Nueva Revista Colombiana de Folclor (Bogota)."
BIB-A-1065,Artículo,"Rozo Gauta, José",2001,"Fiestas y diversiones campesinas y pueblerinas: en el caso de Barbosa, Antioquia.",Nueva Revista Colombiana de Folclor (Bogota),,21,157-171,,,,,,,,,No verificado externamente,,"Rozo Gauta, José. (2001). Fiestas y diversiones campesinas y pueblerinas: en el caso de Barbosa, Antioquia.. Nueva Revista Colombiana de Folclor (Bogota)."
BIB-A-1066,Artículo,"Solorzano Sanchez, Luis Fernando",2001,La arriería.,Nueva Revista Colombiana de Folclor (Bogota),,21,173-180,,,,,,,,,No verificado externamente,,"Solorzano Sanchez, Luis Fernando. (2001). La arriería.. Nueva Revista Colombiana de Folclor (Bogota)."
BIB-A-1067,Artículo,"Vahos Jimenez, Oscar",2001,Bailes antiguos de Antioquia,Nueva Revista Colombiana de Folclor,7,21,193-205,,,,,,,,,No verificado externamente,,"Vahos Jimenez, Oscar. (2001). Bailes antiguos de Antioquia. Nueva Revista Colombiana de Folclor."
BIB-A-1068,Artículo,"Córdoba Cuesta, Dairo",2004,Mitos y leyendas del folclor chocoano.,Nueva Revista Colombiana de Folclor,,23,201-218,,,,,,,,,No verificado externamente,,"Córdoba Cuesta, Dairo. (2004). Mitos y leyendas del folclor chocoano.. Nueva Revista Colombiana de Folclor."
BIB-A-1069,Artículo,"de la Torre G., Gonzalo M.",2004,Alabaos y romances: “Un tema clave en el Chocó”.,Nueva revista colombiana de Folclor,,23,137-147,,,,,,,,,No verificado externamente,,"de la Torre G., Gonzalo M.. (2004). Alabaos y romances: “Un tema clave en el Chocó”.. Nueva revista colombiana de Folclor."
BIB-A-1070,Artículo,"de la Torre G., Gonzalo M.",2004,Alabaos y romances: “Un tema clave en el Chocó”,Nueva revista colombiana de Folclor,,23,137-147,,,,,,,,,No verificado externamente,,"de la Torre G., Gonzalo M.. (2004). Alabaos y romances: “Un tema clave en el Chocó”. Nueva revista colombiana de Folclor."
BIB-A-1071,Artículo,"Dediego Parra Gonzalo M, Madolia y de la Torre G",2004,Alabaos y romances: “Un tema clave en el Chocó”.,Nueva revista colombiana de Folclor,,23,137-147,,,,,,,,,No verificado externamente,,"Dediego Parra Gonzalo M, Madolia y de la Torre G. (2004). Alabaos y romances: “Un tema clave en el Chocó”.. Nueva revista colombiana de Folclor."
BIB-A-1072,Artículo,"Dediego Parra, Madolia",2004,Alabaos y romances: “Un tema clave en el Chocó”.,Nueva revista colombiana de Folclor,,23,137-147,,,,,,,,,No verificado externamente,,"Dediego Parra, Madolia. (2004). Alabaos y romances: “Un tema clave en el Chocó”.. Nueva revista colombiana de Folclor."
BIB-A-1073,Artículo,"Dediego Parra, Madolia",2004,Alabaos y romances: “Un tema clave en el Chocó”,Nueva revista colombiana de Folclor,,23,137-147,,,,,,,,,No verificado externamente,,"Dediego Parra, Madolia. (2004). Alabaos y romances: “Un tema clave en el Chocó”. Nueva revista colombiana de Folclor."
BIB-A-1074,Artículo,"Mosquera, Euclides.",2004,Los juegos y rondas infantiles del departamento del Choco.,Nueva Revista Colombiana de Folclor (Bogota),,23,171-184,,,,,,,,,No verificado externamente,,"Mosquera, Euclides.. (2004). Los juegos y rondas infantiles del departamento del Choco.. Nueva Revista Colombiana de Folclor (Bogota)."
BIB-A-1075,Artículo,"Ocampo López, Javier",2004,El folclor del Choco.,Nueva Revista Colombiana de Folclor (Bogota),,23,2020-07-10 00:00:00,,,,,,,,,No verificado externamente,,"Ocampo López, Javier. (2004). El folclor del Choco.. Nueva Revista Colombiana de Folclor (Bogota)."
BIB-A-1076,Artículo,"Rovira de Córdoba Dairo, Cidenia y Córdoba Cuesta",2004,Mitos y leyendas del folclor chocoano.,Nueva Revista Colombiana de Folclor,,23,201-218,,,,,,,,,No verificado externamente,,"Rovira de Córdoba Dairo, Cidenia y Córdoba Cuesta. (2004). Mitos y leyendas del folclor chocoano.. Nueva Revista Colombiana de Folclor."
BIB-A-1077,Artículo,"Rovira de Córdoba Darcio, Cidenia y Córdoba Cuesta",2004,Mitos y leyendas del folclor chocoano.,Nueva Revista Colombiana de Folclor,,23,201-218,,,,,,,,,No verificado externamente,,"Rovira de Córdoba Darcio, Cidenia y Córdoba Cuesta. (2004). Mitos y leyendas del folclor chocoano.. Nueva Revista Colombiana de Folclor."
BIB-A-1078,Artículo,"Rovira de Córdoba, Cidenia",2004,Mitos y leyendas del folclor chocoano.,Nueva Revista Colombiana de Folclor,,23,201-218,,,,,,,,,No verificado externamente,,"Rovira de Córdoba, Cidenia. (2004). Mitos y leyendas del folclor chocoano.. Nueva Revista Colombiana de Folclor."
BIB-A-1079,Artículo,"Castaño Pareja, Yoer Javier",2005,"""Rinden culto a Baco, Venus y Cupido"": Juegos y actividades lúdicas en la Provincia de Antioquia y otras zonas neogranadinas, siglos XVII - XVIII",Historia Critica,30,,115-138,,,,,,,,,No verificado externamente,,"Castaño Pareja, Yoer Javier. (2005). ""Rinden culto a Baco, Venus y Cupido"": Juegos y actividades lúdicas en la Provincia de Antioquia y otras zonas neogranadinas, siglos XVII - XVIII. Historia Critica."
BIB-A-1080,Artículo,"Aragon, Lucas. Marchante",2007,"Folclore, erudición y empirismo en la España del siglo XVI: un ejemplo en Persiles de Cervantes","Íkala, Revista De Lenguaje Y Cultura",12,18,97-117,,,,,,,,,No verificado externamente,,"Aragon, Lucas. Marchante. (2007). Folclore, erudición y empirismo en la España del siglo XVI: un ejemplo en Persiles de Cervantes. Íkala, Revista De Lenguaje Y Cultura."
BIB-A-1081,Artículo,"Lozano, Socorro",2007,Que es el clima ? Que es el clima ?,Nueva Revista Colombiana de Folclor (Bogota),,,,,,,,,,,,No verificado externamente,,"Lozano, Socorro. (2007). Que es el clima ? Que es el clima ?. Nueva Revista Colombiana de Folclor (Bogota)."
BIB-A-1082,Artículo,"Whitten, Norman E.",2007,The Longue Dur�e of Racial Fixity and the Transformative Conjunctures of Racial Blending,Journal of Latin American and Caribbean Anthropology,12,2,356-383,,,,,,,,,No verificado externamente,,"Whitten, Norman E.. (2007). The Longue Dur�e of Racial Fixity and the Transformative Conjunctures of Racial Blending. Journal of Latin American and Caribbean Anthropology."
BIB-A-1083,Artículo,"Balvín Restrepo, Jhonathan",2008,Benigno A. Gutiérrez (1889-1957) compilador y difusor del folclor y de la literatura antioqueña.,Revista Universidad de Antioquia (Medellin),,,,,,,,,,,,No verificado externamente,,"Balvín Restrepo, Jhonathan. (2008). Benigno A. Gutiérrez (1889-1957) compilador y difusor del folclor y de la literatura antioqueña.. Revista Universidad de Antioquia (Medellin)."
BIB-A-1084,Artículo,"Oslender, Ulrich",2008,"""The Logic of the River"": A Spatial Approach to Ethnic-Territorial Mobilization in the Colombian Pacific Region",Journal of Latin American Anthropology,7,2,86-117,,,,,,,,,No verificado externamente,,"Oslender, Ulrich. (2008). ""The Logic of the River"": A Spatial Approach to Ethnic-Territorial Mobilization in the Colombian Pacific Region. Journal of Latin American Anthropology."
BIB-A-1085,Artículo,"Barrera Aguilar, Óscar",2009,"Folclor, indigenismo y mestizaje durante la república liberal",Maguaré,,23,5,,,,,,,,,No verificado externamente,,"Barrera Aguilar, Óscar. (2009). Folclor, indigenismo y mestizaje durante la república liberal. Maguaré."
BIB-A-1086,Artículo,"Rausch, Jane M.",2009,Petroleum and the Transformation of the Llanos Frontier in Colombia: 1980 to the Present,The Latin Americanist,53,1,113-136,,,,,,,,,No verificado externamente,,"Rausch, Jane M.. (2009). Petroleum and the Transformation of the Llanos Frontier in Colombia: 1980 to the Present. The Latin Americanist."
BIB-A-1087,Artículo,"Rojas González, Francisco",2010,La Institucion del Compadrazgo entre los indios de México,Revista Colombiana de Folclor (Bogota),5,2,201-213,,,,,,,,,No verificado externamente,,"Rojas González, Francisco. (2010). La Institucion del Compadrazgo entre los indios de México. Revista Colombiana de Folclor (Bogota)."
BIB-A-1088,Artículo,"Rosales, Hector E. Rodriguez",2010,La religiosidad popular en la globalización,Anales de Antropología,43,0,,,,,,,,,,No verificado externamente,,"Rosales, Hector E. Rodriguez. (2010). La religiosidad popular en la globalización. Anales de Antropología."
BIB-A-1089,Artículo,Parranda Vallenata,2012,Leyenda de Francisco El Hombre,,,,,,,,,,,,,No verificado externamente,,Parranda Vallenata. (2012). Leyenda de Francisco El Hombre.
BIB-A-1090,Artículo,"Sánchez Mejía, Hugues R.",2014,"Los usos del folclore y la construcción de una identidad regional ""costeña"" y nacional en la obra de Antonio Brugés Carmona, 1940-1950",Revista de Estudios Sociales,,49,145-158,,,,,,,,,No verificado externamente,,"Sánchez Mejía, Hugues R.. (2014). Los usos del folclore y la construcción de una identidad regional ""costeña"" y nacional en la obra de Antonio Brugés Carmona, 1940-1950. Revista de Estudios Sociales."
BIB-A-1091,Artículo,"Santos Delgado, Adriana",2014,"Los usos del folclore y la construcción de una identidad regional ""costeña"" y nacional en la obra de Antonio Brugés Carmona, 1940-1950",Revista de Estudios Sociales,,49,145-158,,,,,,,,,No verificado externamente,,"Santos Delgado, Adriana. (2014). Los usos del folclore y la construcción de una identidad regional ""costeña"" y nacional en la obra de Antonio Brugés Carmona, 1940-1950. Revista de Estudios Sociales."
BIB-A-1092,Artículo,"Dulaurans, Marlène",2017,L’artivisme indigène : nouvelles pratiques du web,Revue française des sciences de l’information et de la communication,,10,,,,,,,,,,No verificado externamente,,"Dulaurans, Marlène. (2017). L’artivisme indigène : nouvelles pratiques du web. Revue française des sciences de l’information et de la communication."
BIB-A-1093,Artículo,"Motta Ramirez, Oscar",2017,L’artivisme indigène : nouvelles pratiques du web,Revue française des sciences de l’information et de la communication,,10,,,,,,,,,,No verificado externamente,,"Motta Ramirez, Oscar. (2017). L’artivisme indigène : nouvelles pratiques du web. Revue française des sciences de l’information et de la communication."
BIB-A-1094,Artículo,"Suárez, Diego Fernando Buitrago",2017,"Nación mestiza: El caso de la Revista de Folklore en Colombia, 1947-2011",Anuario Colombiano de Historia Social y de la Cultura,44,1,279-302,,,,,,,,,No verificado externamente,,"Suárez, Diego Fernando Buitrago. (2017). Nación mestiza: El caso de la Revista de Folklore en Colombia, 1947-2011. Anuario Colombiano de Historia Social y de la Cultura."
BIB-A-1095,Artículo,"Castellví, Marcelino y otros (Eds.)",1944,El cancionero del Padre Lucas de Batet y la etnoornitología,Amazonía Colombiana Americanista,2,48,145-159,,,,,,,,,No verificado externamente,,"Castellví, Marcelino y otros (Eds.). (1944). El cancionero del Padre Lucas de Batet y la etnoornitología. Amazonía Colombiana Americanista."
BIB-A-1096,Artículo,"Apolinar María, Hermano",1944,Vocabulario de términos vulgares en Historia Natural Colombiana,"Revista de la Academia de Ciencias Exactas, Físicas y Naturales",,2020-01-07 00:00:00,,,,,,,,,,No verificado externamente,,"Apolinar María, Hermano. (1944). Vocabulario de términos vulgares en Historia Natural Colombiana. Revista de la Academia de Ciencias Exactas, Físicas y Naturales."
BIB-A-1097,Artículo,"Robinson, J. W. L. y Bridgman, A.",1969,Los indios Noanamá del río Taparal,Revista Colombiana de Antropología,,14,177-200,,,,,,,,,No verificado externamente,,"Robinson, J. W. L. y Bridgman, A.. (1969). Los indios Noanamá del río Taparal. Revista Colombiana de Antropología."
BIB-A-1098,Artículo,"Hernández, Juan C.",l 947,"El Peñón de los muertos, Cuentos folclóricos",Revista de las Indias,30,95,261-278,,,,,,,,,No verificado externamente,,"Hernández, Juan C.. (l 947). El Peñón de los muertos, Cuentos folclóricos. Revista de las Indias."
BIB-A-1099,Artículo,"Caro, Víctor",s. f.,Informe sobre el concurso de cancíoneros,Revista Javeriana,,14,,,,,,,,,,No verificado externamente,,"Caro, Víctor. (s. f.). Informe sobre el concurso de cancíoneros. Revista Javeriana."
BIB-A-1100,Artículo,"García, A.",S. f.,"De toponimia, de etnología y de historia",Boletín del instituto marco Fidel Suárez,,1,117-118,,,,,,,,,No verificado externamente,,"García, A.. (S. f.). De toponimia, de etnología y de historia. Boletín del instituto marco Fidel Suárez."
BIB-A-1101,Artículo,"Garibello, Carlos",s. f.,Informe de la comisión al Amazonas,Anales de la Junta Nacional de Folclor,,,,,,,,,,,,No verificado externamente,,"Garibello, Carlos. (s. f.). Informe de la comisión al Amazonas. Anales de la Junta Nacional de Folclor."
BIB-A-1102,Artículo,"González de la Calle, Pedro Urbano",s. f.,Contribución al estudio del ''Bogotano'',Revista nacional de cultura,,51,38-54,,,,,,,,,No verificado externamente,,"González de la Calle, Pedro Urbano. (s. f.). Contribución al estudio del ''Bogotano''. Revista nacional de cultura."
BIB-A-1103,Artículo,"Merizalde, Bernardo del Carmen",s. f.,La poesía popular de los negros costeños,Boletín de la provincia de Nuestra Señora de la candelaria de Colombia,21,1,37-40,,,,,,,,,No verificado externamente,,"Merizalde, Bernardo del Carmen. (s. f.). La poesía popular de los negros costeños. Boletín de la provincia de Nuestra Señora de la candelaria de Colombia."
BIB-A-1104,Artículo,Anónimo,s.f.,Mitos de nuestros curanderos,Laboratorio,,13,,,,,,,,,,No verificado externamente,,Anónimo. (s.f.). Mitos de nuestros curanderos. Laboratorio.
BIB-A-1105,Artículo,Anónimo,s.f.,Mágicos de los curanderos (sic),Laboratorio,,13,,,,,,,,,,No verificado externamente,,Anónimo. (s.f.). Mágicos de los curanderos (sic). Laboratorio.
BIB-A-1106,Artículo,Anónimo,s.f.,La diosa del Chairá,Revista de Misiones,,543,,,,,,,,,,No verificado externamente,,Anónimo. (s.f.). La diosa del Chairá. Revista de Misiones.
BIB-A-1107,Artículo,Anónimo,s.f.,Mágicos de los curanderos,Laboratorio,,13,,,,,,,,,,No verificado externamente,,Anónimo. (s.f.). Mágicos de los curanderos. Laboratorio.
BIB-A-1108,Artículo,"González, J.",s.f.,Hoja del folclore. Municipio de Ipiales,Laboratorio,,18,,,,,,,,,,No verificado externamente,,"González, J.. (s.f.). Hoja del folclore. Municipio de Ipiales. Laboratorio."
BIB-A-1109,Artículo,"Mejía, Darío",s.f.,Más sobre las costumbres de los indígenas del Vaupés,Semisiones,,140,7-9,,,,,,,,,No verificado externamente,,"Mejía, Darío. (s.f.). Más sobre las costumbres de los indígenas del Vaupés. Semisiones."
BIB-A-1110,Artículo,"Trespalacios, Luciano",s.f.,"Apartes de ""El Curandero""",Laboratorio,,4,,,,,,,,,,No verificado externamente,,"Trespalacios, Luciano. (s.f.). Apartes de ""El Curandero"". Laboratorio."
BIB-A-1111,Artículo,"Acosta, Echeverri",,El Departamento de Matices,Nueva Revista Colombiana de Folclor (Bogota),,3,,,,,,,,,,No verificado externamente,,"Acosta, Echeverri. (s. f.). El Departamento de Matices. Nueva Revista Colombiana de Folclor (Bogota)."
BIB-A-1112,Artículo,"Acosta, Ernesto. Rodriguez",,Artesanías.,Nueva Revista Colombiana de Folclor (Bogota),,,,,,,,,,,,No verificado externamente,,"Acosta, Ernesto. Rodriguez. (s. f.). Artesanías.. Nueva Revista Colombiana de Folclor (Bogota)."
BIB-A-1113,Artículo,"Alvarez, Blanca.",,El traje tipico del departamento del Tolima.,Nueva Revista Colombiana de Folclor (Bogota),,,,,,,,,,,,No verificado externamente,,"Alvarez, Blanca.. (s. f.). El traje tipico del departamento del Tolima.. Nueva Revista Colombiana de Folclor (Bogota)."
BIB-A-1114,Artículo,"Ampudia, Cesar Augusto. Cordoba",,El pasillo chocoano.,Nueva Revista Colombiana de Folclor (Bogota),,,,,,,,,,,,No verificado externamente,,"Ampudia, Cesar Augusto. Cordoba. (s. f.). El pasillo chocoano.. Nueva Revista Colombiana de Folclor (Bogota)."
BIB-A-1115,Artículo,"Arbelaez, Enrique. Perez",,El currulao.,Revista Colombiana de Folclor (Bogota),,,,,,,,,,,,No verificado externamente,,"Arbelaez, Enrique. Perez. (s. f.). El currulao.. Revista Colombiana de Folclor (Bogota)."
BIB-A-1116,Artículo,"Arboleda, Luz Marina. Jaramillo",,Oscar Vahos Jiménez: homenaje a la memoria del juego y la lúdica de Colombia.,Porro y Folclor : revista cultural,,,,,,,,,,,,No verificado externamente,,"Arboleda, Luz Marina. Jaramillo. (s. f.). Oscar Vahos Jiménez: homenaje a la memoria del juego y la lúdica de Colombia.. Porro y Folclor : revista cultural."
BIB-A-1117,Artículo,"Arias, Carlos.",,La musica del Pacifico colombiano : entre el folclor tradicional y la musica popular contemporanea.,Pacifico Sur,,,,,,,,,,,,No verificado externamente,,"Arias, Carlos.. (s. f.). La musica del Pacifico colombiano : entre el folclor tradicional y la musica popular contemporanea.. Pacifico Sur."
BIB-A-1118,Artículo,"Astorquiza, Héctor. Bolaños",,Banco nacional de datos: Diccionario pastuso.,Nueva Revista Colombiana de Folclor (Bogota),,,,,,,,,,,,No verificado externamente,,"Astorquiza, Héctor. Bolaños. (s. f.). Banco nacional de datos: Diccionario pastuso.. Nueva Revista Colombiana de Folclor (Bogota)."
BIB-A-1119,Artículo,"Ballesteros, Ofelia.",,Comidas tipicas del departamento del Choco.,Nueva Revista Colombiana de Folclor (Bogota),,,,,,,,,,,,No verificado externamente,,"Ballesteros, Ofelia.. (s. f.). Comidas tipicas del departamento del Choco.. Nueva Revista Colombiana de Folclor (Bogota)."
BIB-A-1120,Artículo,"Bejarano, Maribel. Carvajal",,El duelo con machete.,Nueva Revista Colombiana de Folclor (Bogota),,,,,,,,,,,,No verificado externamente,,"Bejarano, Maribel. Carvajal. (s. f.). El duelo con machete.. Nueva Revista Colombiana de Folclor (Bogota)."
BIB-A-1121,Artículo,"Bernal, Daniel. Mesa",,Medidas agrícolas en la Costa del Caribe.,Nueva Revista Colombiana de Folclor (Bogota),,,,,,,,,,,,No verificado externamente,,"Bernal, Daniel. Mesa. (s. f.). Medidas agrícolas en la Costa del Caribe.. Nueva Revista Colombiana de Folclor (Bogota)."
BIB-A-1122,Artículo,"Blanco, Lacides. Moreno",,Divagaciones sobre tamales y envueltos.,Nueva Revista Colombiana de Folclor (Bogota),,,,,,,,,,,,No verificado externamente,,"Blanco, Lacides. Moreno. (s. f.). Divagaciones sobre tamales y envueltos.. Nueva Revista Colombiana de Folclor (Bogota)."
BIB-A-1123,Artículo,"Cañadas, Douglas. Cujar",,Vivienda popular.,Nueva Revista Colombiana de Folclor (Bogota),,,,,,,,,,,,No verificado externamente,,"Cañadas, Douglas. Cujar. (s. f.). Vivienda popular.. Nueva Revista Colombiana de Folclor (Bogota)."
BIB-A-1124,Artículo,"Cano, Samuel de J.",,La semana santa de Santafe de Antioquia.,Nueva Revista Colombiana de Folclor (Bogota),,,,,,,,,,,,No verificado externamente,,"Cano, Samuel de J.. (s. f.). La semana santa de Santafe de Antioquia.. Nueva Revista Colombiana de Folclor (Bogota)."
BIB-A-1125,Artículo,"Cascante, Joseph.",,"Villancico de navidad. Oiga usted, señora Juana.",Nueva Revista Colombiana de Folclor (Bogota),,,,,,,,,,,,No verificado externamente,,"Cascante, Joseph.. (s. f.). Villancico de navidad. Oiga usted, señora Juana.. Nueva Revista Colombiana de Folclor (Bogota)."
BIB-A-1126,Artículo,"Castro, Dicken.",,&quot;Mi negrita&quot; o el &quot;terror de los llanos.&quot;,ArtNexus : Arte en Colombia Internacional (Santafé de Bogotá),,,,,,,,,,,,No verificado externamente,,"Castro, Dicken.. (s. f.). &quot;Mi negrita&quot; o el &quot;terror de los llanos.&quot;. ArtNexus : Arte en Colombia Internacional (Santafé de Bogotá)."
BIB-A-1127,Artículo,"Ch., Benjamin. Yepes",,Los años viejos.,Nueva Revista Colombiana de Folclor (Bogota),,,,,,,,,,,,No verificado externamente,,"Ch., Benjamin. Yepes. (s. f.). Los años viejos.. Nueva Revista Colombiana de Folclor (Bogota)."
BIB-A-1128,Artículo,"Chamorro, Josefina. Solarte",,Enfermedades y prácticas curativas en la costa y la sierra de Nariño.,Nueva Revista Colombiana de Folclor (Bogota),,,,,,,,,,,,No verificado externamente,,"Chamorro, Josefina. Solarte. (s. f.). Enfermedades y prácticas curativas en la costa y la sierra de Nariño.. Nueva Revista Colombiana de Folclor (Bogota)."
BIB-A-1129,Artículo,"Cordero, Lydia Ines. Muñoz",,"Llapanga, la descalza mujer del pueblo.",Nueva Revista Colombiana de Folclor (Bogota),,,,,,,,,,,,No verificado externamente,,"Cordero, Lydia Ines. Muñoz. (s. f.). Llapanga, la descalza mujer del pueblo.. Nueva Revista Colombiana de Folclor (Bogota)."
BIB-A-1130,Artículo,"Cordovez, Jorge. Villamil",,Institución del primer San Juan y San Pedro en la Provincia de Neiva.,Nueva Revista Colombiana de Folclor (Bogota),,,,,,,,,,,,No verificado externamente,,"Cordovez, Jorge. Villamil. (s. f.). Institución del primer San Juan y San Pedro en la Provincia de Neiva.. Nueva Revista Colombiana de Folclor (Bogota)."
BIB-A-1131,Artículo,"Correa, Doris",,El Departamento de Matices,Nueva Revista Colombiana de Folclor (Bogota),,3,,,,,,,,,,No verificado externamente,,"Correa, Doris. (s. f.). El Departamento de Matices. Nueva Revista Colombiana de Folclor (Bogota)."
BIB-A-1132,Artículo,"Correa, Segundo. Zambrano",,La medicina popular pastusa.,Nueva Revista Colombiana de Folclor (Bogota),,,,,,,,,,,,No verificado externamente,,"Correa, Segundo. Zambrano. (s. f.). La medicina popular pastusa.. Nueva Revista Colombiana de Folclor (Bogota)."
BIB-A-1133,Artículo,"Cuesta, Darcio. Cordoba",,Caracteristicas del español chocoano como variante dialectal.,Nueva Revista Colombiana de Folclor (Bogota),,,,,,,,,,,,No verificado externamente,,"Cuesta, Darcio. Cordoba. (s. f.). Caracteristicas del español chocoano como variante dialectal.. Nueva Revista Colombiana de Folclor (Bogota)."
BIB-A-1134,Artículo,"Cunin, Elisabeth.",,Buscando las poblaciones negras de Cartagena.,Aguaita (Cartagena),,,,,,,,,,,,No verificado externamente,,"Cunin, Elisabeth.. (s. f.). Buscando las poblaciones negras de Cartagena.. Aguaita (Cartagena)."
BIB-A-1135,Artículo,"Diaz, Carlos. Moron",,Comida típica.,Nueva Revista Colombiana de Folclor (Bogota),,,,,,,,,,,,No verificado externamente,,"Diaz, Carlos. Moron. (s. f.). Comida típica.. Nueva Revista Colombiana de Folclor (Bogota)."
BIB-A-1136,Artículo,"Diaz, William. Fortich",,El fandango : fiesta de dioses.,Porro y Folclor : revista cultural,,,,,,,,,,,,No verificado externamente,,"Diaz, William. Fortich. (s. f.). El fandango : fiesta de dioses.. Porro y Folclor : revista cultural."
BIB-A-1137,Artículo,"Eraso, Eduardo. Zuñiga",,"Rituales de fertilidad en Chiranquer, comunidad indígena del resguardo de Ipiales.",Nueva Revista Colombiana de Folclor (Bogota),,,,,,,,,,,,No verificado externamente,,"Eraso, Eduardo. Zuñiga. (s. f.). Rituales de fertilidad en Chiranquer, comunidad indígena del resguardo de Ipiales.. Nueva Revista Colombiana de Folclor (Bogota)."
BIB-A-1138,Artículo,"Escobar, Alejandro. Martelo",,Decima a la Revista Porro y Folclor.,Porro y Folclor : revista cultural,,,,,,,,,,,,No verificado externamente,,"Escobar, Alejandro. Martelo. (s. f.). Decima a la Revista Porro y Folclor.. Porro y Folclor : revista cultural."
BIB-A-1139,Artículo,"Ferri, Maria Mcnulty",,El Departamento de Matices,Nueva Revista Colombiana de Folclor (Bogota),,3,,,,,,,,,,No verificado externamente,,"Ferri, Maria Mcnulty. (s. f.). El Departamento de Matices. Nueva Revista Colombiana de Folclor (Bogota)."
BIB-A-1140,Artículo,"Franch, Jose. Alcina",,El folklore como antropología.,Nueva Revista Colombiana de Folclor (Bogota),,,,,,,,,,,,No verificado externamente,,"Franch, Jose. Alcina. (s. f.). El folklore como antropología.. Nueva Revista Colombiana de Folclor (Bogota)."
BIB-A-1141,Artículo,"Franco, Alonso.",,El bullerengue : baile cantao.,Porro y Folclor : revista cultural,,,,,,,,,,,,No verificado externamente,,"Franco, Alonso.. (s. f.). El bullerengue : baile cantao.. Porro y Folclor : revista cultural."
BIB-A-1142,Artículo,"Friedemann, Nina S. de.",,"Contextos religiosos en un área negra de Barbacoas (Nariño, Colombia).",Revista Colombiana de Folclor (Bogota),,,,,,,,,,,,No verificado externamente,,"Friedemann, Nina S. de.. (s. f.). Contextos religiosos en un área negra de Barbacoas (Nariño, Colombia).. Revista Colombiana de Folclor (Bogota)."
BIB-A-1143,Artículo,"Friedemann, Nina S. de.",,La comunicación y el folclor colombiano. Un enfoque antropológico.,Revista Colombiana de Folclor (Bogota),,,,,,,,,,,,No verificado externamente,,"Friedemann, Nina S. de.. (s. f.). La comunicación y el folclor colombiano. Un enfoque antropológico.. Revista Colombiana de Folclor (Bogota)."
BIB-A-1144,Artículo,"Garay, Myriam Clemencia. Oliveros",,Festividades del Corpus Christi en Anolaima.,Nueva Revista Colombiana de Folclor (Bogota),,,,,,,,,,,,No verificado externamente,,"Garay, Myriam Clemencia. Oliveros. (s. f.). Festividades del Corpus Christi en Anolaima.. Nueva Revista Colombiana de Folclor (Bogota)."
BIB-A-1145,Artículo,"Gomez, Luis. Duque",,Artesanías nativas.,Revista Colombiana de Folclor (Bogota),,,,,,,,,,,,No verificado externamente,,"Gomez, Luis. Duque. (s. f.). Artesanías nativas.. Revista Colombiana de Folclor (Bogota)."
BIB-A-1146,Artículo,"Gomez, Luis. Duque",,Notas sobre la historia del traje tradicional colombiano.,Nueva Revista Colombiana de Folclor (Bogota),,,,,,,,,,,,No verificado externamente,,"Gomez, Luis. Duque. (s. f.). Notas sobre la historia del traje tradicional colombiano.. Nueva Revista Colombiana de Folclor (Bogota)."
BIB-A-1147,Artículo,"Gomez, Luis. Duque",,Notas Bibliográficas.,Revista Colombiana de Folclor (Bogota),,,,,,,,,,,,No verificado externamente,,"Gomez, Luis. Duque. (s. f.). Notas Bibliográficas.. Revista Colombiana de Folclor (Bogota)."
BIB-A-1148,Artículo,"Gonzalez, Maria Nelly.",,El municipio de Caceres y su folclor.,Nueva Revista Colombiana de Folclor (Bogota),,,,,,,,,,,,No verificado externamente,,"Gonzalez, Maria Nelly.. (s. f.). El municipio de Caceres y su folclor.. Nueva Revista Colombiana de Folclor (Bogota)."
BIB-A-1149,Artículo,"Hernández, Claudia. Afanador",,Fiesta de Sandiego de Muellamués.,Nueva Revista Colombiana de Folclor (Bogota),,,,,,,,,,,,No verificado externamente,,"Hernández, Claudia. Afanador. (s. f.). Fiesta de Sandiego de Muellamués.. Nueva Revista Colombiana de Folclor (Bogota)."
BIB-A-1150,Artículo,"Jaramillo, Yolanda M. de.",,Algunas costumbres religiosas relacionadas con el culto a los muertos en una región de la Costa Atlántica colombiana.,Revista Colombiana de Folclor (Bogota),,,,,,,,,,,,No verificado externamente,,"Jaramillo, Yolanda M. de.. (s. f.). Algunas costumbres religiosas relacionadas con el culto a los muertos en una región de la Costa Atlántica colombiana.. Revista Colombiana de Folclor (Bogota)."
BIB-A-1151,Artículo,"Jaramillo, Yolanda. Mora de",,Arte y artesanías populares.,Revista Colombiana de Folclor (Bogota),,,,,,,,,,,,No verificado externamente,,"Jaramillo, Yolanda. Mora de. (s. f.). Arte y artesanías populares.. Revista Colombiana de Folclor (Bogota)."
BIB-A-1152,Artículo,"Larrea, Fernando de Jesus (Fray)",,Novena para el aguinaldo.,Nueva Revista Colombiana de Folclor (Bogota),,,,,,,,,,,,No verificado externamente,,"Larrea, Fernando de Jesus (Fray). (s. f.). Novena para el aguinaldo.. Nueva Revista Colombiana de Folclor (Bogota)."
BIB-A-1153,Artículo,"Leal, José Santos. Sanabria",,El traje típico y la danza tradicional en Boyacá.,Nueva Revista Colombiana de Folclor (Bogota),,,,,,,,,,,,No verificado externamente,,"Leal, José Santos. Sanabria. (s. f.). El traje típico y la danza tradicional en Boyacá.. Nueva Revista Colombiana de Folclor (Bogota)."
BIB-A-1154,Artículo,"Londoño, Agustin. Jaramillo",,Personajes y trajes tradicionales de Antioquia.,Nueva Revista Colombiana de Folclor (Bogota),,,,,,,,,,,,No verificado externamente,,"Londoño, Agustin. Jaramillo. (s. f.). Personajes y trajes tradicionales de Antioquia.. Nueva Revista Colombiana de Folclor (Bogota)."
BIB-A-1155,Artículo,"Londoño, Agustin. Jaramillo",,"La casa campesina, zona cafetera.",Nueva Revista Colombiana de Folclor (Bogota),,,,,,,,,,,,No verificado externamente,,"Londoño, Agustin. Jaramillo. (s. f.). La casa campesina, zona cafetera.. Nueva Revista Colombiana de Folclor (Bogota)."
BIB-A-1156,Artículo,"Londoño, Antonio. Tapias",,Tres danzas iluminadas.,Porro y Folclor : revista cultural,,,,,,,,,,,,No verificado externamente,,"Londoño, Antonio. Tapias. (s. f.). Tres danzas iluminadas.. Porro y Folclor : revista cultural."
BIB-A-1157,Artículo,"López, Cecilio",,El Departamento de Matices,Nueva Revista Colombiana de Folclor (Bogota),,3,,,,,,,,,,No verificado externamente,,"López, Cecilio. (s. f.). El Departamento de Matices. Nueva Revista Colombiana de Folclor (Bogota)."
BIB-A-1158,Artículo,"López, Guillermo. Téllez",,Organología y modalidades del torbellino de Vélez.,Nueva Revista Colombiana de Folclor (Bogota),,,,,,,,,,,,No verificado externamente,,"López, Guillermo. Téllez. (s. f.). Organología y modalidades del torbellino de Vélez.. Nueva Revista Colombiana de Folclor (Bogota)."
BIB-A-1159,Artículo,"Lopez, Hector. Lopez",,"El remediano, un representante de la picaresca antioqueña.",Nueva Revista Colombiana de Folclor (Bogota),,,,,,,,,,,,No verificado externamente,,"Lopez, Hector. Lopez. (s. f.). El remediano, un representante de la picaresca antioqueña.. Nueva Revista Colombiana de Folclor (Bogota)."
BIB-A-1160,Artículo,"Lopez, Javier. Ocampo",,El folclor y la historia de la vida cotidiana.,Nueva Revista Colombiana de Folclor (Bogota),,,,,,,,,,,,No verificado externamente,,"Lopez, Javier. Ocampo. (s. f.). El folclor y la historia de la vida cotidiana.. Nueva Revista Colombiana de Folclor (Bogota)."
BIB-A-1161,Artículo,"Lopez, Javier. Ocampo",,Luis Duque Gomez y el folclor nacional.,Nueva Revista Colombiana de Folclor (Bogota),,,,,,,,,,,,No verificado externamente,,"Lopez, Javier. Ocampo. (s. f.). Luis Duque Gomez y el folclor nacional.. Nueva Revista Colombiana de Folclor (Bogota)."
BIB-A-1162,Artículo,"Lopez, Oscar (Historiador)",,Festival del porro.,Porro y Folclor : revista cultural,,,,,,,,,,,,No verificado externamente,,"Lopez, Oscar (Historiador). (s. f.). Festival del porro.. Porro y Folclor : revista cultural."
BIB-A-1163,Artículo,"Lozano, Ofelia. Ballesteros",,Festival de Bahia Solano.,Nueva Revista Colombiana de Folclor (Bogota),,,,,,,,,,,,No verificado externamente,,"Lozano, Ofelia. Ballesteros. (s. f.). Festival de Bahia Solano.. Nueva Revista Colombiana de Folclor (Bogota)."
BIB-A-1164,Artículo,"M., Rogerio. Velasquez",,Instrumentos musicales del Alto y Bajo Chocó.,Revista Colombiana de Folclor (Bogota),,,,,,,,,,,,No verificado externamente,,"M., Rogerio. Velasquez. (s. f.). Instrumentos musicales del Alto y Bajo Chocó.. Revista Colombiana de Folclor (Bogota)."
BIB-A-1165,Artículo,"M., Rogerio. Velasquez",,Vestidos de trabajo en el Alto y Bajo Chocó.,Revista Colombiana de Folclor (Bogota),,,,,,,,,,,,No verificado externamente,,"M., Rogerio. Velasquez. (s. f.). Vestidos de trabajo en el Alto y Bajo Chocó.. Revista Colombiana de Folclor (Bogota)."
BIB-A-1166,Artículo,"Marina, Luz",,El Departamento de Matices,Nueva Revista Colombiana de Folclor (Bogota),,3,,,,,,,,,,No verificado externamente,,"Marina, Luz. (s. f.). El Departamento de Matices. Nueva Revista Colombiana de Folclor (Bogota)."
BIB-A-1167,Artículo,"Marti, Samuel.",,Etnomusicología en Colombia.,Revista Colombiana de Folclor (Bogota),,,,,,,,,,,,No verificado externamente,,"Marti, Samuel.. (s. f.). Etnomusicología en Colombia.. Revista Colombiana de Folclor (Bogota)."
BIB-A-1168,Artículo,"Martinez, Olga M.",,Artesanias.,Nueva Revista Colombiana de Folclor (Bogota),,,,,,,,,,,,No verificado externamente,,"Martinez, Olga M.. (s. f.). Artesanias.. Nueva Revista Colombiana de Folclor (Bogota)."
BIB-A-1169,Artículo,"Mendoza, Alvaro. Chaves",,El festival folclórico: otra mirada.,Nueva Revista Colombiana de Folclor (Bogota),,,,,,,,,,,,No verificado externamente,,"Mendoza, Alvaro. Chaves. (s. f.). El festival folclórico: otra mirada.. Nueva Revista Colombiana de Folclor (Bogota)."
BIB-A-1170,Artículo,"Montes, Maria Luisa. Rodriguez de",,El barniz de Pasto o mopa mopa.,Nueva Revista Colombiana de Folclor (Bogota),,,,,,,,,,,,No verificado externamente,,"Montes, Maria Luisa. Rodriguez de. (s. f.). El barniz de Pasto o mopa mopa.. Nueva Revista Colombiana de Folclor (Bogota)."
BIB-A-1171,Artículo,"Moreno, Neivo de Jesus.",,Instrumentos folcloricos del Choco.,Nueva Revista Colombiana de Folclor (Bogota),,,,,,,,,,,,No verificado externamente,,"Moreno, Neivo de Jesus.. (s. f.). Instrumentos folcloricos del Choco.. Nueva Revista Colombiana de Folclor (Bogota)."
BIB-A-1172,Artículo,"Munera, Fernando Antonio.",,Danza de la loza en Carmen de Viboral.,Nueva Revista Colombiana de Folclor (Bogota),,,,,,,,,,,,No verificado externamente,,"Munera, Fernando Antonio.. (s. f.). Danza de la loza en Carmen de Viboral.. Nueva Revista Colombiana de Folclor (Bogota)."
BIB-A-1173,Artículo,"Muñoz, Aury. Tolosa",,¿Qué es Córdoba?,Nueva Revista Colombiana de Folclor (Bogota),,,,,,,,,,,,No verificado externamente,,"Muñoz, Aury. Tolosa. (s. f.). ¿Qué es Córdoba?. Nueva Revista Colombiana de Folclor (Bogota)."
BIB-A-1174,Artículo,"n., S.",,El sombrero vueltiao : simbolo cultural de los colombianos.,Porro y Folclor : revista cultural,,,,,,,,,,,,No verificado externamente,,"n., S.. (s. f.). El sombrero vueltiao : simbolo cultural de los colombianos.. Porro y Folclor : revista cultural."
BIB-A-1175,Artículo,"n., S.",,"Fandango : fiesta, musica y danza.",Porro y Folclor : revista cultural,,,,,,,,,,,,No verificado externamente,,"n., S.. (s. f.). Fandango : fiesta, musica y danza.. Porro y Folclor : revista cultural."
BIB-A-1176,Artículo,"Navarro, Sofia de.",,Manjares de navidad en el territorio paisa.,Nueva Revista Colombiana de Folclor (Bogota),,,,,,,,,,,,No verificado externamente,,"Navarro, Sofia de.. (s. f.). Manjares de navidad en el territorio paisa.. Nueva Revista Colombiana de Folclor (Bogota)."
BIB-A-1177,Artículo,"Ocaña, Álvaro. Pantoja",,Personajes de trapo y aserrín en San juan de Pasto.,Nueva Revista Colombiana de Folclor (Bogota),,,,,,,,,,,,No verificado externamente,,"Ocaña, Álvaro. Pantoja. (s. f.). Personajes de trapo y aserrín en San juan de Pasto.. Nueva Revista Colombiana de Folclor (Bogota)."
BIB-A-1178,Artículo,"Olivella, Manuel. Zapata",,"Caña de Millo, variedades y ejecución.",Revista Colombiana de Folclor (Bogota),,,,,,,,,,,,No verificado externamente,,"Olivella, Manuel. Zapata. (s. f.). Caña de Millo, variedades y ejecución.. Revista Colombiana de Folclor (Bogota)."
BIB-A-1179,Artículo,"Ortiz, Camilo Francisco. Salas",,Vivienda campesina huilense.,Nueva Revista Colombiana de Folclor (Bogota),,,,,,,,,,,,No verificado externamente,,"Ortiz, Camilo Francisco. Salas. (s. f.). Vivienda campesina huilense.. Nueva Revista Colombiana de Folclor (Bogota)."
BIB-A-1180,Artículo,"Ortiz, Manuel. Cortes",,Mito de San Francisco y la comida.,Nueva Revista Colombiana de Folclor (Bogota),,,,,,,,,,,,No verificado externamente,,"Ortiz, Manuel. Cortes. (s. f.). Mito de San Francisco y la comida.. Nueva Revista Colombiana de Folclor (Bogota)."
BIB-A-1181,Artículo,"Ortiz, Sergio Elias.",,Consejas y creencias de tipo folclórico de la región de Pasto (suroeste de Colombia).,Revista Colombiana de Folclor (Bogota),,,,,,,,,,,,No verificado externamente,,"Ortiz, Sergio Elias.. (s. f.). Consejas y creencias de tipo folclórico de la región de Pasto (suroeste de Colombia).. Revista Colombiana de Folclor (Bogota)."
BIB-A-1182,Artículo,"Osorio, Emilia de Jesus. Caicedo",,Medicina popular.,Nueva Revista Colombiana de Folclor (Bogota),,,,,,,,,,,,No verificado externamente,,"Osorio, Emilia de Jesus. Caicedo. (s. f.). Medicina popular.. Nueva Revista Colombiana de Folclor (Bogota)."
BIB-A-1183,Artículo,"Ospina, Luis Fernando. Duque",,Cinco coreografías del Tolima.,Nueva Revista Colombiana de Folclor (Bogota),,,,,,,,,,,,No verificado externamente,,"Ospina, Luis Fernando. Duque. (s. f.). Cinco coreografías del Tolima.. Nueva Revista Colombiana de Folclor (Bogota)."
BIB-A-1184,Artículo,"Ossa, Jesús. Mejía",,Pedagogia cultural agropecuaria en las sabanas.,Porro y Folclor : revista cultural,,,,,,,,,,,,No verificado externamente,,"Ossa, Jesús. Mejía. (s. f.). Pedagogia cultural agropecuaria en las sabanas.. Porro y Folclor : revista cultural."
BIB-A-1185,Artículo,"Otero, Ciro A. Quiroz",,Ec Toño: Tambor y flauta.,Nueva Revista Colombiana de Folclor (Bogota),,,,,,,,,,,,No verificado externamente,,"Otero, Ciro A. Quiroz. (s. f.). Ec Toño: Tambor y flauta.. Nueva Revista Colombiana de Folclor (Bogota)."
BIB-A-1186,Artículo,"Otero, Ciro A. Quiroz",,Estampas negras de aquel Río Magdalena.,Nueva Revista Colombiana de Folclor (Bogota),,,,,,,,,,,,No verificado externamente,,"Otero, Ciro A. Quiroz. (s. f.). Estampas negras de aquel Río Magdalena.. Nueva Revista Colombiana de Folclor (Bogota)."
BIB-A-1187,Artículo,"Otero, Ciro A. Quiroz",,Ritmos e instrumentos de los cantos vallenatos.,Nueva Revista Colombiana de Folclor (Bogota),,,,,,,,,,,,No verificado externamente,,"Otero, Ciro A. Quiroz. (s. f.). Ritmos e instrumentos de los cantos vallenatos.. Nueva Revista Colombiana de Folclor (Bogota)."
BIB-A-1188,Artículo,"Parra, Madolia. DeDiego",,Celebraciones familiares.,Nueva Revista Colombiana de Folclor (Bogota),,,,,,,,,,,,No verificado externamente,,"Parra, Madolia. DeDiego. (s. f.). Celebraciones familiares.. Nueva Revista Colombiana de Folclor (Bogota)."
BIB-A-1189,Artículo,"Parra, Madolia. DeDiego",,Danzas y ritmos folcloricos del Choco.,Nueva Revista Colombiana de Folclor (Bogota),,,,,,,,,,,,No verificado externamente,,"Parra, Madolia. DeDiego. (s. f.). Danzas y ritmos folcloricos del Choco.. Nueva Revista Colombiana de Folclor (Bogota)."
BIB-A-1190,Artículo,"Parra, Raúl. Ordoñez",,Historia de la carroza &quot;El carro de la otra vida&quot; del Carnaval de 1989.,Nueva Revista Colombiana de Folclor (Bogota),,,,,,,,,,,,No verificado externamente,,"Parra, Raúl. Ordoñez. (s. f.). Historia de la carroza &quot;El carro de la otra vida&quot; del Carnaval de 1989.. Nueva Revista Colombiana de Folclor (Bogota)."
BIB-A-1191,Artículo,"Peña, Jose Winston. Cuesta",,Funebria de los negros en el Monte Carlo.,Nueva Revista Colombiana de Folclor (Bogota),,,,,,,,,,,,No verificado externamente,,"Peña, Jose Winston. Cuesta. (s. f.). Funebria de los negros en el Monte Carlo.. Nueva Revista Colombiana de Folclor (Bogota)."
BIB-A-1192,Artículo,"Perez, Margarita Escocia. Cantero",,Taller folclórico de Córdoba.,Nueva Revista Colombiana de Folclor (Bogota),,,,,,,,,,,,No verificado externamente,,"Perez, Margarita Escocia. Cantero. (s. f.). Taller folclórico de Córdoba.. Nueva Revista Colombiana de Folclor (Bogota)."
BIB-A-1193,Artículo,"Posada, Jaime.",,"Homenaje al doctor Luis Duque Gomez : descubridor, hombre de ideas y letras.",Nueva Revista Colombiana de Folclor (Bogota),,,,,,,,,,,,No verificado externamente,,"Posada, Jaime.. (s. f.). Homenaje al doctor Luis Duque Gomez : descubridor, hombre de ideas y letras.. Nueva Revista Colombiana de Folclor (Bogota)."
BIB-A-1194,Artículo,"R., Olga Marlene. Campo",,Ñapanga de Popayán.,Nueva Revista Colombiana de Folclor (Bogota),,,,,,,,,,,,No verificado externamente,,"R., Olga Marlene. Campo. (s. f.). Ñapanga de Popayán.. Nueva Revista Colombiana de Folclor (Bogota)."
BIB-A-1195,Artículo,"Rodríguez, J. David. Rubio",,La tradición del pesebre en Colombia.,Nueva Revista Colombiana de Folclor (Bogota),,,,,,,,,,,,No verificado externamente,,"Rodríguez, J. David. Rubio. (s. f.). La tradición del pesebre en Colombia.. Nueva Revista Colombiana de Folclor (Bogota)."
BIB-A-1196,Artículo,"Rodríguez, Julián Bueno",,Proyección artística coreográfica.,Nueva Revista Colombiana de Folclor (Bogota),,,,,,,,,,,,No verificado externamente,,"Rodríguez, Julián Bueno. (s. f.). Proyección artística coreográfica.. Nueva Revista Colombiana de Folclor (Bogota)."
BIB-A-1197,Artículo,"Rodriguez, Victor Manuel. Patiño",,"Muestra folklórica del Litoral Pacífico de Ecuador, Colombia y Panamá.",Nueva Revista Colombiana de Folclor (Bogota),,,,,,,,,,,,No verificado externamente,,"Rodriguez, Victor Manuel. Patiño. (s. f.). Muestra folklórica del Litoral Pacífico de Ecuador, Colombia y Panamá.. Nueva Revista Colombiana de Folclor (Bogota)."
BIB-A-1198,Artículo,"Rozo, Vidal Antonio.",,El Carnavalito entre los indígenas inganos de Yunguillo.,Revista Colombiana de Folclor (Bogota),,,,,,,,,,,,No verificado externamente,,"Rozo, Vidal Antonio.. (s. f.). El Carnavalito entre los indígenas inganos de Yunguillo.. Revista Colombiana de Folclor (Bogota)."
BIB-A-1199,Artículo,"Salamandra, Ninoska.",,Trajes tradicionales y los peinados.,Nueva Revista Colombiana de Folclor (Bogota),,,,,,,,,,,,No verificado externamente,,"Salamandra, Ninoska.. (s. f.). Trajes tradicionales y los peinados.. Nueva Revista Colombiana de Folclor (Bogota)."
BIB-A-1200,Artículo,"Sanabria, Daniel.",,Folclor colombiano. Primera parte. Colombia: su geografía y su música folclórica.,"Colombia, sus Gentes y Regiones (Santafe de Bogota)",,,,,,,,,,,,No verificado externamente,,"Sanabria, Daniel.. (s. f.). Folclor colombiano. Primera parte. Colombia: su geografía y su música folclórica.. Colombia, sus Gentes y Regiones (Santafe de Bogota)."
BIB-A-1201,Artículo,"Sanabria, Daniel.",,Folclor colombiano. Segunda parte. Colombia: su geografía y su música folclórica.,"Colombia, sus Gentes y Regiones (Santafe de Bogota)",,,,,,,,,,,,No verificado externamente,,"Sanabria, Daniel.. (s. f.). Folclor colombiano. Segunda parte. Colombia: su geografía y su música folclórica.. Colombia, sus Gentes y Regiones (Santafe de Bogota)."
BIB-A-1202,Artículo,"Seña, Marcos. Vega",,Recorrido historico del Porro : de la gaita a la orquesta.,Porro y Folclor : revista cultural,,,,,,,,,,,,No verificado externamente,,"Seña, Marcos. Vega. (s. f.). Recorrido historico del Porro : de la gaita a la orquesta.. Porro y Folclor : revista cultural."
BIB-A-1203,Artículo,"T., Enrique. Mendoza",,La cultura material del fique.,Nueva Revista Colombiana de Folclor (Bogota),,,,,,,,,,,,No verificado externamente,,"T., Enrique. Mendoza. (s. f.). La cultura material del fique.. Nueva Revista Colombiana de Folclor (Bogota)."
BIB-A-1204,Artículo,"Triana, Thirza. Martínez",,Aproximaciones al estudio del folclor a la luz de la Constitución y las leyes.,Justicia,,,,,,,,,,,,No verificado externamente,,"Triana, Thirza. Martínez. (s. f.). Aproximaciones al estudio del folclor a la luz de la Constitución y las leyes.. Justicia."
BIB-A-1205,Artículo,"Ulloa, Jorge. Ruiz",,"Sombrero Suaza, de jipi-japa o iraca.",Nueva Revista Colombiana de Folclor (Bogota),,,,,,,,,,,,No verificado externamente,,"Ulloa, Jorge. Ruiz. (s. f.). Sombrero Suaza, de jipi-japa o iraca.. Nueva Revista Colombiana de Folclor (Bogota)."
BIB-A-1206,Artículo,"Usos, Y S U S",,Algunas Plantas Medicinales,Nueva Revista Colombiana de Folclor (Bogota),,,2020-01-07 00:00:00,,,,,,,,,No verificado externamente,,"Usos, Y S U S. (s. f.). Algunas Plantas Medicinales. Nueva Revista Colombiana de Folclor (Bogota)."
BIB-A-1207,Artículo,"V., Luz Mercedes. Cadavid",,"Proyeccion pedagogica, artistica y documental: Marco de referencia.",Embera; Revista del Folclor (Medellin),,,,,,,,,,,,No verificado externamente,,"V., Luz Mercedes. Cadavid. (s. f.). Proyeccion pedagogica, artistica y documental: Marco de referencia.. Embera; Revista del Folclor (Medellin)."
BIB-A-1208,Artículo,"V., Milina. Muñoz",,Juegos de salón: Penitencias. Los aguinaldos. La baraja o juego de naipes.,Revista Colombiana de Folclor (Bogota),,,,,,,,,,,,No verificado externamente,,"V., Milina. Muñoz. (s. f.). Juegos de salón: Penitencias. Los aguinaldos. La baraja o juego de naipes.. Revista Colombiana de Folclor (Bogota)."
BIB-A-1209,Artículo,"Villa, Dario. Valenzuela",,La candanga y la alfareria de Obregon.,Nueva Revista Colombiana de Folclor (Bogota),,,,,,,,,,,,No verificado externamente,,"Villa, Dario. Valenzuela. (s. f.). La candanga y la alfareria de Obregon.. Nueva Revista Colombiana de Folclor (Bogota)."
BIB-A-1210,Artículo,"Villa, Ernell.",,Interculturalidad : reflexiones para la construccion de proyectos educativos.,Revista Universidad de San Buenaventura (Medellin),,,,,,,,,,,,No verificado externamente,,"Villa, Ernell.. (s. f.). Interculturalidad : reflexiones para la construccion de proyectos educativos.. Revista Universidad de San Buenaventura (Medellin)."
BIB-A-1211,Artículo,"Villadiego, Benjamin. Puche",,El sombrero vueltiao zenú. El tejido de la caña flecha.,Nueva Revista Colombiana de Folclor (Bogota),,,,,,,,,,,,No verificado externamente,,"Villadiego, Benjamin. Puche. (s. f.). El sombrero vueltiao zenú. El tejido de la caña flecha.. Nueva Revista Colombiana de Folclor (Bogota)."
BIB-A-1212,Artículo,"Villadiego, Benjamin. Puche",,"La hicotea, totem del cultivo del maiz en el Sinu.",Embera; Revista del Folclor (Medellin),,,,,,,,,,,,No verificado externamente,,"Villadiego, Benjamin. Puche. (s. f.). La hicotea, totem del cultivo del maiz en el Sinu.. Embera; Revista del Folclor (Medellin)."
BIB-A-1213,Artículo,"Villegas, Abel. Naranjo",,Guia de la cultura antioquena.,"Progreso. Volumen Nos. 01-16, Oct. 1948-Oct. 1951",,,,,,,,,,,,No verificado externamente,,"Villegas, Abel. Naranjo. (s. f.). Guia de la cultura antioquena.. Progreso. Volumen Nos. 01-16, Oct. 1948-Oct. 1951."
BIB-A-1214,Artículo,"Yañez, Francisco. Marquez",,Informe sobre el III Festival Folclórico de Ibagué y II Congreso Nacional de Folcloristas.,Revista Colombiana de Folclor (Bogota),,,,,,,,,,,,No verificado externamente,,"Yañez, Francisco. Marquez. (s. f.). Informe sobre el III Festival Folclórico de Ibagué y II Congreso Nacional de Folcloristas.. Revista Colombiana de Folclor (Bogota)."
BIB-A-1215,Artículo,"Zuluaga, Alberto Leon. Gomez",,Pasillo fiestero.,Nueva Revista Colombiana de Folclor (Bogota),,,,,,,,,,,,No verificado externamente,,"Zuluaga, Alberto Leon. Gomez. (s. f.). Pasillo fiestero.. Nueva Revista Colombiana de Folclor (Bogota)."
BIB-A-1216,Artículo,Autor no identificado,,La religiosidad en el Choco.,Nueva Revista Colombiana de Folclor (Bogota),,,,,,,,,,,,No verificado externamente,,Autor no identificado. (s. f.). La religiosidad en el Choco.. Nueva Revista Colombiana de Folclor (Bogota).
BIB-A-1217,Artículo,Autor no identificado,,Municipios del Choco.,Nueva Revista Colombiana de Folclor (Bogota),,,,,,,,,,,,No verificado externamente,,Autor no identificado. (s. f.). Municipios del Choco.. Nueva Revista Colombiana de Folclor (Bogota).
BIB-A-1218,Artículo,Autor no identificado,,El aguabajo.,Nueva Revista Colombiana de Folclor (Bogota),,,,,,,,,,,,No verificado externamente,,Autor no identificado. (s. f.). El aguabajo.. Nueva Revista Colombiana de Folclor (Bogota).
BIB-A-1219,Artículo,Autor no identificado,,Mineria.,Nueva Revista Colombiana de Folclor (Bogota),,,,,,,,,,,,No verificado externamente,,Autor no identificado. (s. f.). Mineria.. Nueva Revista Colombiana de Folclor (Bogota).
BIB-A-1220,Artículo,Autor no identificado,,La bailarina eterna.,Semana. (Bogotá),,,,,,,,,,,,No verificado externamente,,Autor no identificado. (s. f.). La bailarina eterna.. Semana. (Bogotá).
BIB-A-1221,Artículo,Autor no identificado,,Madolia DeDiego Parra.,Nueva Revista Colombiana de Folclor (Bogota),,,,,,,,,,,,No verificado externamente,,Autor no identificado. (s. f.). Madolia DeDiego Parra.. Nueva Revista Colombiana de Folclor (Bogota).
BIB-A-1222,Artículo,Autor no identificado,,Acuerdo 006 de 1982 (Mayo 28).,Nueva Revista Colombiana de Folclor (Bogota),,,,,,,,,,,,No verificado externamente,,Autor no identificado. (s. f.). Acuerdo 006 de 1982 (Mayo 28).. Nueva Revista Colombiana de Folclor (Bogota).
BIB-A-1223,Artículo,Autor no identificado,,Mitos y leyendas del pueblo (Pueblorrico).,Distritos (Medellin),,,,,,,,,,,,No verificado externamente,,Autor no identificado. (s. f.). Mitos y leyendas del pueblo (Pueblorrico).. Distritos (Medellin).
BIB-A-1224,Artículo,Autor no identificado,,Los municipios del departamento de Antioquia.,Nueva Revista Colombiana de Folclor (Bogota),,,,,,,,,,,,No verificado externamente,,Autor no identificado. (s. f.). Los municipios del departamento de Antioquia.. Nueva Revista Colombiana de Folclor (Bogota).
BIB-A-1225,Artículo,Autor no identificado,,"Las danzas, cantos y ritmos de la Costa Atlántica [de Colombia].",Folclor y los bailes tipicos colombianos.,,,,,,,,,,,,No verificado externamente,,"Autor no identificado. (s. f.). Las danzas, cantos y ritmos de la Costa Atlántica [de Colombia].. Folclor y los bailes tipicos colombianos.."
BIB-A-1226,Artículo,Autor no identificado,,Centro de Documentación y Banco de Datos sobre Folclor Colombiano.,Nueva Revista Colombiana de Folclor (Bogota),,,,,,,,,,,,No verificado externamente,,Autor no identificado. (s. f.). Centro de Documentación y Banco de Datos sobre Folclor Colombiano.. Nueva Revista Colombiana de Folclor (Bogota).
BIB-A-1227,Artículo,Autor no identificado,,Banco Nacional de datos sobre el folclor y materias afines.,Nueva Revista Colombiana de Folclor (Bogota),,,,,,,,,,,,No verificado externamente,,Autor no identificado. (s. f.). Banco Nacional de datos sobre el folclor y materias afines.. Nueva Revista Colombiana de Folclor (Bogota).
BIB-A-1228,Artículo,Autor no identificado,,"Las danzas, cantos y ritmos de la Región Andina [de Colombia].",Folclor y los bailes tipicos colombianos.,,,,,,,,,,,,No verificado externamente,,"Autor no identificado. (s. f.). Las danzas, cantos y ritmos de la Región Andina [de Colombia].. Folclor y los bailes tipicos colombianos.."
BIB-A-1229,Artículo,Autor no identificado,,Banco de datos sobre folclor y materias afines.,Nueva Revista Colombiana de Folclor (Bogota),,,,,,,,,,,,No verificado externamente,,Autor no identificado. (s. f.). Banco de datos sobre folclor y materias afines.. Nueva Revista Colombiana de Folclor (Bogota).
BIB-C-0001,Libro,"Zuleta, José (ed.)",2019,"Mito, tradición oral, historia y literatura del Pacífico colombiano. Antología",GEUP Colombia; Gobernación del Valle del Cauca,,,,Cali,,https://www.icesi.edu.co/editorial/mito-tradicion-oral-historia-y-literatura/,978-958-5415-36-2,,Pacífico colombiano,mito; tradición oral; historia; literatura; antología,Español,Verificado,Complemento posterior a 2018; ficha oficial de la editorial.,"Zuleta, José (ed.). (2019). Mito, tradición oral, historia y literatura del Pacífico colombiano. Antología. GEUP Colombia; Gobernación del Valle del Cauca. https://www.icesi.edu.co/editorial/mito-tradicion-oral-historia-y-literatura/"
BIB-C-0002,Libro,"Revelo Hurtado, Baudilio",2020,Acércate a las brasas para ver lo que dices. Refranes y expresiones de la oralidad del Pacífico colombiano,GEUP Colombia,,,,Cali,,https://www.icesi.edu.co/editorial/oralidad-del-pacifico-colombiano/,978-958-8687-96-4,,Pacífico colombiano,refranes; expresiones; oralidad,Español,Verificado con observación,La ficha editorial presenta una inconsistencia interna de autoría; confirmar contra el ejemplar o catálogo bibliotecario.,"Revelo Hurtado, Baudilio. (2020). Acércate a las brasas para ver lo que dices. Refranes y expresiones de la oralidad del Pacífico colombiano. GEUP Colombia. https://www.icesi.edu.co/editorial/oralidad-del-pacifico-colombiano/"
BIB-C-0003,Libro,"Murillo, Mercy; Murillo, María",2022,Del Pío Pío y otros misterios,Ministerio de Educación Nacional; CERLALC,,,,Bogotá,,https://www.colombiaaprende.edu.co/sites/default/files/files_public/2022-10/Del%20p%C3%ADo%20p%C3%ADo%20y%20otros%20misterios_Comunidad%20afrodescendiente%20de%20Isla%20Mono.pdf,978-958-785-386-5 (impreso); 978-958-785-387-2 (digital),,"Isla Mono, Chocó",mitos; leyendas; comunidad afrodescendiente,Español,Verificado,Colección Territorios Narrados. Derechos reservados; usar inicialmente como fuente bibliográfica.,"Murillo, Mercy; Murillo, María. (2022). Del Pío Pío y otros misterios. Ministerio de Educación Nacional; CERLALC. https://www.colombiaaprende.edu.co/sites/default/files/files_public/2022-10/Del%20p%C3%ADo%20p%C3%ADo%20y%20otros%20misterios_Comunidad%20afrodescendiente%20de%20Isla%20Mono.pdf"
BIB-C-0004,Libro,"Institución Educativa Indígena Unuma, resguardos Awariba y Domoplanas",2015,Sikuani pe-liwaisianü: Relatos de la tradición sikuani,Ministerio de Educación Nacional,,,,Bogotá,,https://colombiaaprende.edu.co/sites/default/files/files_public/plan-lectura-2021/territorios-narrados-parte-2/Sikuani_pe-liwaisianu__Relatos_del_pueblo_sikuani.pdf,978-958-691-683-7,,Meta; pueblo sikuani,relatos tradicionales; educación propia,Sikuani y español,Verificado,Complemento retrospectivo ausente en la base original; contiene diez relatos identificados.,"Institución Educativa Indígena Unuma, resguardos Awariba y Domoplanas. (2015). Sikuani pe-liwaisianü: Relatos de la tradición sikuani. Ministerio de Educación Nacional. https://colombiaaprende.edu.co/sites/default/files/files_public/plan-lectura-2021/territorios-narrados-parte-2/Sikuani_pe-liwaisianu__Relatos_del_pueblo_sikuani.pdf"
BIB-C-0005,Libro,Fundación para el Desarrollo de los Pueblos Marginados,2014,Mé ynetachako = La historia del dueño del maíz,Ministerio de Educación Nacional,,,,Bogotá,,https://www.colombiaaprende.edu.co/sites/default/files/files_public/plan-lectura-2021/territorios-narrados-parte-2/Me_ynetachako_La_historia_del_dueno_del_maiz.pdf,978-958-691-607-3,,Serranía del Perijá; pueblo yukpa,relato tradicional; maíz; educación propia,Yukpa y español,Verificado,Complemento retrospectivo ausente en la base original; revisar protocolos comunitarios antes de reutilizar el texto.,Fundación para el Desarrollo de los Pueblos Marginados. (2014). Mé ynetachako = La historia del dueño del maíz. Ministerio de Educación Nacional. https://www.colombiaaprende.edu.co/sites/default/files/files_public/plan-lectura-2021/territorios-narrados-parte-2/Me_ynetachako_La_historia_del_dueno_del_maiz.pdf
BIB-C-0006,Artículo,"Estévez Lizarazo, Jaqueline; Rueda Pimiento, Oscar Eduardo; Bohórquez-Pereira, Giovanni",2019,"Mitos, cuentos de espantos y leyendas: tradición oral en el municipio del Socorro, Colombia",Sociedade e Cultura,22,2,106–123,,,https://revistas.ufg.br/fcs/article/download/58980/33778/263903,,,"Socorro, Santander",mitos; cuentos de espantos; leyendas,,Verificado,,"Estévez Lizarazo, Jaqueline; Rueda Pimiento, Oscar Eduardo; Bohórquez-Pereira, Giovanni. (2019). Mitos, cuentos de espantos y leyendas: tradición oral en el municipio del Socorro, Colombia. Sociedade e Cultura. https://revistas.ufg.br/fcs/article/download/58980/33778/263903"
BIB-C-0007,Artículo,"Amú Casarán, María Shirley; Pérez Padrón, María Caridad",2019,"La tradición oral colombiana, su inclusión en el currículo de la Educación Básica Primaria",Revista Conrado,15,66,71–76,,,https://conrado.ucf.edu.cu/index.php/conrado/article/view/881,,,Colombia,tradición oral; currículo; educación,,Verificado,,"Amú Casarán, María Shirley; Pérez Padrón, María Caridad. (2019). La tradición oral colombiana, su inclusión en el currículo de la Educación Básica Primaria. Revista Conrado. https://conrado.ucf.edu.cu/index.php/conrado/article/view/881"
BIB-C-0008,Artículo,"Garzón, María Angélica; Bernal, Diana Marcela",2020,Brujas y apariciones en la Cuchilla de la Buenavista: otras formas de recordar el conflicto,Revista de Estudios Colombianos,,56,66–75,,10.53556/rec.v56i0.120,https://doi.org/10.53556/rec.v56i0.120,,,"Cuchilla de la Buenavista, Colombia",leyendas; memoria; conflicto,,Verificado,,"Garzón, María Angélica; Bernal, Diana Marcela. (2020). Brujas y apariciones en la Cuchilla de la Buenavista: otras formas de recordar el conflicto. Revista de Estudios Colombianos. https://doi.org/10.53556/rec.v56i0.120"
BIB-C-0009,Artículo,"Ávalos, Édison Duván",2020,Los narradores de la tradición oral: el don impuesto por los seres del otro mundo,Jangwa Pana,19,2,297–312,,10.21676/16574923.3476,https://doi.org/10.21676/16574923.3476,,,"Carchi, Ecuador",narradores; tradición oral; marco comparativo,,Verificado,,"Ávalos, Édison Duván. (2020). Los narradores de la tradición oral: el don impuesto por los seres del otro mundo. Jangwa Pana. https://doi.org/10.21676/16574923.3476"
BIB-C-0010,Artículo,"Freja de la Hoz, Adrián Farid",2021,Literatura tradicional en Colombia: entre el folclor y el olvido,Estudios de Literatura Colombiana,,49,155–174,,10.17533/udea.elc.n49a09,https://doi.org/10.17533/udea.elc.n49a09,,,Colombia,literatura tradicional; folclor; canon,,Verificado,,"Freja de la Hoz, Adrián Farid. (2021). Literatura tradicional en Colombia: entre el folclor y el olvido. Estudios de Literatura Colombiana. https://doi.org/10.17533/udea.elc.n49a09"
BIB-C-0011,Artículo,"Becerra Lagos, José Inocencio; Becerra Mayorga, Witton",2021,Llorona de agua y duende de aire: el cronotopo en la narrativa plural de dos leyendas colombianas,Estudios de Literatura Colombiana,,49,137–153,,10.17533/udea.elc.n49a08,https://doi.org/10.17533/udea.elc.n49a08,,,Colombia,leyendas; cronotopo; Llorona; duende,,Verificado,,"Becerra Lagos, José Inocencio; Becerra Mayorga, Witton. (2021). Llorona de agua y duende de aire: el cronotopo en la narrativa plural de dos leyendas colombianas. Estudios de Literatura Colombiana. https://doi.org/10.17533/udea.elc.n49a08"
BIB-C-0012,Artículo,"Pinto García, Leydi Johanna",2021,La literatura oral del pueblo Kaggaba: acercamiento hermenéutico y etnográfico al mito de la creación y otros relatos,Bordes. Revista de Estudios Culturales,,21,71–92,,,https://erevistas.saber.ula.ve/index.php/bordes/article/view/17387/0,,,Sierra Nevada de Santa Marta; pueblo Kaggaba,mito; hermenéutica; etnografía,,Verificado,,"Pinto García, Leydi Johanna. (2021). La literatura oral del pueblo Kaggaba: acercamiento hermenéutico y etnográfico al mito de la creación y otros relatos. Bordes. Revista de Estudios Culturales. https://erevistas.saber.ula.ve/index.php/bordes/article/view/17387/0"
BIB-C-0013,Artículo,"Vivas-Banguera, Julián; Amim, Valéria",2021,"La poesía como lugar de memoria afropacífica en Los versos de la Margarita, de Margarita Hurtado Castillo",La Palabra,,41,1–20,,10.19053/01218530.n41.2021.13643,https://doi.org/10.19053/01218530.n41.2021.13643,,,Pacífico colombiano,poesía oral; memoria; afropacífico,,Verificado,,"Vivas-Banguera, Julián; Amim, Valéria. (2021). La poesía como lugar de memoria afropacífica en Los versos de la Margarita, de Margarita Hurtado Castillo. La Palabra. https://doi.org/10.19053/01218530.n41.2021.13643"
BIB-C-0014,Artículo,"Niño Vargas, Juan Camilo",2022,El motivo del gran árbol en las tradiciones chibchas,"Literatura: teoría, historia, crítica",24,2,87–112,,10.15446/lthc.v24n2.102090,https://doi.org/10.15446/lthc.v24n2.102090,,,Territorios chibchas,mito; motivo; gran árbol,,Verificado,,"Niño Vargas, Juan Camilo. (2022). El motivo del gran árbol en las tradiciones chibchas. Literatura: teoría, historia, crítica. https://doi.org/10.15446/lthc.v24n2.102090"
BIB-C-0015,Artículo,"Fernández Fernández, Jakeline; Vaca Pardo, Laura Natalia; Astaiza Bravo, Franci Yorline",2022,Recuperación de historias de origen y tradición oral: estrategia para fortalecer la lectura y la escritura,Análisis,54,101,,,10.15332/21459169.7504,https://doi.org/10.15332/21459169.7504,,,Colombia,historias de origen; lectura; escritura,,Verificado,,"Fernández Fernández, Jakeline; Vaca Pardo, Laura Natalia; Astaiza Bravo, Franci Yorline. (2022). Recuperación de historias de origen y tradición oral: estrategia para fortalecer la lectura y la escritura. Análisis. https://doi.org/10.15332/21459169.7504"
BIB-C-0016,Artículo,"Chindoy Chindoy, Juan Alejandro",2022,La fundamentación de los deberes morales y jurídicos desde un punto de vista indígena: el caso de dos comunidades indígenas de Colombia,Jurídicas,19,1,133–147,,,https://dialnet.unirioja.es/servlet/articulo?codigo=8561758,,,Colombia; comunidades indígenas,tradición; deberes; derecho indígena,,Verificado,,"Chindoy Chindoy, Juan Alejandro. (2022). La fundamentación de los deberes morales y jurídicos desde un punto de vista indígena: el caso de dos comunidades indígenas de Colombia. Jurídicas. https://dialnet.unirioja.es/servlet/articulo?codigo=8561758"
BIB-C-0017,Artículo,"Guerrero Rivera, Javier; Guzmán Chaves, Juan Pablo",2023,Oraliteratura del sur del Tolima como literatura de frontera: más allá de la colonialidad epistémica,La Palabra,,45,e14156; 1–17,,10.19053/01218530.n45.2023.14156,https://doi.org/10.19053/01218530.n45.2023.14156,,,Sur del Tolima,oraliteratura; frontera; colonialidad,,Verificado,,"Guerrero Rivera, Javier; Guzmán Chaves, Juan Pablo. (2023). Oraliteratura del sur del Tolima como literatura de frontera: más allá de la colonialidad epistémica. La Palabra. https://doi.org/10.19053/01218530.n45.2023.14156"
BIB-C-0018,Artículo,"Rodríguez Valderrama, Jony Alexander; Becerra Mayorga, Witton",2023,Seres protectores y sentido de arraigo: una lectura ecocrítica de leyendas boyacenses vistas desde la oralidad,Estudios de Literatura Colombiana,,53,153–171,,10.17533/udea.elc.352091,https://doi.org/10.17533/udea.elc.352091,,,Boyacá,leyendas; ecocrítica; arraigo,,Verificado,,"Rodríguez Valderrama, Jony Alexander; Becerra Mayorga, Witton. (2023). Seres protectores y sentido de arraigo: una lectura ecocrítica de leyendas boyacenses vistas desde la oralidad. Estudios de Literatura Colombiana. https://doi.org/10.17533/udea.elc.352091"
BIB-C-0019,Artículo,"Cabrera Muñoz, John J.; Escobar Martínez, Leidy Y.; Pismag Obando, Luz D.",2023,La tradición oral como lazo transversal para resignificar y comunicar,Revista Historia de la Educación Colombiana,30,30–31,99–119,,10.22267/rhec.233030.113,https://doi.org/10.22267/rhec.233030.113,,,Colombia,tradición oral; educación; comunicación,,Verificado,,"Cabrera Muñoz, John J.; Escobar Martínez, Leidy Y.; Pismag Obando, Luz D.. (2023). La tradición oral como lazo transversal para resignificar y comunicar. Revista Historia de la Educación Colombiana. https://doi.org/10.22267/rhec.233030.113"
BIB-C-0020,Artículo,"Baron Triana, Diany Katerine; Vargas Parrado, Ingrith Lorena; Rodríguez Rodríguez, Mónica del Pilar; Triana Riveros, Jorge Luis",2023,"Mitos y leyendas: difusión del conocimiento ancestral en los jóvenes achaguas del resguardo Umapo, vereda Pueblo Nuevo, municipio de Puerto López, Colombia",Análisis,55,102,,,10.15332/21459169.7851,https://doi.org/10.15332/21459169.7851,,,"Puerto López, Meta; pueblo achagua",mitos; leyendas; conocimiento ancestral,,Verificado,,"Baron Triana, Diany Katerine; Vargas Parrado, Ingrith Lorena; Rodríguez Rodríguez, Mónica del Pilar; Triana Riveros, Jorge Luis. (2023). Mitos y leyendas: difusión del conocimiento ancestral en los jóvenes achaguas del resguardo Umapo, vereda Pueblo Nuevo, municipio de Puerto López, Colombia. Análisis. https://doi.org/10.15332/21459169.7851"
BIB-C-0021,Artículo,"Ponce-Naranjo, Genoveva; Villanueva Roa, Juan de Dios",2023,"Educación inclusiva, justicia social y literatura de tradición oral",Escritos,31,66,68–80,,10.18566/escr.v31n66.a05,https://doi.org/10.18566/escr.v31n66.a05,,,Marco iberoamericano,educación inclusiva; justicia social; tradición oral,,Verificado,,"Ponce-Naranjo, Genoveva; Villanueva Roa, Juan de Dios. (2023). Educación inclusiva, justicia social y literatura de tradición oral. Escritos. https://doi.org/10.18566/escr.v31n66.a05"
BIB-C-0022,Artículo,"Belalcázar-Granda, Adriana Fernanda",2024,Rutas Mágicas: tradición oral y experiencias STEAM en la primera infancia,Educación y Educadores,27,2,e2724,,10.5294/edu.2024.27.2.4,https://doi.org/10.5294/edu.2024.27.2.4,,,Colombia,tradición oral; STEAM; primera infancia,,Verificado con observación,La citación visible en algunas interfaces muestra 2025; se conserva 2024 por volumen 27(2) y DOI.,"Belalcázar-Granda, Adriana Fernanda. (2024). Rutas Mágicas: tradición oral y experiencias STEAM en la primera infancia. Educación y Educadores. https://doi.org/10.5294/edu.2024.27.2.4"
BIB-C-0023,Artículo,"Rodríguez Valderrama, Jony Alexander",2025,Pensar y resistir el territorio: sabiduría ancestral y puesta poética de la naturaleza en los cantos del pueblo u'wa,La Palabra,,51,e19360,,10.19053/uptc.01218530.n51.2025.19360,https://doi.org/10.19053/uptc.01218530.n51.2025.19360,,,Territorio u'wa,cantos; territorio; sabiduría ancestral,,Verificado,,"Rodríguez Valderrama, Jony Alexander. (2025). Pensar y resistir el territorio: sabiduría ancestral y puesta poética de la naturaleza en los cantos del pueblo u'wa. La Palabra. https://doi.org/10.19053/uptc.01218530.n51.2025.19360"
BIB-C-0024,Artículo,"Guarín, Daniel",2025,A Methodological Route for Teaching Vocabulary in Spanish as a Foreign Language Using Oral Tradition Stories: The Witches of La Jagua and Colombia’s Linguistic and Cultural Diversity,Education Sciences,15,8,949,,10.3390/educsci15080949,https://doi.org/10.3390/educsci15080949,,,"La Jagua, Colombia",leyendas; enseñanza de español; diversidad lingüística,,Verificado,,"Guarín, Daniel. (2025). A Methodological Route for Teaching Vocabulary in Spanish as a Foreign Language Using Oral Tradition Stories: The Witches of La Jagua and Colombia’s Linguistic and Cultural Diversity. Education Sciences. https://doi.org/10.3390/educsci15080949"
